ISO-10303-21;
HEADER;
FILE_DESCRIPTION(('STEP AP214'),
    '1');
FILE_NAME('ground',
    '',
    ('UNSPECIFIED'),
    ('UNSPECIFIED'),
    'ASCON STEP Converter 1.3',
    'ASCON Math Kernel',
    '');
FILE_SCHEMA(('AUTOMOTIVE_DESIGN { 1 0 10303 214 3 1 1}'));
ENDSEC;

DATA;
#1=SHAPE_REPRESENTATION('NONE',(#2),#6);
#2=AXIS2_PLACEMENT_3D('',#3,#4,#5);
#3=CARTESIAN_POINT('',(0.,0.,0.));
#4=DIRECTION('',(0.,0.,1.));
#5=DIRECTION('',(1.,0.,0.));
#6=(GEOMETRIC_REPRESENTATION_CONTEXT(3)GLOBAL_UNCERTAINTY_ASSIGNED_CONTEXT((#8))
GLOBAL_UNIT_ASSIGNED_CONTEXT((#7,#9,#10))REPRESENTATION_CONTEXT('NONE','NONE'));
#7=(LENGTH_UNIT()NAMED_UNIT(*)SI_UNIT(.MILLI.,.METRE.));
#8=UNCERTAINTY_MEASURE_WITH_UNIT(LENGTH_MEASURE(1.E-005),#7,'NONE','NONE');
#9=(NAMED_UNIT(*)PLANE_ANGLE_UNIT()SI_UNIT($,.RADIAN.));
#10=(NAMED_UNIT(*)SI_UNIT($,.STERADIAN.)SOLID_ANGLE_UNIT());
#11=SHAPE_DEFINITION_REPRESENTATION(#12,#1);
#12=PRODUCT_DEFINITION_SHAPE('NONE','NONE',#13);
#13=PRODUCT_DEFINITION('','UNSPECIFIED',#14,#22);
#14=PRODUCT_DEFINITION_FORMATION_WITH_SPECIFIED_SOURCE('ANY','UNSPECIFIED',#15,.NOT_KNOWN.);
#15=PRODUCT('','??????','NONE',(#25));
#16=PERSON('UNSPECIFIED','German','UNSPECIFIED',('UNSPECIFIED'),('UNSPECIFIED'),
('UNSPECIFIED'));
#17=ORGANIZATION('UNSPECIFIED','Student','UNSPECIFIED');
#18=PERSON_AND_ORGANIZATION(#16,#17);
#19=PERSON_AND_ORGANIZATION_ROLE('design_owner');
#20=CC_DESIGN_PERSON_AND_ORGANIZATION_ASSIGNMENT(#18,#19,(#15));
#21=PRODUCT_RELATED_PRODUCT_CATEGORY('detail','',(#15));
#22=DESIGN_CONTEXT('detailed design',#23,'design');
#23=APPLICATION_CONTEXT('configuration controlled 3d designs of mechanical parts and assemblies');
#24=APPLICATION_PROTOCOL_DEFINITION('international standard','automotive_design',
2011,#23);
#25=MECHANICAL_CONTEXT('NONE',#23,'mechanical');
#26=CC_DESIGN_DATE_AND_TIME_ASSIGNMENT(#27,#31,(#13));
#27=DATE_AND_TIME(#28,#29);
#28=CALENDAR_DATE(0,1,1);
#29=LOCAL_TIME(0,0,0.,#30);
#30=COORDINATED_UNIVERSAL_TIME_OFFSET(0,0,.AHEAD.);
#31=DATE_TIME_ROLE('creation_date');
#32=CC_DESIGN_APPROVAL(#33,(#13));
#33=APPROVAL(#34,'UNSPECIFIED');
#34=APPROVAL_STATUS('not_yet_approved');
#35=APPROVAL_DATE_TIME(#36,#33);
#36=DATE_AND_TIME(#37,#38);
#37=CALENDAR_DATE(0,1,1);
#38=LOCAL_TIME(0,0,0.,#39);
#39=COORDINATED_UNIVERSAL_TIME_OFFSET(0,0,.AHEAD.);
#40=DERIVED_UNIT((#44,#41));
#41=DERIVED_UNIT_ELEMENT(#42,-1.);
#42=VOLUME_UNIT(#43);
#43=DIMENSIONAL_EXPONENTS(3.,0.,0.,0.,0.,0.,0.);
#44=(NAMED_UNIT($)MASS_UNIT()SI_UNIT($,.GRAM.));
#45=MANIFOLD_SOLID_BREP('',#46);
#46=CLOSED_SHELL('',(#58,#67,#76,#85,#94,#103,#112,#121,#130,#139,#148,#157,#166));
#47=COLOUR_RGB($,0.466666666666667,0.466666666666667,0.);
#48=FILL_AREA_STYLE_COLOUR($,#47);
#49=FILL_AREA_STYLE($,(#48));
#50=SURFACE_STYLE_FILL_AREA(#49);
#51=SURFACE_SIDE_STYLE('',(#50));
#52=SURFACE_STYLE_USAGE(.BOTH.,#51);
#53=PRESENTATION_STYLE_ASSIGNMENT((#52));
#54=MECHANICAL_DESIGN_GEOMETRIC_PRESENTATION_REPRESENTATION('NONE',(#55,#66,#75,
#84,#93,#102,#111,#120,#129,#138,#147,#156,#165,#174),#6);
#55=STYLED_ITEM('',(#53),#45);
#56=ADVANCED_BREP_SHAPE_REPRESENTATION('NONE',(#45),#6);
#57=SHAPE_REPRESENTATION_RELATIONSHIP('','',#1,#56);
#58=ADVANCED_FACE('',(#175,#177),#179,.T.);
#59=COLOUR_RGB($,0.466666666666667,0.466666666666667,0.);
#60=FILL_AREA_STYLE_COLOUR($,#59);
#61=FILL_AREA_STYLE($,(#60));
#62=SURFACE_STYLE_FILL_AREA(#61);
#63=SURFACE_SIDE_STYLE('',(#62));
#64=SURFACE_STYLE_USAGE(.BOTH.,#63);
#65=PRESENTATION_STYLE_ASSIGNMENT((#64));
#66=STYLED_ITEM('',(#65),#58);
#67=ADVANCED_FACE('',(#184),#186,.F.);
#68=COLOUR_RGB($,0.466666666666667,0.466666666666667,0.);
#69=FILL_AREA_STYLE_COLOUR($,#68);
#70=FILL_AREA_STYLE($,(#69));
#71=SURFACE_STYLE_FILL_AREA(#70);
#72=SURFACE_SIDE_STYLE('',(#71));
#73=SURFACE_STYLE_USAGE(.BOTH.,#72);
#74=PRESENTATION_STYLE_ASSIGNMENT((#73));
#75=STYLED_ITEM('',(#74),#67);
#76=ADVANCED_FACE('',(#190),#192,.F.);
#77=COLOUR_RGB($,0.466666666666667,0.466666666666667,0.);
#78=FILL_AREA_STYLE_COLOUR($,#77);
#79=FILL_AREA_STYLE($,(#78));
#80=SURFACE_STYLE_FILL_AREA(#79);
#81=SURFACE_SIDE_STYLE('',(#80));
#82=SURFACE_STYLE_USAGE(.BOTH.,#81);
#83=PRESENTATION_STYLE_ASSIGNMENT((#82));
#84=STYLED_ITEM('',(#83),#76);
#85=ADVANCED_FACE('',(#196),#198,.F.);
#86=COLOUR_RGB($,0.466666666666667,0.466666666666667,0.);
#87=FILL_AREA_STYLE_COLOUR($,#86);
#88=FILL_AREA_STYLE($,(#87));
#89=SURFACE_STYLE_FILL_AREA(#88);
#90=SURFACE_SIDE_STYLE('',(#89));
#91=SURFACE_STYLE_USAGE(.BOTH.,#90);
#92=PRESENTATION_STYLE_ASSIGNMENT((#91));
#93=STYLED_ITEM('',(#92),#85);
#94=ADVANCED_FACE('',(#203),#205,.T.);
#95=COLOUR_RGB($,0.466666666666667,0.466666666666667,0.);
#96=FILL_AREA_STYLE_COLOUR($,#95);
#97=FILL_AREA_STYLE($,(#96));
#98=SURFACE_STYLE_FILL_AREA(#97);
#99=SURFACE_SIDE_STYLE('',(#98));
#100=SURFACE_STYLE_USAGE(.BOTH.,#99);
#101=PRESENTATION_STYLE_ASSIGNMENT((#100));
#102=STYLED_ITEM('',(#101),#94);
#103=ADVANCED_FACE('',(#210),#212,.T.);
#104=COLOUR_RGB($,0.466666666666667,0.466666666666667,0.);
#105=FILL_AREA_STYLE_COLOUR($,#104);
#106=FILL_AREA_STYLE($,(#105));
#107=SURFACE_STYLE_FILL_AREA(#106);
#108=SURFACE_SIDE_STYLE('',(#107));
#109=SURFACE_STYLE_USAGE(.BOTH.,#108);
#110=PRESENTATION_STYLE_ASSIGNMENT((#109));
#111=STYLED_ITEM('',(#110),#103);
#112=ADVANCED_FACE('',(#217),#219,.T.);
#113=COLOUR_RGB($,0.466666666666667,0.466666666666667,0.);
#114=FILL_AREA_STYLE_COLOUR($,#113);
#115=FILL_AREA_STYLE($,(#114));
#116=SURFACE_STYLE_FILL_AREA(#115);
#117=SURFACE_SIDE_STYLE('',(#116));
#118=SURFACE_STYLE_USAGE(.BOTH.,#117);
#119=PRESENTATION_STYLE_ASSIGNMENT((#118));
#120=STYLED_ITEM('',(#119),#112);
#121=ADVANCED_FACE('',(#224),#226,.T.);
#122=COLOUR_RGB($,0.466666666666667,0.466666666666667,0.);
#123=FILL_AREA_STYLE_COLOUR($,#122);
#124=FILL_AREA_STYLE($,(#123));
#125=SURFACE_STYLE_FILL_AREA(#124);
#126=SURFACE_SIDE_STYLE('',(#125));
#127=SURFACE_STYLE_USAGE(.BOTH.,#126);
#128=PRESENTATION_STYLE_ASSIGNMENT((#127));
#129=STYLED_ITEM('',(#128),#121);
#130=ADVANCED_FACE('',(#231),#233,.T.);
#131=COLOUR_RGB($,0.466666666666667,0.466666666666667,0.);
#132=FILL_AREA_STYLE_COLOUR($,#131);
#133=FILL_AREA_STYLE($,(#132));
#134=SURFACE_STYLE_FILL_AREA(#133);
#135=SURFACE_SIDE_STYLE('',(#134));
#136=SURFACE_STYLE_USAGE(.BOTH.,#135);
#137=PRESENTATION_STYLE_ASSIGNMENT((#136));
#138=STYLED_ITEM('',(#137),#130);
#139=ADVANCED_FACE('',(#238),#240,.T.);
#140=COLOUR_RGB($,0.466666666666667,0.466666666666667,0.);
#141=FILL_AREA_STYLE_COLOUR($,#140);
#142=FILL_AREA_STYLE($,(#141));
#143=SURFACE_STYLE_FILL_AREA(#142);
#144=SURFACE_SIDE_STYLE('',(#143));
#145=SURFACE_STYLE_USAGE(.BOTH.,#144);
#146=PRESENTATION_STYLE_ASSIGNMENT((#145));
#147=STYLED_ITEM('',(#146),#139);
#148=ADVANCED_FACE('',(#541),#543,.T.);
#149=COLOUR_RGB($,0.466666666666667,0.466666666666667,0.);
#150=FILL_AREA_STYLE_COLOUR($,#149);
#151=FILL_AREA_STYLE($,(#150));
#152=SURFACE_STYLE_FILL_AREA(#151);
#153=SURFACE_SIDE_STYLE('',(#152));
#154=SURFACE_STYLE_USAGE(.BOTH.,#153);
#155=PRESENTATION_STYLE_ASSIGNMENT((#154));
#156=STYLED_ITEM('',(#155),#148);
#157=ADVANCED_FACE('',(#760),#762,.T.);
#158=COLOUR_RGB($,0.466666666666667,0.466666666666667,0.);
#159=FILL_AREA_STYLE_COLOUR($,#158);
#160=FILL_AREA_STYLE($,(#159));
#161=SURFACE_STYLE_FILL_AREA(#160);
#162=SURFACE_SIDE_STYLE('',(#161));
#163=SURFACE_STYLE_USAGE(.BOTH.,#162);
#164=PRESENTATION_STYLE_ASSIGNMENT((#163));
#165=STYLED_ITEM('',(#164),#157);
#166=ADVANCED_FACE('',(#1120),#1122,.T.);
#167=COLOUR_RGB($,0.466666666666667,0.466666666666667,0.);
#168=FILL_AREA_STYLE_COLOUR($,#167);
#169=FILL_AREA_STYLE($,(#168));
#170=SURFACE_STYLE_FILL_AREA(#169);
#171=SURFACE_SIDE_STYLE('',(#170));
#172=SURFACE_STYLE_USAGE(.BOTH.,#171);
#173=PRESENTATION_STYLE_ASSIGNMENT((#172));
#174=STYLED_ITEM('',(#173),#166);
#175=FACE_BOUND('',#176,.T.);
#176=EDGE_LOOP('',(#1396,#1397,#1398,#1399));
#177=FACE_BOUND('',#178,.T.);
#178=EDGE_LOOP('',(#1400,#1401));
#179=PLANE('',#180);
#180=AXIS2_PLACEMENT_3D('',#181,#182,#183);
#181=CARTESIAN_POINT('',(4.E004,0.,0.));
#182=DIRECTION('',(0.,1.,-0.));
#183=DIRECTION('',(-1.,0.,0.));
#184=FACE_BOUND('',#185,.T.);
#185=EDGE_LOOP('',(#1402,#1403,#1404,#1405));
#186=SURFACE_OF_LINEAR_EXTRUSION('',#187,#188);
#187=B_SPLINE_CURVE_WITH_KNOTS('',3,
(#1406,#1407,#1408,#1409,#1410,#1411,#1412,#1413,#1414,#1415,#1416,#1417),
.UNSPECIFIED.,.F.,.F.,
(4,1,1,1,1,1,1,1,1,4),
(0.,0.0125397523832003,0.128319470308141,0.247238001723498,0.371282502118243,0.485291656584929,
0.602480740178647,0.709075509639984,0.805766879388738,1.),
.UNSPECIFIED.);
#188=VECTOR('',#189,500.);
#189=DIRECTION('',(0.,1.,0.));
#190=FACE_BOUND('',#191,.T.);
#191=EDGE_LOOP('',(#1418,#1419,#1420,#1421));
#192=SURFACE_OF_LINEAR_EXTRUSION('',#193,#194);
#193=B_SPLINE_CURVE_WITH_KNOTS('',3,
(#1422,#1423,#1424,#1425,#1426,#1427,#1428,#1429,#1430,#1431,#1432,#1433),
.UNSPECIFIED.,.F.,.F.,
(4,1,1,1,1,1,1,1,1,4),
(0.,0.217000024981834,0.307840673712282,0.392223163713478,0.491665870919225,0.60029880407834,
0.708883052265972,0.810313679881883,0.907928753307482,1.),
.UNSPECIFIED.);
#194=VECTOR('',#195,500.);
#195=DIRECTION('',(0.,1.,0.));
#196=FACE_BOUND('',#197,.T.);
#197=EDGE_LOOP('',(#1434,#1435,#1436,#1437));
#198=PLANE('',#199);
#199=AXIS2_PLACEMENT_3D('',#200,#201,#202);
#200=CARTESIAN_POINT('',(0.,0.,0.));
#201=DIRECTION('',(0.,0.,1.));
#202=DIRECTION('',(1.,0.,0.));
#203=FACE_BOUND('',#204,.T.);
#204=EDGE_LOOP('',(#1438,#1439,#1440,#1441));
#205=PLANE('',#206);
#206=AXIS2_PLACEMENT_3D('',#207,#208,#209);
#207=CARTESIAN_POINT('',(0.,0.,0.));
#208=DIRECTION('',(-1.,2.09613797329648E-016,0.));
#209=DIRECTION('',(-2.09613797329648E-016,-1.,0.));
#210=FACE_BOUND('',#211,.T.);
#211=EDGE_LOOP('',(#1442,#1443,#1444,#1445));
#212=PLANE('',#213);
#213=AXIS2_PLACEMENT_3D('',#214,#215,#216);
#214=CARTESIAN_POINT('',(0.,0.,4.E004));
#215=DIRECTION('',(0.,0.,1.));
#216=DIRECTION('',(1.,0.,0.));
#217=FACE_BOUND('',#218,.T.);
#218=EDGE_LOOP('',(#1446,#1447,#1448,#1449));
#219=PLANE('',#220);
#220=AXIS2_PLACEMENT_3D('',#221,#222,#223);
#221=CARTESIAN_POINT('',(4.E004,-584.487531247769,0.));
#222=DIRECTION('',(1.,0.,0.));
#223=DIRECTION('',(0.,1.,0.));
#224=FACE_BOUND('',#225,.T.);
#225=EDGE_LOOP('',(#1450,#1451));
#226=PLANE('',#227);
#227=AXIS2_PLACEMENT_3D('',#228,#229,#230);
#228=CARTESIAN_POINT('',(0.,-500.,0.));
#229=DIRECTION('',(0.,1.,-0.));
#230=DIRECTION('',(1.,0.,0.));
#231=FACE_BOUND('',#232,.T.);
#232=EDGE_LOOP('',(#1452,#1453,#1454,#1455));
#233=PLANE('',#234);
#234=AXIS2_PLACEMENT_3D('',#235,#236,#237);
#235=CARTESIAN_POINT('',(-3.58047274155164E-014,-584.487531247769,0.));
#236=DIRECTION('',(0.,-1.,0.));
#237=DIRECTION('',(1.,0.,0.));
#238=FACE_BOUND('',#239,.T.);
#239=EDGE_LOOP('',(#1456,#1457,#1458,#1459));
#240=(BOUNDED_SURFACE()B_SPLINE_SURFACE(3,2,(
(#241,#242,#243),
(#244,#245,#246),
(#247,#248,#249),
(#250,#251,#252),
(#253,#254,#255),
(#256,#257,#258),
(#259,#260,#261),
(#262,#263,#264),
(#265,#266,#267),
(#268,#269,#270),
(#271,#272,#273),
(#274,#275,#276),
(#277,#278,#279),
(#280,#281,#282),
(#283,#284,#285),
(#286,#287,#288),
(#289,#290,#291),
(#292,#293,#294),
(#295,#296,#297),
(#298,#299,#300),
(#301,#302,#303),
(#304,#305,#306),
(#307,#308,#309),
(#310,#311,#312),
(#313,#314,#315),
(#316,#317,#318),
(#319,#320,#321),
(#322,#323,#324),
(#325,#326,#327),
(#328,#329,#330),
(#331,#332,#333),
(#334,#335,#336),
(#337,#338,#339),
(#340,#341,#342),
(#343,#344,#345),
(#346,#347,#348),
(#349,#350,#351),
(#352,#353,#354),
(#355,#356,#357),
(#358,#359,#360),
(#361,#362,#363),
(#364,#365,#366),
(#367,#368,#369),
(#370,#371,#372),
(#373,#374,#375),
(#376,#377,#378),
(#379,#380,#381),
(#382,#383,#384),
(#385,#386,#387),
(#388,#389,#390),
(#391,#392,#393),
(#394,#395,#396),
(#397,#398,#399),
(#400,#401,#402),
(#403,#404,#405),
(#406,#407,#408),
(#409,#410,#411),
(#412,#413,#414),
(#415,#416,#417),
(#418,#419,#420),
(#421,#422,#423),
(#424,#425,#426),
(#427,#428,#429),
(#430,#431,#432),
(#433,#434,#435),
(#436,#437,#438),
(#439,#440,#441),
(#442,#443,#444),
(#445,#446,#447),
(#448,#449,#450),
(#451,#452,#453),
(#454,#455,#456),
(#457,#458,#459),
(#460,#461,#462),
(#463,#464,#465),
(#466,#467,#468),
(#469,#470,#471),
(#472,#473,#474),
(#475,#476,#477),
(#478,#479,#480),
(#481,#482,#483),
(#484,#485,#486),
(#487,#488,#489),
(#490,#491,#492),
(#493,#494,#495),
(#496,#497,#498),
(#499,#500,#501),
(#502,#503,#504),
(#505,#506,#507),
(#508,#509,#510),
(#511,#512,#513),
(#514,#515,#516),
(#517,#518,#519),
(#520,#521,#522),
(#523,#524,#525),
(#526,#527,#528),
(#529,#530,#531),
(#532,#533,#534),
(#535,#536,#537),
(#538,#539,#540)),
.UNSPECIFIED.,.F.,.F.,.F.)B_SPLINE_SURFACE_WITH_KNOTS((4,1,1,1,1,1,1,1,1,1,1,1,1,
1,1,1,1,1,1,1,1,1,1,1,1,1,1,1,1,1,1,1,1,1,1,1,1,1,1,1,1,1,1,1,1,1,1,1,1,1,1,1,1,
1,1,1,1,1,1,1,1,1,1,1,1,1,1,1,1,1,1,1,1,1,1,1,1,1,1,1,1,1,1,1,1,1,1,1,1,1,1,1,1,
1,1,1,1,4),
(3,3),
(-9.23230361421985E-008,0.448636849377931,0.606708791147507,0.747684469271532,0.869933813040142,
0.977701982037642,1.07717168278924,1.17186903899697,1.26514353986294,1.35679467895461,
1.44844581804629,1.54098202436607,1.63748646336172,1.74160409128136,1.85351007263173,
1.93687393252668,2.02023779242163,2.1234453196832,2.24649651431139,2.39035527393464,
2.54999361785789,2.65481889863747,2.72380190873645,2.78649509541534,2.84918828209422,
2.92107031853771,3.01396463964381,3.13472554870113,3.26080680638881,3.36350291385945,
3.44550124994626,3.510922987968,3.55096601183027,3.59100903569255,3.63737492562687,
3.70631812819735,3.79948275678341,3.9128571579243,4.02909101067524,4.1449094646555,
4.25423466853171,4.3520768753792,4.42489522694749,4.47494726000058,4.51692514331999,
4.57411385530709,4.65467084408536,4.74936133095117,4.84884738491418,4.94327227673166,
5.03049496611258,5.10981495333202,5.18077040163435,5.24558802072392,5.30499091802693,
5.35857470403231,5.39628514724782,5.42722756080779,5.45816997436777,5.49650759268651,
5.54688707042149,5.61007890335245,5.68382676637315,5.76584390475394,5.85689614276407,
5.95375839429399,6.05137858672213,6.14330113561335,6.22422011990132,6.29868422234616,
6.3765483537284,6.4530752803049,6.52995847746141,6.60522997196528,6.69353939478962,
6.7927978566264,6.90283195944421,7.01136996280022,7.09393353592797,7.17317527036763,
7.24094214908224,7.2972341720718,7.35327991298937,7.40932565390694,7.48452357647034,
7.58181293460819,7.68935976211978,7.80809194990458,7.9129954862008,8.02370854351564,
8.11844707857027,8.20188027928285,8.25886956034774,8.32815253724319,8.42358685679228,
8.54965299435404,8.69597084160549,9.00000012713329),
(0.,1.),
.UNSPECIFIED.)GEOMETRIC_REPRESENTATION_ITEM()RATIONAL_B_SPLINE_SURFACE((
(1.,0.707106781186548,1.),
(1.,0.707106781186548,1.),
(1.,0.707106781186547,1.),
(1.,0.707106781186548,1.),
(1.,0.707106781186548,1.),
(1.,0.707106781186548,1.),
(1.,0.707106781186547,1.),
(1.,0.707106781186548,1.),
(1.,0.707106781186548,1.),
(1.,0.707106781186547,1.),
(1.,0.707106781186548,1.),
(1.,0.707106781186548,1.),
(1.,0.707106781186548,1.),
(1.,0.707106781186548,1.),
(1.,0.707106781186548,1.),
(1.,0.707106781186547,1.),
(1.,0.707106781186548,1.),
(1.,0.707106781186548,1.),
(1.,0.707106781186547,1.),
(1.,0.707106781186548,1.),
(1.,0.707106781186547,1.),
(1.,0.707106781186548,1.),
(1.,0.707106781186547,1.),
(1.,0.707106781186548,1.),
(1.,0.707106781186548,1.),
(1.,0.707106781186548,1.),
(1.,0.707106781186547,1.),
(1.,0.707106781186548,1.),
(1.,0.707106781186548,1.),
(1.,0.707106781186548,1.),
(1.,0.707106781186548,1.),
(1.,0.707106781186548,1.),
(1.,0.707106781186547,1.),
(1.,0.707106781186548,1.),
(1.,0.707106781186548,1.),
(1.,0.707106781186548,1.),
(1.,0.707106781186548,1.),
(1.,0.707106781186547,1.),
(1.,0.707106781186548,1.),
(1.,0.707106781186548,1.),
(1.,0.707106781186548,1.),
(1.,0.707106781186547,1.),
(1.,0.707106781186548,1.),
(1.,0.707106781186548,1.),
(1.,0.707106781186548,1.),
(1.,0.707106781186548,1.),
(1.,0.707106781186548,1.),
(1.,0.707106781186548,1.),
(1.,0.707106781186548,1.),
(1.,0.707106781186548,1.),
(1.,0.707106781186548,1.),
(1.,0.707106781186548,1.),
(1.,0.707106781186548,1.),
(1.,0.707106781186548,1.),
(1.,0.707106781186548,1.),
(1.,0.707106781186548,1.),
(1.,0.707106781186548,1.),
(1.,0.707106781186547,1.),
(1.,0.707106781186548,1.),
(1.,0.707106781186548,1.),
(1.,0.707106781186548,1.),
(1.,0.707106781186548,1.),
(1.,0.707106781186547,1.),
(1.,0.707106781186548,1.),
(1.,0.707106781186548,1.),
(1.,0.707106781186547,1.),
(1.,0.707106781186547,1.),
(1.,0.707106781186548,1.),
(1.,0.707106781186548,1.),
(1.,0.707106781186548,1.),
(1.,0.707106781186548,1.),
(1.,0.707106781186548,1.),
(1.,0.707106781186548,1.),
(1.,0.707106781186547,1.),
(1.,0.707106781186548,1.),
(1.,0.707106781186548,1.),
(1.,0.707106781186547,1.),
(1.,0.707106781186548,1.),
(1.,0.707106781186548,1.),
(1.,0.707106781186548,1.),
(1.,0.707106781186547,1.),
(1.,0.707106781186548,1.),
(1.,0.707106781186548,1.),
(1.,0.707106781186548,1.),
(1.,0.707106781186548,1.),
(1.,0.707106781186548,1.),
(1.,0.707106781186547,1.),
(1.,0.707106781186548,1.),
(1.,0.707106781186547,1.),
(1.,0.707106781186548,1.),
(1.,0.707106781186548,1.),
(1.,0.707106781186547,1.),
(1.,0.707106781186548,1.),
(1.,0.707106781186548,1.),
(1.,0.707106781186548,1.),
(1.,0.707106781186548,1.),
(1.,0.707106781186548,1.),
(1.,0.707106781186547,1.),
(1.,0.707106781186548,1.),
(1.,0.707106781186548,1.)))REPRESENTATION_ITEM('')SURFACE());
#241=CARTESIAN_POINT('',(9755.80283340975,-490.,24946.4486722692));
#242=CARTESIAN_POINT('',(9755.80283340975,-500.,24946.4486722692));
#243=CARTESIAN_POINT('',(9765.79512113806,-500.,24946.8413374634));
#244=CARTESIAN_POINT('',(9755.19303792407,-490.,24961.9663500297));
#245=CARTESIAN_POINT('',(9755.17113110686,-500.,24962.5238204202));
#246=CARTESIAN_POINT('',(9765.17152208113,-500.,24962.7157709179));
#247=CARTESIAN_POINT('',(9753.29734698133,-490.,24980.215390546));
#248=CARTESIAN_POINT('',(9753.21940683736,-500.,24980.8267363025));
#249=CARTESIAN_POINT('',(9763.23042037498,-500.,24981.366779057));
#250=CARTESIAN_POINT('',(9751.34444045758,-490.,24998.3820787969));
#251=CARTESIAN_POINT('',(9751.2866577756,-500.,24999.0047305614));
#252=CARTESIAN_POINT('',(9761.29488440332,-500.,24999.3845032035));
#253=CARTESIAN_POINT('',(9750.57482600472,-490.,25007.8164007099));
#254=CARTESIAN_POINT('',(9750.55405038602,-500.,25008.1635760119));
#255=CARTESIAN_POINT('',(9760.55854564449,-500.,25008.4495637924));
#256=CARTESIAN_POINT('',(9750.33856349905,-490.,25015.2205206568));
#257=CARTESIAN_POINT('',(9750.34088086101,-500.,25015.4799367729));
#258=CARTESIAN_POINT('',(9760.34671036709,-500.,25015.2540462627));
#259=CARTESIAN_POINT('',(9750.576148228,-490.,25021.2992077158));
#260=CARTESIAN_POINT('',(9750.59157231228,-500.,25021.4579535513));
#261=CARTESIAN_POINT('',(9760.55949448343,-500.,25020.525375764));
#262=CARTESIAN_POINT('',(9751.24475603056,-490.,25026.4739446924));
#263=CARTESIAN_POINT('',(9751.260843616,-500.,25026.5516090293));
#264=CARTESIAN_POINT('',(9761.10848292779,-500.,25024.7171946447));
#265=CARTESIAN_POINT('',(9752.33981971772,-490.,25031.0551093325));
#266=CARTESIAN_POINT('',(9752.35282032988,-500.,25031.0946136142));
#267=CARTESIAN_POINT('',(9761.94244366206,-500.,25028.177105718));
#268=CARTESIAN_POINT('',(9753.8927529371,-490.,25035.2442102318));
#269=CARTESIAN_POINT('',(9753.89972581033,-500.,25035.2587196706));
#270=CARTESIAN_POINT('',(9763.05601739798,-500.,25031.1687457688));
#271=CARTESIAN_POINT('',(9755.95235704788,-490.,25039.1575136571));
#272=CARTESIAN_POINT('',(9755.95531002214,-500.,25039.1606247827));
#273=CARTESIAN_POINT('',(9764.49501412463,-500.,25033.9026408159));
#274=CARTESIAN_POINT('',(9758.59303649377,-490.,25042.8901134864));
#275=CARTESIAN_POINT('',(9758.57734482518,-500.,25042.8684677142));
#276=CARTESIAN_POINT('',(9766.37391981235,-500.,25036.5656735137));
#277=CARTESIAN_POINT('',(9761.93521466813,-490.,25046.5381697171));
#278=CARTESIAN_POINT('',(9761.88388455039,-500.,25046.485160528));
#279=CARTESIAN_POINT('',(9768.87917008806,-500.,25039.3105979168));
#280=CARTESIAN_POINT('',(9766.17965198479,-490.,25050.2079939001));
#281=CARTESIAN_POINT('',(9766.079660042,-500.,25050.1288727973));
#282=CARTESIAN_POINT('',(9772.27711062185,-500.,25042.2593393582));
#283=CARTESIAN_POINT('',(9771.39731018784,-490.,25053.8481503705));
#284=CARTESIAN_POINT('',(9771.46060645804,-500.,25053.902096084));
#285=CARTESIAN_POINT('',(9776.72614024819,-500.,25045.3725001588));
#286=CARTESIAN_POINT('',(9777.48288175595,-490.,25057.3660632068));
#287=CARTESIAN_POINT('',(9777.6294876357,-500.,25057.4472034013));
#288=CARTESIAN_POINT('',(9782.1782547775,-500.,25048.5295418672));
#289=CARTESIAN_POINT('',(9784.18901644869,-490.,25060.6918167675));
#290=CARTESIAN_POINT('',(9784.28826706035,-500.,25060.7265026494));
#291=CARTESIAN_POINT('',(9788.38914950396,-500.,25051.6125666683));
#292=CARTESIAN_POINT('',(9791.92573212788,-490.,25064.0752558248));
#293=CARTESIAN_POINT('',(9791.5561149892,-500.,25063.9184727243));
#294=CARTESIAN_POINT('',(9795.72101149014,-500.,25054.8205182758));
#295=CARTESIAN_POINT('',(9801.42464073911,-490.,25067.7740364482));
#296=CARTESIAN_POINT('',(9800.79180728181,-500.,25067.5422624006));
#297=CARTESIAN_POINT('',(9804.84157824203,-500.,25058.3729723779));
#298=CARTESIAN_POINT('',(9813.42194808727,-490.,25071.8836572649));
#299=CARTESIAN_POINT('',(9812.78840700106,-500.,25071.6833010727));
#300=CARTESIAN_POINT('',(9816.43852003665,-500.,25062.3459933414));
#301=CARTESIAN_POINT('',(9827.17482814382,-490.,25075.9084677396));
#302=CARTESIAN_POINT('',(9827.37561143435,-500.,25075.985641281));
#303=CARTESIAN_POINT('',(9829.75404386452,-500.,25066.2427757207));
#304=CARTESIAN_POINT('',(9840.60735083257,-490.,25079.1182166306));
#305=CARTESIAN_POINT('',(9841.47688344453,-500.,25079.3219050959));
#306=CARTESIAN_POINT('',(9842.70902699121,-500.,25069.3366892574));
#307=CARTESIAN_POINT('',(9851.5013508858,-490.,25081.1230226075));
#308=CARTESIAN_POINT('',(9852.54405119489,-500.,25081.2757319246));
#309=CARTESIAN_POINT('',(9853.10185015875,-500.,25071.2480806966));
#310=CARTESIAN_POINT('',(9859.59513851012,-490.,25082.2002404414));
#311=CARTESIAN_POINT('',(9860.01930100284,-500.,25082.2382199051));
#312=CARTESIAN_POINT('',(9860.71951482547,-500.,25072.2597209589));
#313=CARTESIAN_POINT('',(9865.8892306927,-490.,25082.7407948542));
#314=CARTESIAN_POINT('',(9865.8565480937,-500.,25082.735141124));
#315=CARTESIAN_POINT('',(9866.50425441096,-500.,25072.7557280963));
#316=CARTESIAN_POINT('',(9871.72757687484,-490.,25082.9559621482));
#317=CARTESIAN_POINT('',(9871.44558323428,-500.,25082.947914694));
#318=CARTESIAN_POINT('',(9871.8507730189,-500.,25072.9528873281));
#319=CARTESIAN_POINT('',(9878.03514852448,-490.,25082.8902200016));
#320=CARTESIAN_POINT('',(9877.53128219576,-500.,25082.904549921));
#321=CARTESIAN_POINT('',(9877.66865604079,-500.,25072.8930357182));
#322=CARTESIAN_POINT('',(9885.12191068234,-490.,25082.4754260726));
#323=CARTESIAN_POINT('',(9884.69274762747,-500.,25082.5143758904));
#324=CARTESIAN_POINT('',(9884.30811644323,-500.,25072.5061843796));
#325=CARTESIAN_POINT('',(9892.69735406879,-490.,25081.7471296848));
#326=CARTESIAN_POINT('',(9892.63421324775,-500.,25081.7554188518));
#327=CARTESIAN_POINT('',(9891.64725391148,-500.,25071.8027939721));
#328=CARTESIAN_POINT('',(9900.07460540631,-490.,25080.9978533687));
#329=CARTESIAN_POINT('',(9900.35706683767,-500.,25080.9670736978));
#330=CARTESIAN_POINT('',(9899.16999193562,-500.,25071.0372251116));
#331=CARTESIAN_POINT('',(9906.62696703891,-490.,25080.5696663848));
#332=CARTESIAN_POINT('',(9907.06216526765,-500.,25080.5550519374));
#333=CARTESIAN_POINT('',(9906.22814465936,-500.,25070.570623982));
#334=CARTESIAN_POINT('',(9912.01113187343,-490.,25080.5555494103));
#335=CARTESIAN_POINT('',(9912.46382323043,-500.,25080.5678874051));
#336=CARTESIAN_POINT('',(9912.28248152712,-500.,25070.5521190503));
#337=CARTESIAN_POINT('',(9916.25845175458,-490.,25080.8247806637));
#338=CARTESIAN_POINT('',(9916.56740323104,-500.,25080.8568877975));
#339=CARTESIAN_POINT('',(9917.16314975598,-500.,25070.8592975608));
#340=CARTESIAN_POINT('',(9919.66372010447,-490.,25081.245572328));
#341=CARTESIAN_POINT('',(9919.80790636088,-500.,25081.272446622));
#342=CARTESIAN_POINT('',(9921.1383977197,-500.,25071.3510998977));
#343=CARTESIAN_POINT('',(9922.88121590874,-490.,25081.7983536913));
#344=CARTESIAN_POINT('',(9922.66324616405,-500.,25081.7598027792));
#345=CARTESIAN_POINT('',(9924.79432140571,-500.,25071.9803272632));
#346=CARTESIAN_POINT('',(9926.62386377895,-490.,25082.598588394));
#347=CARTESIAN_POINT('',(9926.21616134808,-500.,25082.5047977157));
#348=CARTESIAN_POINT('',(9928.95382989392,-500.,25072.8705932845));
#349=CARTESIAN_POINT('',(9931.57829664952,-490.,25083.8802609762));
#350=CARTESIAN_POINT('',(9931.05456722486,-500.,25083.731769048));
#351=CARTESIAN_POINT('',(9934.31711290504,-500.,25074.2598476761));
#352=CARTESIAN_POINT('',(9937.9249552668,-490.,25085.7982959029));
#353=CARTESIAN_POINT('',(9937.54927564519,-500.,25085.6745763718));
#354=CARTESIAN_POINT('',(9940.98893875193,-500.,25076.2781119997));
#355=CARTESIAN_POINT('',(9945.43074993304,-490.,25088.2901154752));
#356=CARTESIAN_POINT('',(9945.25002252554,-500.,25088.2291548794));
#357=CARTESIAN_POINT('',(9948.6391978988,-500.,25078.8189855832));
#358=CARTESIAN_POINT('',(9953.48037661026,-490.,25090.9902672274));
#359=CARTESIAN_POINT('',(9953.51284942915,-500.,25091.00180687));
#360=CARTESIAN_POINT('',(9956.58454556979,-500.,25081.483458442));
#361=CARTESIAN_POINT('',(9961.46634144828,-490.,25093.4378409512));
#362=CARTESIAN_POINT('',(9961.6115424904,-500.,25093.48149006));
#363=CARTESIAN_POINT('',(9964.18792734904,-500.,25083.8099713291));
#364=CARTESIAN_POINT('',(9968.79918715188,-490.,25095.2405647143));
#365=CARTESIAN_POINT('',(9969.13088592849,-500.,25095.3147971251));
#366=CARTESIAN_POINT('',(9970.85199008165,-500.,25085.4427911475));
#367=CARTESIAN_POINT('',(9975.03010397737,-490.,25096.2333805774));
#368=CARTESIAN_POINT('',(9975.47386567278,-500.,25096.2889278001));
#369=CARTESIAN_POINT('',(9976.21266043848,-500.,25086.2870796392));
#370=CARTESIAN_POINT('',(9979.92141560395,-490.,25096.5379948319));
#371=CARTESIAN_POINT('',(9980.32464122365,-500.,25096.5376651618));
#372=CARTESIAN_POINT('',(9980.11082671622,-500.,25086.524241553));
#373=CARTESIAN_POINT('',(9983.74534552019,-490.,25096.4130362431));
#374=CARTESIAN_POINT('',(9983.85306082162,-500.,25096.3962651129));
#375=CARTESIAN_POINT('',(9983.05177353152,-500.,25086.4282934509));
#376=CARTESIAN_POINT('',(9987.19951122538,-490.,25096.052792662));
#377=CARTESIAN_POINT('',(9986.98621078818,-500.,25096.0756772269));
#378=CARTESIAN_POINT('',(9985.81438886868,-500.,25086.1422118172));
#379=CARTESIAN_POINT('',(9991.04059339359,-490.,25095.3970508284));
#380=CARTESIAN_POINT('',(9990.68476929223,-500.,25095.4715235145));
#381=CARTESIAN_POINT('',(9988.9865995611,-500.,25085.6023221714));
#382=CARTESIAN_POINT('',(9995.61801450815,-490.,25094.2968383861));
#383=CARTESIAN_POINT('',(9995.34226264415,-500.,25094.3765597214));
#384=CARTESIAN_POINT('',(9992.95426571653,-500.,25084.6527150724));
#385=CARTESIAN_POINT('',(10000.7637057636,-490.,25092.7461041129));
#386=CARTESIAN_POINT('',(10000.6772862632,-500.,25092.7761150891));
#387=CARTESIAN_POINT('',(9997.68391110517,-500.,25083.2310158883));
#388=CARTESIAN_POINT('',(10006.0628694064,-490.,25090.9812624241));
#389=CARTESIAN_POINT('',(10006.1100338249,-500.,25090.9647075237));
#390=CARTESIAN_POINT('',(10002.8843791535,-500.,25081.5001919865));
#391=CARTESIAN_POINT('',(10011.1401462239,-490.,25089.3423266818));
#392=CARTESIAN_POINT('',(10011.2621872549,-500.,25089.3047830653));
#393=CARTESIAN_POINT('',(10008.2249358417,-500.,25079.7732275579));
#394=CARTESIAN_POINT('',(10015.8058950918,-490.,25088.078571075));
#395=CARTESIAN_POINT('',(10015.9452092817,-500.,25088.0457452243));
#396=CARTESIAN_POINT('',(10013.5086259292,-500.,25078.3350913738));
#397=CARTESIAN_POINT('',(10020.0099751067,-490.,25087.2993637982));
#398=CARTESIAN_POINT('',(10020.1411080419,-500.,25087.282183906));
#399=CARTESIAN_POINT('',(10018.6455687781,-500.,25077.3733904393));
#400=CARTESIAN_POINT('',(10023.7844630151,-490.,25087.01308393));
#401=CARTESIAN_POINT('',(10023.8999778859,-500.,25087.0123397027));
#402=CARTESIAN_POINT('',(10023.5976990639,-500.,25076.9882770967));
#403=CARTESIAN_POINT('',(10027.1861089022,-490.,25087.1817357092));
#404=CARTESIAN_POINT('',(10027.2863325292,-500.,25087.1933887901));
#405=CARTESIAN_POINT('',(10028.3153197579,-500.,25077.2151589199));
#406=CARTESIAN_POINT('',(10030.202026086,-490.,25087.7388654702));
#407=CARTESIAN_POINT('',(10030.3580051124,-500.,25087.7742722424));
#408=CARTESIAN_POINT('',(10032.6313589857,-500.,25078.0101405605));
#409=CARTESIAN_POINT('',(10032.7926502326,-490.,25088.5689884711));
#410=CARTESIAN_POINT('',(10032.9561514423,-500.,25088.6306098578));
#411=CARTESIAN_POINT('',(10036.3513435272,-500.,25079.2026323991));
#412=CARTESIAN_POINT('',(10034.9330520391,-490.,25089.5188247123));
#413=CARTESIAN_POINT('',(10035.0631800175,-500.,25089.5886932461));
#414=CARTESIAN_POINT('',(10039.3899549313,-500.,25080.5527968812));
#415=CARTESIAN_POINT('',(10036.7844082086,-490.,25090.5418062553));
#416=CARTESIAN_POINT('',(10036.780862119,-500.,25090.5433487366));
#417=CARTESIAN_POINT('',(10041.9474737636,-500.,25081.9685344358));
#418=CARTESIAN_POINT('',(10038.6239172385,-490.,25091.7286548604));
#419=CARTESIAN_POINT('',(10038.5119640917,-500.,25091.6543020897));
#420=CARTESIAN_POINT('',(10044.3361644402,-500.,25083.5130896263));
#421=CARTESIAN_POINT('',(10040.7715899926,-490.,25093.3110849844));
#422=CARTESIAN_POINT('',(10040.5849251099,-500.,25093.1656421879));
#423=CARTESIAN_POINT('',(10046.988211154,-500.,25085.4700344192));
#424=CARTESIAN_POINT('',(10043.4385200267,-490.,25095.5398123834));
#425=CARTESIAN_POINT('',(10043.2317333428,-500.,25095.3555902801));
#426=CARTESIAN_POINT('',(10050.1052730116,-500.,25088.0795086117));
#427=CARTESIAN_POINT('',(10046.7178393676,-490.,25098.6078136868));
#428=CARTESIAN_POINT('',(10046.5302917107,-500.,25098.4222930874));
#429=CARTESIAN_POINT('',(10053.7440351987,-500.,25091.4879596983));
#430=CARTESIAN_POINT('',(10050.6228007203,-490.,25102.5917138089));
#431=CARTESIAN_POINT('',(10050.4541196239,-500.,25102.4139775701));
#432=CARTESIAN_POINT('',(10057.8808928738,-500.,25095.711605007));
#433=CARTESIAN_POINT('',(10055.1376925403,-490.,25107.4284125973));
#434=CARTESIAN_POINT('',(10054.9932554486,-500.,25107.2719444297));
#435=CARTESIAN_POINT('',(10062.4799086138,-500.,25100.639562748));
#436=CARTESIAN_POINT('',(10060.239763483,-490.,25112.9063498989));
#437=CARTESIAN_POINT('',(10060.1371922193,-500.,25112.7993931468));
#438=CARTESIAN_POINT('',(10067.498074813,-500.,25106.026322042));
#439=CARTESIAN_POINT('',(10065.8422870804,-490.,25118.6145732194));
#440=CARTESIAN_POINT('',(10065.8342372036,-500.,25118.6110198526));
#441=CARTESIAN_POINT('',(10072.8177583751,-500.,25111.4421289421));
#442=CARTESIAN_POINT('',(10071.7560481218,-490.,25123.9913647717));
#443=CARTESIAN_POINT('',(10071.8686721852,-500.,25124.0925784553));
#444=CARTESIAN_POINT('',(10078.2090858061,-500.,25116.3361304841));
#445=CARTESIAN_POINT('',(10077.7354559376,-490.,25128.5387659585));
#446=CARTESIAN_POINT('',(10077.9123017452,-500.,25128.6602858533));
#447=CARTESIAN_POINT('',(10083.3963606757,-500.,25120.2688125655));
#448=CARTESIAN_POINT('',(10083.6489456238,-490.,25132.0528571458));
#449=CARTESIAN_POINT('',(10083.7659102484,-500.,25132.1029468788));
#450=CARTESIAN_POINT('',(10088.227062519,-500.,25123.1284900598));
#451=CARTESIAN_POINT('',(10089.5552863584,-490.,25134.5491915281));
#452=CARTESIAN_POINT('',(10089.5941543662,-500.,25134.5579408642));
#453=CARTESIAN_POINT('',(10092.7747359885,-500.,25125.0354048828));
#454=CARTESIAN_POINT('',(10095.6566796967,-490.,25136.0581442523));
#455=CARTESIAN_POINT('',(10095.6339965783,-500.,25136.0572031612));
#456=CARTESIAN_POINT('',(10097.173872949,-500.,25126.1198171945));
#457=CARTESIAN_POINT('',(10102.0723810396,-490.,25136.4730194245));
#458=CARTESIAN_POINT('',(10102.0970376427,-500.,25136.4729505441));
#459=CARTESIAN_POINT('',(10101.9010848014,-500.,25126.437229924));
#460=CARTESIAN_POINT('',(10108.9045078188,-490.,25135.9147719018));
#461=CARTESIAN_POINT('',(10108.7897970913,-500.,25135.9234868558));
#462=CARTESIAN_POINT('',(10107.4408794482,-500.,25126.0010718614));
#463=CARTESIAN_POINT('',(10116.3145701816,-490.,25134.4282926656));
#464=CARTESIAN_POINT('',(10116.0859521123,-500.,25134.4806553928));
#465=CARTESIAN_POINT('',(10113.8165551856,-500.,25124.7298048951));
#466=CARTESIAN_POINT('',(10124.6682167733,-490.,25131.9123634779));
#467=CARTESIAN_POINT('',(10124.3007632404,-500.,25132.0407985642));
#468=CARTESIAN_POINT('',(10121.3613200713,-500.,25122.4653232774));
#469=CARTESIAN_POINT('',(10134.0337671303,-490.,25128.296344648));
#470=CARTESIAN_POINT('',(10133.815287105,-500.,25128.3937506512));
#471=CARTESIAN_POINT('',(10130.1271068043,-500.,25119.0857539955));
#472=CARTESIAN_POINT('',(10143.9190520842,-490.,25123.8372469219));
#473=CARTESIAN_POINT('',(10144.0994623787,-500.,25123.7599729454));
#474=CARTESIAN_POINT('',(10139.6317130809,-500.,25114.8013479929));
#475=CARTESIAN_POINT('',(10153.4902431574,-490.,25119.1513807491));
#476=CARTESIAN_POINT('',(10153.8211485042,-500.,25118.9843950446));
#477=CARTESIAN_POINT('',(10149.0215291249,-500.,25110.2053060571));
#478=CARTESIAN_POINT('',(10161.9934019735,-490.,25114.8753884074));
#479=CARTESIAN_POINT('',(10162.4198501153,-500.,25114.6624909708));
#480=CARTESIAN_POINT('',(10157.5013347947,-500.,25105.9410683152));
#481=CARTESIAN_POINT('',(10169.2973018486,-490.,25111.2475638696));
#482=CARTESIAN_POINT('',(10169.5680968694,-500.,25111.1140559759));
#483=CARTESIAN_POINT('',(10164.9010129592,-500.,25102.2654685225));
#484=CARTESIAN_POINT('',(10175.4979570009,-490.,25108.2874727399));
#485=CARTESIAN_POINT('',(10175.7277521584,-500.,25108.1822326979));
#486=CARTESIAN_POINT('',(10171.2740146431,-500.,25099.2221267306));
#487=CARTESIAN_POINT('',(10180.915198251,-490.,25105.861717275));
#488=CARTESIAN_POINT('',(10181.0266239374,-500.,25105.8159398206));
#489=CARTESIAN_POINT('',(10176.9651862124,-500.,25096.6731377483));
#490=CARTESIAN_POINT('',(10186.0068119739,-490.,25103.7716027873));
#491=CARTESIAN_POINT('',(10185.8270713508,-500.,25103.8454593151));
#492=CARTESIAN_POINT('',(10182.3473613128,-500.,25094.4637101336));
#493=CARTESIAN_POINT('',(10191.3764452827,-490.,25101.7423988643));
#494=CARTESIAN_POINT('',(10191.0008320202,-500.,25101.8808895592));
#495=CARTESIAN_POINT('',(10187.9813404179,-500.,25092.3350730531));
#496=CARTESIAN_POINT('',(10197.5242197768,-490.,25099.6115585767));
#497=CARTESIAN_POINT('',(10197.0819190205,-500.,25099.756666657));
#498=CARTESIAN_POINT('',(10194.3809768057,-500.,25090.1173615913));
#499=CARTESIAN_POINT('',(10204.5242957143,-490.,25097.3681958852));
#500=CARTESIAN_POINT('',(10204.1710302972,-500.,25097.4781148391));
#501=CARTESIAN_POINT('',(10201.5515849732,-500.,25087.8202342734));
#502=CARTESIAN_POINT('',(10211.9367382941,-490.,25095.0700314933));
#503=CARTESIAN_POINT('',(10211.8845962013,-500.,25095.0870852502));
#504=CARTESIAN_POINT('',(10208.9421119929,-500.,25085.5287098517));
#505=CARTESIAN_POINT('',(10219.2858019117,-490.,25092.6478572259));
#506=CARTESIAN_POINT('',(10219.2642696065,-500.,25092.6585481116));
#507=CARTESIAN_POINT('',(10215.9712848525,-500.,25083.2089785816));
#508=CARTESIAN_POINT('',(10226.065422111,-490.,25090.0165274829));
#509=CARTESIAN_POINT('',(10226.2272575814,-500.,25089.9456372155));
#510=CARTESIAN_POINT('',(10222.1102165081,-500.,25080.8184422367));
#511=CARTESIAN_POINT('',(10232.1374628712,-490.,25087.0387870452));
#512=CARTESIAN_POINT('',(10232.2761759079,-500.,25086.9707984856));
#513=CARTESIAN_POINT('',(10227.2887856076,-500.,25078.2709654062));
#514=CARTESIAN_POINT('',(10237.2374664166,-490.,25083.8175031172));
#515=CARTESIAN_POINT('',(10237.5583486915,-500.,25083.5935627156));
#516=CARTESIAN_POINT('',(10231.4504515914,-500.,25075.6345433413));
#517=CARTESIAN_POINT('',(10241.4854520531,-490.,25080.4135795074));
#518=CARTESIAN_POINT('',(10241.6266612505,-500.,25080.2779818733));
#519=CARTESIAN_POINT('',(10234.8361280345,-500.,25072.9238512479));
#520=CARTESIAN_POINT('',(10245.163628548,-490.,25076.8317414496));
#521=CARTESIAN_POINT('',(10245.0920049449,-500.,25076.8846376843));
#522=CARTESIAN_POINT('',(10237.8723470885,-500.,25069.9716413548));
#523=CARTESIAN_POINT('',(10248.9409701942,-490.,25072.4932308075));
#524=CARTESIAN_POINT('',(10248.5881920977,-500.,25072.9257863141));
#525=CARTESIAN_POINT('',(10241.0801033316,-500.,25066.290959874));
#526=CARTESIAN_POINT('',(10253.2217317109,-490.,25066.6053905991));
#527=CARTESIAN_POINT('',(10252.8671946622,-500.,25067.1528921423));
#528=CARTESIAN_POINT('',(10244.8094900099,-500.,25061.1678451349));
#529=CARTESIAN_POINT('',(10257.9812953083,-490.,25058.4643245072));
#530=CARTESIAN_POINT('',(10257.7086333237,-500.,25059.0074600437));
#531=CARTESIAN_POINT('',(10249.0506685753,-500.,25053.9219684221));
#532=CARTESIAN_POINT('',(10264.1692051906,-490.,25044.6361578386));
#533=CARTESIAN_POINT('',(10264.0694541583,-500.,25044.9784432301));
#534=CARTESIAN_POINT('',(10254.6525891677,-500.,25041.4152470372));
#535=CARTESIAN_POINT('',(10267.2897265354,-490.,25032.7661776793));
#536=CARTESIAN_POINT('',(10267.2664684391,-500.,25032.9273214586));
#537=CARTESIAN_POINT('',(10257.5067596078,-500.,25030.5706339567));
#538=CARTESIAN_POINT('',(10268.4383238762,-490.,25024.8082077891));
#539=CARTESIAN_POINT('',(10268.4383238762,-500.,25024.8082077891));
#540=CARTESIAN_POINT('',(10258.5408841299,-500.,25023.3796818117));
#541=FACE_BOUND('',#542,.T.);
#542=EDGE_LOOP('',(#1460,#1461,#1462,#1463));
#543=(BOUNDED_SURFACE()B_SPLINE_SURFACE(3,2,(
(#544,#545,#546),
(#547,#548,#549),
(#550,#551,#552),
(#553,#554,#555),
(#556,#557,#558),
(#559,#560,#561),
(#562,#563,#564),
(#565,#566,#567),
(#568,#569,#570),
(#571,#572,#573),
(#574,#575,#576),
(#577,#578,#579),
(#580,#581,#582),
(#583,#584,#585),
(#586,#587,#588),
(#589,#590,#591),
(#592,#593,#594),
(#595,#596,#597),
(#598,#599,#600),
(#601,#602,#603),
(#604,#605,#606),
(#607,#608,#609),
(#610,#611,#612),
(#613,#614,#615),
(#616,#617,#618),
(#619,#620,#621),
(#622,#623,#624),
(#625,#626,#627),
(#628,#629,#630),
(#631,#632,#633),
(#634,#635,#636),
(#637,#638,#639),
(#640,#641,#642),
(#643,#644,#645),
(#646,#647,#648),
(#649,#650,#651),
(#652,#653,#654),
(#655,#656,#657),
(#658,#659,#660),
(#661,#662,#663),
(#664,#665,#666),
(#667,#668,#669),
(#670,#671,#672),
(#673,#674,#675),
(#676,#677,#678),
(#679,#680,#681),
(#682,#683,#684),
(#685,#686,#687),
(#688,#689,#690),
(#691,#692,#693),
(#694,#695,#696),
(#697,#698,#699),
(#700,#701,#702),
(#703,#704,#705),
(#706,#707,#708),
(#709,#710,#711),
(#712,#713,#714),
(#715,#716,#717),
(#718,#719,#720),
(#721,#722,#723),
(#724,#725,#726),
(#727,#728,#729),
(#730,#731,#732),
(#733,#734,#735),
(#736,#737,#738),
(#739,#740,#741),
(#742,#743,#744),
(#745,#746,#747),
(#748,#749,#750),
(#751,#752,#753),
(#754,#755,#756),
(#757,#758,#759)),
.UNSPECIFIED.,.F.,.F.,.F.)B_SPLINE_SURFACE_WITH_KNOTS((4,1,1,1,1,1,1,1,1,1,1,1,1,
1,1,1,1,1,1,1,1,1,1,1,1,1,1,1,1,1,1,1,1,1,1,1,1,1,1,1,1,1,1,1,1,1,1,1,1,1,1,1,1,
1,1,1,1,1,1,1,1,1,1,1,1,1,1,1,1,4),
(3,3),
(-1.27133289021913E-007,0.415630264720565,0.608694798939878,0.801759333159192,1.01681757309422,
1.19552600473981,1.35542484728729,1.54554420994353,1.79874539452422,2.07801367549986,
2.30202481414677,2.44494598020382,2.58669547197258,2.79124907372768,3.00661100488639,
3.19446298234966,3.29934267255132,3.38985858994455,3.48037450733778,3.59243535138157,
3.72981313236604,3.87995094980694,4.02440025689708,4.1516902782625,4.27195204039585,
4.35466080991141,4.40620319456522,4.45774557921902,4.5225048400872,4.60570741575666,
4.71394902549988,4.83533292338075,4.967679340584,5.10221822734947,5.23168925650284,
5.33940696527068,5.41833494866297,5.47313057891996,5.5269626875331,5.62581829881184,
5.75537472335705,5.91589548219556,6.07379475273499,6.24486878919807,6.35271664171837,
6.45706445635672,6.56933264539868,6.68841162333055,6.8026114694079,6.90955360521331,
7.01152284143424,7.10361965689499,7.19211643043137,7.26017528300885,7.3255774504007,
7.39097961779256,7.47209540147379,7.57634789422955,7.68878593201363,7.8156098981573,
7.95121261607456,8.09083332721973,8.22991706758489,8.36176219537598,8.48136836764588,
8.58795412038995,8.68541999677155,8.7785288268456,8.86860135723563,9.00000010352611),
(0.,1.),
.UNSPECIFIED.)GEOMETRIC_REPRESENTATION_ITEM()RATIONAL_B_SPLINE_SURFACE((
(1.,0.707106781186548,1.),
(1.,0.707106781186547,1.),
(1.,0.707106781186548,1.),
(1.,0.707106781186548,1.),
(1.,0.707106781186548,1.),
(1.,0.707106781186547,1.),
(1.,0.707106781186547,1.),
(1.,0.707106781186548,1.),
(1.,0.707106781186547,1.),
(1.,0.707106781186548,1.),
(1.,0.707106781186547,1.),
(1.,0.707106781186547,1.),
(1.,0.707106781186547,1.),
(1.,0.707106781186547,1.),
(1.,0.707106781186548,1.),
(1.,0.707106781186547,1.),
(1.,0.707106781186548,1.),
(1.,0.707106781186547,1.),
(1.,0.707106781186547,1.),
(1.,0.707106781186547,1.),
(1.,0.707106781186548,1.),
(1.,0.707106781186547,1.),
(1.,0.707106781186547,1.),
(1.,0.707106781186547,1.),
(1.,0.707106781186547,1.),
(1.,0.707106781186548,1.),
(1.,0.707106781186547,1.),
(1.,0.707106781186547,1.),
(1.,0.707106781186548,1.),
(1.,0.707106781186547,1.),
(1.,0.707106781186548,1.),
(1.,0.707106781186547,1.),
(1.,0.707106781186548,1.),
(1.,0.707106781186548,1.),
(1.,0.707106781186547,1.),
(1.,0.707106781186548,1.),
(1.,0.707106781186547,1.),
(1.,0.707106781186548,1.),
(1.,0.707106781186547,1.),
(1.,0.707106781186547,1.),
(1.,0.707106781186547,1.),
(1.,0.707106781186547,1.),
(1.,0.707106781186547,1.),
(1.,0.707106781186547,1.),
(1.,0.707106781186548,1.),
(1.,0.707106781186547,1.),
(1.,0.707106781186547,1.),
(1.,0.707106781186548,1.),
(1.,0.707106781186547,1.),
(1.,0.707106781186548,1.),
(1.,0.707106781186548,1.),
(1.,0.707106781186547,1.),
(1.,0.707106781186548,1.),
(1.,0.707106781186547,1.),
(1.,0.707106781186548,1.),
(1.,0.707106781186547,1.),
(1.,0.707106781186547,1.),
(1.,0.707106781186548,1.),
(1.,0.707106781186547,1.),
(1.,0.707106781186547,1.),
(1.,0.707106781186548,1.),
(1.,0.707106781186547,1.),
(1.,0.707106781186548,1.),
(1.,0.707106781186548,1.),
(1.,0.707106781186548,1.),
(1.,0.707106781186547,1.),
(1.,0.707106781186547,1.),
(1.,0.707106781186548,1.),
(1.,0.707106781186548,1.),
(1.,0.707106781186548,1.),
(1.,0.707106781186548,1.),
(1.,0.707106781186548,1.)))REPRESENTATION_ITEM('')SURFACE());
#544=CARTESIAN_POINT('',(10268.4383209361,-490.,25024.8082281596));
#545=CARTESIAN_POINT('',(10268.4383209361,-500.,25024.8082281596));
#546=CARTESIAN_POINT('',(10258.5408814735,-500.,25023.3797002167));
#547=CARTESIAN_POINT('',(10270.0812684481,-490.,25013.6715979795));
#548=CARTESIAN_POINT('',(10270.0840716343,-500.,25013.6526501063));
#549=CARTESIAN_POINT('',(10260.0105732873,-500.,25013.3627835369));
#550=CARTESIAN_POINT('',(10269.4782089847,-490.,24997.7876714043));
#551=CARTESIAN_POINT('',(10269.4758618582,-500.,24997.7695309852));
#552=CARTESIAN_POINT('',(10259.485114357,-500.,24999.2380774292));
#553=CARTESIAN_POINT('',(10263.972462663,-490.,24978.1235068468));
#554=CARTESIAN_POINT('',(10264.0152704811,-500.,24978.2854569249));
#555=CARTESIAN_POINT('',(10254.5336303986,-500.,24981.5248755022));
#556=CARTESIAN_POINT('',(10258.0200968777,-490.,24964.56935886));
#557=CARTESIAN_POINT('',(10257.984508804,-500.,24964.4542759851));
#558=CARTESIAN_POINT('',(10249.1244758416,-500.,24969.1961940801));
#559=CARTESIAN_POINT('',(10250.5240450729,-490.,24952.1006922629));
#560=CARTESIAN_POINT('',(10250.3820327049,-500.,24951.8596225104));
#561=CARTESIAN_POINT('',(10242.2394604312,-500.,24957.7379808496));
#562=CARTESIAN_POINT('',(10242.0900697428,-490.,24941.0563995305));
#563=CARTESIAN_POINT('',(10241.9372851061,-500.,24940.9160149802));
#564=CARTESIAN_POINT('',(10234.4420603039,-500.,24947.5226607062));
#565=CARTESIAN_POINT('',(10232.5988499081,-490.,24930.8238934381));
#566=CARTESIAN_POINT('',(10233.0184872988,-500.,24931.2765651463));
#567=CARTESIAN_POINT('',(10225.5779453783,-500.,24937.9615291145));
#568=CARTESIAN_POINT('',(10221.2394055285,-490.,24920.4736095452));
#569=CARTESIAN_POINT('',(10222.0019775236,-500.,24921.1070297639));
#570=CARTESIAN_POINT('',(10214.8280369006,-500.,24928.1608899547));
#571=CARTESIAN_POINT('',(10207.5940501972,-490.,24909.8541090067));
#572=CARTESIAN_POINT('',(10207.841444578,-500.,24909.9928709137));
#573=CARTESIAN_POINT('',(10201.7237038115,-500.,24917.9568878177));
#574=CARTESIAN_POINT('',(10193.0701519406,-490.,24899.8824072201));
#575=CARTESIAN_POINT('',(10192.3100151674,-500.,24899.368691248));
#576=CARTESIAN_POINT('',(10187.5682212942,-500.,24908.2342353626));
#577=CARTESIAN_POINT('',(10179.9029133146,-490.,24891.4148265126));
#578=CARTESIAN_POINT('',(10178.9611110621,-500.,24890.8206378707));
#579=CARTESIAN_POINT('',(10174.5387970103,-500.,24899.8545031917));
#580=CARTESIAN_POINT('',(10168.6715009025,-490.,24884.3336341507));
#581=CARTESIAN_POINT('',(10168.5397020028,-500.,24884.2524537417));
#582=CARTESIAN_POINT('',(10163.3583199683,-500.,24892.8053730453));
#583=CARTESIAN_POINT('',(10158.0318496042,-490.,24877.6685334776));
#584=CARTESIAN_POINT('',(10158.5255093185,-500.,24877.9769005629));
#585=CARTESIAN_POINT('',(10152.7191736824,-500.,24886.1405757304));
#586=CARTESIAN_POINT('',(10146.6910952412,-490.,24870.5176175156));
#587=CARTESIAN_POINT('',(10147.0098288578,-500.,24870.7252380859));
#588=CARTESIAN_POINT('',(10141.3226039977,-500.,24878.9545795167));
#589=CARTESIAN_POINT('',(10135.1318340185,-490.,24863.0604693417));
#590=CARTESIAN_POINT('',(10134.4452712373,-500.,24862.6177247329));
#591=CARTESIAN_POINT('',(10129.6494980262,-500.,24871.4243645566));
#592=CARTESIAN_POINT('',(10124.6706304415,-490.,24856.0563274545));
#593=CARTESIAN_POINT('',(10123.7940181778,-500.,24855.4599766764));
#594=CARTESIAN_POINT('',(10119.0413017689,-500.,24864.3218471104));
#595=CARTESIAN_POINT('',(10116.3449326635,-490.,24850.2757800549));
#596=CARTESIAN_POINT('',(10115.6487887334,-500.,24849.776736244));
#597=CARTESIAN_POINT('',(10110.5839159144,-500.,24858.450160358));
#598=CARTESIAN_POINT('',(10109.4569836309,-490.,24845.3275976647));
#599=CARTESIAN_POINT('',(10109.5073268798,-500.,24845.3623692899));
#600=CARTESIAN_POINT('',(10103.5679631404,-500.,24853.409831378));
#601=CARTESIAN_POINT('',(10102.8088964613,-490.,24840.4633190846));
#602=CARTESIAN_POINT('',(10103.1487981838,-500.,24840.7130708319));
#603=CARTESIAN_POINT('',(10096.9037467859,-500.,24848.5335109818));
#604=CARTESIAN_POINT('',(10095.2600370872,-490.,24834.9830095043));
#605=CARTESIAN_POINT('',(10095.698739447,-500.,24835.2964674995));
#606=CARTESIAN_POINT('',(10089.443654934,-500.,24843.118167721));
#607=CARTESIAN_POINT('',(10086.6006003398,-490.,24828.9559868995));
#608=CARTESIAN_POINT('',(10086.8426628437,-500.,24829.1107894594));
#609=CARTESIAN_POINT('',(10081.039060758,-500.,24837.270444971));
#610=CARTESIAN_POINT('',(10077.234119836,-490.,24823.0428966715));
#611=CARTESIAN_POINT('',(10077.1594302752,-500.,24822.9873168079));
#612=CARTESIAN_POINT('',(10072.1593743669,-500.,24831.6697874204));
#613=CARTESIAN_POINT('',(10067.8349916625,-490.,24818.0475402213));
#614=CARTESIAN_POINT('',(10067.6086834599,-500.,24817.9387559238));
#615=CARTESIAN_POINT('',(10063.5288734648,-500.,24827.0919312659));
#616=CARTESIAN_POINT('',(10059.1373271283,-490.,24814.5183395599));
#617=CARTESIAN_POINT('',(10058.6670341487,-500.,24814.3499578845));
#618=CARTESIAN_POINT('',(10055.8690411011,-500.,24823.9962018603));
#619=CARTESIAN_POINT('',(10051.6707657564,-490.,24812.5120760886));
#620=CARTESIAN_POINT('',(10051.0908865516,-500.,24812.3785577813));
#621=CARTESIAN_POINT('',(10049.5989259938,-500.,24822.320719941));
#622=CARTESIAN_POINT('',(10045.7587525506,-490.,24811.6752679255));
#623=CARTESIAN_POINT('',(10045.2305547375,-500.,24811.6447243897));
#624=CARTESIAN_POINT('',(10044.8386225077,-500.,24821.6532481397));
#625=CARTESIAN_POINT('',(10041.0822055926,-490.,24811.5185904977));
#626=CARTESIAN_POINT('',(10040.9437909277,-500.,24811.5332391758));
#627=CARTESIAN_POINT('',(10041.1754808321,-500.,24821.5299171448));
#628=CARTESIAN_POINT('',(10036.8215026136,-490.,24811.7290625397));
#629=CARTESIAN_POINT('',(10037.0654600105,-500.,24811.7126835187));
#630=CARTESIAN_POINT('',(10037.7224832649,-500.,24821.697947187));
#631=CARTESIAN_POINT('',(10032.0103595288,-490.,24812.3358529348));
#632=CARTESIAN_POINT('',(10032.4481673952,-500.,24812.2660266059));
#633=CARTESIAN_POINT('',(10033.7106488931,-500.,24822.2017714664));
#634=CARTESIAN_POINT('',(10026.068873758,-490.,24813.5808907903));
#635=CARTESIAN_POINT('',(10026.5071890973,-500.,24813.4669903961));
#636=CARTESIAN_POINT('',(10028.5647851608,-500.,24823.2752886519));
#637=CARTESIAN_POINT('',(10018.8549438837,-490.,24815.7040236495));
#638=CARTESIAN_POINT('',(10019.2363388596,-500.,24815.5726816999));
#639=CARTESIAN_POINT('',(10022.0522582584,-500.,24825.1865678983));
#640=CARTESIAN_POINT('',(10010.597572276,-490.,24818.7363063933));
#641=CARTESIAN_POINT('',(10010.8021936296,-500.,24818.6529627408));
#642=CARTESIAN_POINT('',(10014.2858278467,-500.,24828.0337563519));
#643=CARTESIAN_POINT('',(10001.6701799686,-490.,24822.4235272617));
#644=CARTESIAN_POINT('',(10001.733351271,-500.,24822.3962451079));
#645=CARTESIAN_POINT('',(10005.5730501356,-500.,24831.6301922158));
#646=CARTESIAN_POINT('',(9992.64777301869,-490.,24826.2281664127));
#647=CARTESIAN_POINT('',(9992.45558959725,-500.,24826.3100027493));
#648=CARTESIAN_POINT('',(9996.46579896146,-500.,24835.4715861405));
#649=CARTESIAN_POINT('',(9984.17388283651,-490.,24829.5440035309));
#650=CARTESIAN_POINT('',(9983.73908085313,-500.,24829.7089777414));
#651=CARTESIAN_POINT('',(9987.62289764367,-500.,24838.9350091253));
#652=CARTESIAN_POINT('',(9976.90206005063,-490.,24831.9530569204));
#653=CARTESIAN_POINT('',(9976.3174096733,-500.,24832.1287763395));
#654=CARTESIAN_POINT('',(9979.79313191271,-500.,24841.5336473036));
#655=CARTESIAN_POINT('',(9971.06666808381,-490.,24833.4752389363));
#656=CARTESIAN_POINT('',(9970.64459514479,-500.,24833.5634131162));
#657=CARTESIAN_POINT('',(9973.30411425771,-500.,24843.2293322884));
#658=CARTESIAN_POINT('',(9966.08019829972,-490.,24834.4325151658));
#659=CARTESIAN_POINT('',(9966.23610106595,-500.,24834.3921908596));
#660=CARTESIAN_POINT('',(9967.66242302617,-500.,24844.3126038926));
#661=CARTESIAN_POINT('',(9960.76685616307,-490.,24835.1342078699));
#662=CARTESIAN_POINT('',(9961.35364425744,-500.,24835.069760509));
#663=CARTESIAN_POINT('',(9961.72746713361,-500.,24845.0948240155));
#664=CARTESIAN_POINT('',(9953.85033335414,-490.,24835.5944548097));
#665=CARTESIAN_POINT('',(9954.69315983805,-500.,24835.5743095393));
#666=CARTESIAN_POINT('',(9954.09081422883,-500.,24845.6014124233));
#667=CARTESIAN_POINT('',(9944.97310187573,-490.,24835.5240149943));
#668=CARTESIAN_POINT('',(9945.44610945311,-500.,24835.5559179142));
#669=CARTESIAN_POINT('',(9944.5068257332,-500.,24845.5200564707));
#670=CARTESIAN_POINT('',(9934.29657833369,-490.,24834.7387716695));
#671=CARTESIAN_POINT('',(9934.63628141688,-500.,24834.7727020296));
#672=CARTESIAN_POINT('',(9933.30621178035,-500.,24844.6917923956));
#673=CARTESIAN_POINT('',(9922.98144758738,-490.,24833.467674925));
#674=CARTESIAN_POINT('',(9922.54823159169,-500.,24833.4212050551));
#675=CARTESIAN_POINT('',(9921.80041436882,-500.,24843.3973518446));
#676=CARTESIAN_POINT('',(9911.88187981146,-490.,24832.1945039132));
#677=CARTESIAN_POINT('',(9911.42594417491,-500.,24832.1382610107));
#678=CARTESIAN_POINT('',(9910.81932048302,-500.,24842.1387371748));
#679=CARTESIAN_POINT('',(9901.89099262961,-490.,24831.28571179));
#680=CARTESIAN_POINT('',(9901.36012576865,-500.,24831.2598821752));
#681=CARTESIAN_POINT('',(9901.15082670785,-500.,24841.2608558452));
#682=CARTESIAN_POINT('',(9892.49866760214,-490.,24830.7985746312));
#683=CARTESIAN_POINT('',(9892.60030368485,-500.,24830.8039668549));
#684=CARTESIAN_POINT('',(9892.19702847583,-500.,24840.7973780078));
#685=CARTESIAN_POINT('',(9883.29606169561,-490.,24830.7321689382));
#686=CARTESIAN_POINT('',(9883.38665712827,-500.,24830.7274257909));
#687=CARTESIAN_POINT('',(9883.48040181237,-500.,24840.7352737882));
#688=CARTESIAN_POINT('',(9873.96653388017,-490.,24831.1748654047));
#689=CARTESIAN_POINT('',(9873.91665612668,-500.,24831.1742893036));
#690=CARTESIAN_POINT('',(9874.7502196623,-500.,24841.1514648212));
#691=CARTESIAN_POINT('',(9864.93244787961,-490.,24832.2131943249));
#692=CARTESIAN_POINT('',(9864.78151937975,-500.,24832.2361749832));
#693=CARTESIAN_POINT('',(9866.43432802917,-500.,24842.1102603049));
#694=CARTESIAN_POINT('',(9856.61653991324,-490.,24833.8458828484));
#695=CARTESIAN_POINT('',(9856.4300684419,-500.,24833.890077669));
#696=CARTESIAN_POINT('',(9858.95125792821,-500.,24843.5835219744));
#697=CARTESIAN_POINT('',(9849.20746865128,-490.,24836.0183982992));
#698=CARTESIAN_POINT('',(9849.06157899111,-500.,24836.0694846176));
#699=CARTESIAN_POINT('',(9852.47481152003,-500.,24845.4886208868));
#700=CARTESIAN_POINT('',(9842.86055133086,-490.,24838.616632363));
#701=CARTESIAN_POINT('',(9842.60901540407,-500.,24838.7311076106));
#702=CARTESIAN_POINT('',(9847.12618183577,-500.,24847.6835077909));
#703=CARTESIAN_POINT('',(9837.56828328347,-490.,24841.5091552173));
#704=CARTESIAN_POINT('',(9837.38828771935,-500.,24841.6205176664));
#705=CARTESIAN_POINT('',(9842.82738847848,-500.,24850.0417781282));
#706=CARTESIAN_POINT('',(9833.27651499837,-490.,24844.5383697613));
#707=CARTESIAN_POINT('',(9833.14171809212,-500.,24844.6568866391));
#708=CARTESIAN_POINT('',(9839.50253479751,-500.,24852.3909651974));
#709=CARTESIAN_POINT('',(9829.6038413882,-490.,24847.8068450926));
#710=CARTESIAN_POINT('',(9829.68099628565,-500.,24847.7408528365));
#711=CARTESIAN_POINT('',(9836.64559338697,-500.,24854.9309233998));
#712=CARTESIAN_POINT('',(9826.11351053141,-490.,24851.5972518975));
#713=CARTESIAN_POINT('',(9826.31386772006,-500.,24851.369735043));
#714=CARTESIAN_POINT('',(9833.83336803344,-500.,24857.9790240073));
#715=CARTESIAN_POINT('',(9822.5035709071,-490.,24856.3873833399));
#716=CARTESIAN_POINT('',(9822.71123583672,-500.,24856.0742212257));
#717=CARTESIAN_POINT('',(9830.81417382164,-500.,24861.9773212666));
#718=CARTESIAN_POINT('',(9818.74291889524,-490.,24862.5232547481));
#719=CARTESIAN_POINT('',(9818.92204195261,-500.,24862.193800158));
#720=CARTESIAN_POINT('',(9827.52349157058,-500.,24867.3333475842));
#721=CARTESIAN_POINT('',(9814.95586873481,-490.,24870.0672807612));
#722=CARTESIAN_POINT('',(9815.06567720564,-500.,24869.8265343166));
#723=CARTESIAN_POINT('',(9824.06039190778,-500.,24874.2184435568));
#724=CARTESIAN_POINT('',(9811.20192200423,-490.,24878.8794062872));
#725=CARTESIAN_POINT('',(9811.28823274568,-500.,24878.659527518));
#726=CARTESIAN_POINT('',(9820.49047588495,-500.,24882.5881442765));
#727=CARTESIAN_POINT('',(9807.4548648209,-490.,24888.5773195517));
#728=CARTESIAN_POINT('',(9807.49308735135,-500.,24888.4763499704));
#729=CARTESIAN_POINT('',(9816.80499415336,-500.,24892.1225528346));
#730=CARTESIAN_POINT('',(9803.58032912153,-490.,24898.6440645808));
#731=CARTESIAN_POINT('',(9803.56947247297,-500.,24898.6756082032));
#732=CARTESIAN_POINT('',(9812.87463010003,-500.,24902.3381314702));
#733=CARTESIAN_POINT('',(9799.4387466867,-490.,24908.4082619369));
#734=CARTESIAN_POINT('',(9799.3694026268,-500.,24908.5682319814));
#735=CARTESIAN_POINT('',(9808.54042844117,-500.,24912.5684206654));
#736=CARTESIAN_POINT('',(9794.94341497161,-490.,24917.2647261705));
#737=CARTESIAN_POINT('',(9794.80988148251,-500.,24917.5065236205));
#738=CARTESIAN_POINT('',(9803.67467653106,-500.,24922.172626305));
#739=CARTESIAN_POINT('',(9790.0960729061,-490.,24924.8471969405));
#740=CARTESIAN_POINT('',(9789.92736054716,-500.,24925.0783112947));
#741=CARTESIAN_POINT('',(9798.23683187228,-500.,24930.6974698569));
#742=CARTESIAN_POINT('',(9784.93230781347,-490.,24931.0973737843));
#743=CARTESIAN_POINT('',(9784.77846241715,-500.,24931.2536099023));
#744=CARTESIAN_POINT('',(9792.24646427124,-500.,24937.9625346648));
#745=CARTESIAN_POINT('',(9779.43171128666,-490.,24936.1648832085));
#746=CARTESIAN_POINT('',(9779.32109121584,-500.,24936.2485226335));
#747=CARTESIAN_POINT('',(9785.70149749857,-500.,24944.0002345641));
#748=CARTESIAN_POINT('',(9773.4441318039,-490.,24940.2696458233));
#749=CARTESIAN_POINT('',(9773.4254355379,-500.,24940.2735593747));
#750=CARTESIAN_POINT('',(9778.4877247789,-500.,24948.9474488263));
#751=CARTESIAN_POINT('',(9765.89799960335,-490.,24943.9491778018));
#752=CARTESIAN_POINT('',(9765.9174711802,-500.,24943.9394333209));
#753=CARTESIAN_POINT('',(9769.41720659462,-500.,24953.366193043));
#754=CARTESIAN_POINT('',(9759.72776375873,-490.,24945.7282605926));
#755=CARTESIAN_POINT('',(9759.78333075619,-500.,24945.7180612622));
#756=CARTESIAN_POINT('',(9762.14106978936,-500.,24955.4529455831));
#757=CARTESIAN_POINT('',(9755.80282361131,-490.,24946.4486839202));
#758=CARTESIAN_POINT('',(9755.80282361131,-500.,24946.4486839202));
#759=CARTESIAN_POINT('',(9757.6081653939,-500.,24956.2843710365));
#760=FACE_BOUND('',#761,.T.);
#761=EDGE_LOOP('',(#1464,#1465,#1466,#1467));
#762=(BOUNDED_SURFACE()B_SPLINE_SURFACE(3,2,(
(#763,#764,#765),
(#766,#767,#768),
(#769,#770,#771),
(#772,#773,#774),
(#775,#776,#777),
(#778,#779,#780),
(#781,#782,#783),
(#784,#785,#786),
(#787,#788,#789),
(#790,#791,#792),
(#793,#794,#795),
(#796,#797,#798),
(#799,#800,#801),
(#802,#803,#804),
(#805,#806,#807),
(#808,#809,#810),
(#811,#812,#813),
(#814,#815,#816),
(#817,#818,#819),
(#820,#821,#822),
(#823,#824,#825),
(#826,#827,#828),
(#829,#830,#831),
(#832,#833,#834),
(#835,#836,#837),
(#838,#839,#840),
(#841,#842,#843),
(#844,#845,#846),
(#847,#848,#849),
(#850,#851,#852),
(#853,#854,#855),
(#856,#857,#858),
(#859,#860,#861),
(#862,#863,#864),
(#865,#866,#867),
(#868,#869,#870),
(#871,#872,#873),
(#874,#875,#876),
(#877,#878,#879),
(#880,#881,#882),
(#883,#884,#885),
(#886,#887,#888),
(#889,#890,#891),
(#892,#893,#894),
(#895,#896,#897),
(#898,#899,#900),
(#901,#902,#903),
(#904,#905,#906),
(#907,#908,#909),
(#910,#911,#912),
(#913,#914,#915),
(#916,#917,#918),
(#919,#920,#921),
(#922,#923,#924),
(#925,#926,#927),
(#928,#929,#930),
(#931,#932,#933),
(#934,#935,#936),
(#937,#938,#939),
(#940,#941,#942),
(#943,#944,#945),
(#946,#947,#948),
(#949,#950,#951),
(#952,#953,#954),
(#955,#956,#957),
(#958,#959,#960),
(#961,#962,#963),
(#964,#965,#966),
(#967,#968,#969),
(#970,#971,#972),
(#973,#974,#975),
(#976,#977,#978),
(#979,#980,#981),
(#982,#983,#984),
(#985,#986,#987),
(#988,#989,#990),
(#991,#992,#993),
(#994,#995,#996),
(#997,#998,#999),
(#1000,#1001,#1002),
(#1003,#1004,#1005),
(#1006,#1007,#1008),
(#1009,#1010,#1011),
(#1012,#1013,#1014),
(#1015,#1016,#1017),
(#1018,#1019,#1020),
(#1021,#1022,#1023),
(#1024,#1025,#1026),
(#1027,#1028,#1029),
(#1030,#1031,#1032),
(#1033,#1034,#1035),
(#1036,#1037,#1038),
(#1039,#1040,#1041),
(#1042,#1043,#1044),
(#1045,#1046,#1047),
(#1048,#1049,#1050),
(#1051,#1052,#1053),
(#1054,#1055,#1056),
(#1057,#1058,#1059),
(#1060,#1061,#1062),
(#1063,#1064,#1065),
(#1066,#1067,#1068),
(#1069,#1070,#1071),
(#1072,#1073,#1074),
(#1075,#1076,#1077),
(#1078,#1079,#1080),
(#1081,#1082,#1083),
(#1084,#1085,#1086),
(#1087,#1088,#1089),
(#1090,#1091,#1092),
(#1093,#1094,#1095),
(#1096,#1097,#1098),
(#1099,#1100,#1101),
(#1102,#1103,#1104),
(#1105,#1106,#1107),
(#1108,#1109,#1110),
(#1111,#1112,#1113),
(#1114,#1115,#1116),
(#1117,#1118,#1119)),
.UNSPECIFIED.,.F.,.F.,.F.)B_SPLINE_SURFACE_WITH_KNOTS((4,1,1,1,1,1,1,1,1,1,1,1,1,
1,1,1,1,1,1,1,1,1,1,1,1,1,1,1,1,1,1,1,1,1,1,1,1,1,1,1,1,1,1,1,1,1,1,1,1,1,1,1,1,
1,1,1,1,1,1,1,1,1,1,1,1,1,1,1,1,1,1,1,1,1,1,1,1,1,1,1,1,1,1,1,1,1,1,1,1,1,1,1,1,
1,1,1,1,1,1,1,1,1,1,1,1,1,1,1,1,1,1,1,1,1,1,1,4),
(3,3),
(-0.156134478862697,-0.0300353142140451,0.022914224597815,0.0758637634096751,0.133244604874129,
0.201179491248683,0.300763029996673,0.430198275382068,0.575258427049165,0.700191326862235,
0.819543108639589,0.925028790564778,1.01863727435407,1.10420114036623,1.18565366784195,
1.26581703039039,1.34576606824285,1.42571510609531,1.50575661428284,1.58688514755399,
1.67190488199896,1.76401085390461,1.86857859461592,1.96012748878696,2.05403647125365,
2.16213937535816,2.2998966640026,2.44043536695925,2.57278767553034,2.68375630782473,
2.76087483710095,2.79965018955257,2.8384255420042,2.88596173653783,2.95478979875297,
3.04921381064852,3.15266704866163,3.25125331282101,3.3403424938973,3.42057473074044,
3.4879871742883,3.53421045009633,3.56993611653595,3.60634584766887,3.65949121564391,
3.73658100257675,3.83036651463935,3.9327807560533,4.03554357084663,4.1364369945574,
4.23207592946005,4.3117877022854,4.38204204090545,4.43147741466466,4.46315421654356,
4.50088069171427,4.55413817788678,4.628066472144,4.71198781237957,4.79947155587848,
4.88383297465928,4.96318124980326,5.0370979295681,5.10483977460038,5.16637201767703,
5.22279144803438,5.27629869904231,5.32770318140505,5.37670487211558,5.41527686839311,
5.44340541664689,5.46952923415697,5.50572833711953,5.55352038088491,5.61030254712369,
5.6734217518902,5.74389005478143,5.82126264358893,5.90446861920539,5.99053064547736,
6.07498061851807,6.15362361050575,6.22503704765167,6.28720259124011,6.34091422709662,
6.38125971830955,6.41258162388476,6.44140935397482,6.48397453973845,6.53934156827714,
6.60625328571013,6.67794656118118,6.75809295795704,6.84644637628604,6.94207779725506,
7.042693190479,7.14288906556683,7.22757238416722,7.29082407517252,7.33526262618484,
7.3849054650133,7.45799627782912,7.56229919348875,7.67519214093717,7.78390858512764,
7.87833753137813,7.97778170723456,8.06071636698138,8.12948837644419,8.17793244352696,
8.22708120685093,8.28627982714003,8.36453045633702,8.46587528061182,8.58681926552597,
8.71593938622178,9.00000011693115),
(0.,1.),
.UNSPECIFIED.)GEOMETRIC_REPRESENTATION_ITEM()RATIONAL_B_SPLINE_SURFACE((
(1.,0.707106781186548,1.),
(1.,0.707106781186547,1.),
(1.,0.707106781186548,1.),
(1.,0.707106781186547,1.),
(1.,0.707106781186547,1.),
(1.,0.707106781186547,1.),
(1.,0.707106781186548,1.),
(1.,0.707106781186548,1.),
(1.,0.707106781186547,1.),
(1.,0.707106781186548,1.),
(1.,0.707106781186548,1.),
(1.,0.707106781186548,1.),
(1.,0.707106781186547,1.),
(1.,0.707106781186548,1.),
(1.,0.707106781186547,1.),
(1.,0.707106781186548,1.),
(1.,0.707106781186548,1.),
(1.,0.707106781186548,1.),
(1.,0.707106781186547,1.),
(1.,0.707106781186548,1.),
(1.,0.707106781186548,1.),
(1.,0.707106781186548,1.),
(1.,0.707106781186548,1.),
(1.,0.707106781186548,1.),
(1.,0.707106781186547,1.),
(1.,0.707106781186548,1.),
(1.,0.707106781186548,1.),
(1.,0.707106781186547,1.),
(1.,0.707106781186548,1.),
(1.,0.707106781186548,1.),
(1.,0.707106781186548,1.),
(1.,0.707106781186547,1.),
(1.,0.707106781186547,1.),
(1.,0.707106781186548,1.),
(1.,0.707106781186548,1.),
(1.,0.707106781186547,1.),
(1.,0.707106781186548,1.),
(1.,0.707106781186547,1.),
(1.,0.707106781186547,1.),
(1.,0.707106781186548,1.),
(1.,0.707106781186547,1.),
(1.,0.707106781186548,1.),
(1.,0.707106781186547,1.),
(1.,0.707106781186547,1.),
(1.,0.707106781186547,1.),
(1.,0.707106781186548,1.),
(1.,0.707106781186548,1.),
(1.,0.707106781186547,1.),
(1.,0.707106781186548,1.),
(1.,0.707106781186547,1.),
(1.,0.707106781186548,1.),
(1.,0.707106781186548,1.),
(1.,0.707106781186548,1.),
(1.,0.707106781186548,1.),
(1.,0.707106781186548,1.),
(1.,0.707106781186548,1.),
(1.,0.707106781186547,1.),
(1.,0.707106781186548,1.),
(1.,0.707106781186548,1.),
(1.,0.707106781186548,1.),
(1.,0.707106781186547,1.),
(1.,0.707106781186548,1.),
(1.,0.707106781186547,1.),
(1.,0.707106781186548,1.),
(1.,0.707106781186547,1.),
(1.,0.707106781186548,1.),
(1.,0.707106781186548,1.),
(1.,0.707106781186548,1.),
(1.,0.707106781186547,1.),
(1.,0.707106781186547,1.),
(1.,0.707106781186548,1.),
(1.,0.707106781186547,1.),
(1.,0.707106781186548,1.),
(1.,0.707106781186547,1.),
(1.,0.707106781186548,1.),
(1.,0.707106781186547,1.),
(1.,0.707106781186548,1.),
(1.,0.707106781186547,1.),
(1.,0.707106781186548,1.),
(1.,0.707106781186547,1.),
(1.,0.707106781186548,1.),
(1.,0.707106781186547,1.),
(1.,0.707106781186548,1.),
(1.,0.707106781186547,1.),
(1.,0.707106781186548,1.),
(1.,0.707106781186547,1.),
(1.,0.707106781186548,1.),
(1.,0.707106781186547,1.),
(1.,0.707106781186548,1.),
(1.,0.707106781186547,1.),
(1.,0.707106781186548,1.),
(1.,0.707106781186547,1.),
(1.,0.707106781186548,1.),
(1.,0.707106781186547,1.),
(1.,0.707106781186548,1.),
(1.,0.707106781186548,1.),
(1.,0.707106781186547,1.),
(1.,0.707106781186548,1.),
(1.,0.707106781186548,1.),
(1.,0.707106781186548,1.),
(1.,0.707106781186547,1.),
(1.,0.707106781186548,1.),
(1.,0.707106781186547,1.),
(1.,0.707106781186548,1.),
(1.,0.707106781186547,1.),
(1.,0.707106781186548,1.),
(1.,0.707106781186547,1.),
(1.,0.707106781186548,1.),
(1.,0.707106781186547,1.),
(1.,0.707106781186548,1.),
(1.,0.707106781186547,1.),
(1.,0.707106781186548,1.),
(1.,0.707106781186548,1.),
(1.,0.707106781186547,1.),
(1.,0.707106781186548,1.),
(1.,0.707106781186548,1.),
(1.,0.707106781186548,1.),
(1.,0.707106781186547,1.),
(1.,0.707106781186548,1.)))REPRESENTATION_ITEM('')SURFACE());
#763=CARTESIAN_POINT('',(9736.4468499301,0.,24929.6673527767));
#764=CARTESIAN_POINT('',(9756.46236784308,0.,24929.6652801864));
#765=CARTESIAN_POINT('',(9756.46236784309,-19.9999999999999,24929.6652801864));
#766=CARTESIAN_POINT('',(9736.28346411958,0.,24933.9020869136));
#767=CARTESIAN_POINT('',(9756.28713046917,0.,24934.1913333227));
#768=CARTESIAN_POINT('',(9756.2909196242,-20.,24934.1088558614));
#769=CARTESIAN_POINT('',(9736.03597108797,0.,24939.9936387602));
#770=CARTESIAN_POINT('',(9756.02874770874,0.,24940.5857617199));
#771=CARTESIAN_POINT('',(9756.03129666941,-19.9999999999999,24940.4992276993));
#772=CARTESIAN_POINT('',(9735.73276188558,0.,24947.9990401495));
#773=CARTESIAN_POINT('',(9755.71098696257,0.,24948.9284296071));
#774=CARTESIAN_POINT('',(9755.71308777361,-19.9999999999999,24948.9001489622));
#775=CARTESIAN_POINT('',(9735.44281375437,0.,24953.579319772));
#776=CARTESIAN_POINT('',(9755.41850796276,0.,24954.5753165262));
#777=CARTESIAN_POINT('',(9755.40924633012,-20.,24954.7470313828));
#778=CARTESIAN_POINT('',(9735.05440120275,0.,24959.5771205434));
#779=CARTESIAN_POINT('',(9755.03781018349,0.,24960.504684332));
#780=CARTESIAN_POINT('',(9755.0032170963,-19.9999999999999,24961.0159406191));
#781=CARTESIAN_POINT('',(9734.49710621189,0.,24966.6674296991));
#782=CARTESIAN_POINT('',(9754.48599069022,0.,24967.6533556343));
#783=CARTESIAN_POINT('',(9754.4230178583,-20.,24968.3957772577));
#784=CARTESIAN_POINT('',(9733.69620384388,0.,24975.2494510628));
#785=CARTESIAN_POINT('',(9753.67012315498,0.,24976.5310528672));
#786=CARTESIAN_POINT('',(9753.59567885066,-19.9999999999998,24977.2572267289));
#787=CARTESIAN_POINT('',(9732.68330292002,0.,24984.8368466367));
#788=CARTESIAN_POINT('',(9752.58826903658,0.,24986.8035955708));
#789=CARTESIAN_POINT('',(9752.56571806429,-20.,24987.0014665994));
#790=CARTESIAN_POINT('',(9731.63985826059,0.,24994.5728541552));
#791=CARTESIAN_POINT('',(9751.52445825729,0.,24996.7007898396));
#792=CARTESIAN_POINT('',(9751.53604232769,-19.9999999999999,24996.613551197));
#793=CARTESIAN_POINT('',(9730.82101037331,0.,25003.6163079638));
#794=CARTESIAN_POINT('',(9750.74751061727,0.,25005.4218462668));
#795=CARTESIAN_POINT('',(9750.76712229784,-20.,25005.140993027));
#796=CARTESIAN_POINT('',(9730.38709509827,0.,25011.7745210772));
#797=CARTESIAN_POINT('',(9750.38159440254,0.,25012.5743184105));
#798=CARTESIAN_POINT('',(9750.38859756718,-19.9999999999998,25012.3674461749));
#799=CARTESIAN_POINT('',(9730.40891849572,0.,25019.0714649808));
#800=CARTESIAN_POINT('',(9750.42333787332,0.,25018.5712536096));
#801=CARTESIAN_POINT('',(9750.41427677036,-20.,25018.3675334158));
#802=CARTESIAN_POINT('',(9730.91555412398,0.,25025.7345023133));
#803=CARTESIAN_POINT('',(9750.82500146517,0.,25023.5638851364));
#804=CARTESIAN_POINT('',(9750.807065072,-19.9999999999999,25023.4289228238));
#805=CARTESIAN_POINT('',(9731.92444142536,0.,25031.9195997209));
#806=CARTESIAN_POINT('',(9751.5423938937,0.,25027.8607388846));
#807=CARTESIAN_POINT('',(9751.52548370317,-20.0000000000001,25027.789855077));
#808=CARTESIAN_POINT('',(9733.47961256262,0.,25037.8035896829));
#809=CARTESIAN_POINT('',(9752.5718289185,0.,25031.7168725712));
#810=CARTESIAN_POINT('',(9752.56167346456,-19.9999999999999,25031.6889098236));
#811=CARTESIAN_POINT('',(9735.64482749418,0.,25043.4769615483));
#812=CARTESIAN_POINT('',(9753.94393306787,0.,25035.2993305321));
#813=CARTESIAN_POINT('',(9753.94032572789,-20.0000000000001,25035.2922166775));
#814=CARTESIAN_POINT('',(9738.46475047687,0.,25048.9257586086));
#815=CARTESIAN_POINT('',(9755.70273222692,0.,25038.6967081631));
#816=CARTESIAN_POINT('',(9755.70230682767,-19.9999999999998,25038.6961756668));
#817=CARTESIAN_POINT('',(9741.9351615613,0.,25054.0800116627));
#818=CARTESIAN_POINT('',(9757.88983221441,0.,25041.9502065578));
#819=CARTESIAN_POINT('',(9757.89344370843,-20.0000000000001,25041.9555285533));
#820=CARTESIAN_POINT('',(9746.02687855255,0.,25058.8979885832));
#821=CARTESIAN_POINT('',(9760.55411020461,0.,25045.0972000511));
#822=CARTESIAN_POINT('',(9760.57321305257,-19.9999999999999,25045.1191522269));
#823=CARTESIAN_POINT('',(9750.75584284033,0.,25063.4174955918));
#824=CARTESIAN_POINT('',(9763.79009418624,0.,25048.2054315822));
#825=CARTESIAN_POINT('',(9763.84528309191,-20.,25048.2557750443));
#826=CARTESIAN_POINT('',(9756.26240762251,0.,25067.7602793018));
#827=CARTESIAN_POINT('',(9767.78161905291,0.,25051.3755391638));
#828=CARTESIAN_POINT('',(9767.90908586925,-19.9999999999999,25051.4706005692));
#829=CARTESIAN_POINT('',(9762.627062661,0.,25071.9443415448));
#830=CARTESIAN_POINT('',(9772.87780719921,0.,25054.7564223608));
#831=CARTESIAN_POINT('',(9772.93078313741,-20.0000000000001,25054.7814786175));
#832=CARTESIAN_POINT('',(9769.88173933671,0.,25075.9765695783));
#833=CARTESIAN_POINT('',(9778.99354122547,0.,25058.1623973806));
#834=CARTESIAN_POINT('',(9779.01348556508,-19.9999999999999,25058.1696314352));
#835=CARTESIAN_POINT('',(9777.97512305459,0.,25079.8571324422));
#836=CARTESIAN_POINT('',(9786.12300435518,0.,25061.5772606929));
#837=CARTESIAN_POINT('',(9786.13861977543,-20.0000000000001,25061.5909650851));
#838=CARTESIAN_POINT('',(9787.41364135388,0.,25083.8398854767));
#839=CARTESIAN_POINT('',(9794.31557912001,0.,25065.0488619339));
#840=CARTESIAN_POINT('',(9794.75783820041,-19.9999999999999,25065.2309556504));
#841=CARTESIAN_POINT('',(9798.70985617303,0.,25088.0552911172));
#842=CARTESIAN_POINT('',(9804.76557864482,0.,25068.9825139517));
#843=CARTESIAN_POINT('',(9805.27477427481,-20.,25069.1572065997));
#844=CARTESIAN_POINT('',(9812.12574833528,0.,25092.4213540647));
#845=CARTESIAN_POINT('',(9817.59590917919,0.,25073.1854268999));
#846=CARTESIAN_POINT('',(9817.87820015683,-19.9999999999999,25073.2594985901));
#847=CARTESIAN_POINT('',(9826.57747819688,0.,25096.4080106128));
#848=CARTESIAN_POINT('',(9831.75830659533,0.,25077.0872419018));
#849=CARTESIAN_POINT('',(9831.44842021628,-20.,25077.0022453474));
#850=CARTESIAN_POINT('',(9840.28577257027,0.,25099.4694768406));
#851=CARTESIAN_POINT('',(9844.90990283373,0.,25079.9938424244));
#852=CARTESIAN_POINT('',(9844.19024421563,-19.9999999999998,25079.8446916502));
#853=CARTESIAN_POINT('',(9851.52517285593,0.,25101.3613407329));
#854=CARTESIAN_POINT('',(9855.42339100612,0.,25081.711901152));
#855=CARTESIAN_POINT('',(9854.41510456043,-20.0000000000002,25081.562979235));
#856=CARTESIAN_POINT('',(9859.77084714596,0.,25102.3231562809));
#857=CARTESIAN_POINT('',(9862.43002023371,0.,25082.4699093341));
#858=CARTESIAN_POINT('',(9861.7085128835,-19.9999999999997,25082.4097524515));
#859=CARTESIAN_POINT('',(9865.60567475013,0.,25102.738052318));
#860=CARTESIAN_POINT('',(9866.96732871541,0.,25082.7711398083));
#861=CARTESIAN_POINT('',(9866.69163542161,-20.0000000000001,25082.7635744898));
#862=CARTESIAN_POINT('',(9870.38333824589,0.,25102.9141380469));
#863=CARTESIAN_POINT('',(9870.5100661673,0.,25082.905994139));
#864=CARTESIAN_POINT('',(9870.79166125901,-19.9999999999998,25082.9149741554));
#865=CARTESIAN_POINT('',(9875.54300640653,0.,25102.9400593516));
#866=CARTESIAN_POINT('',(9874.74296584347,0.,25082.9417271568));
#867=CARTESIAN_POINT('',(9875.23832249986,-20.0000000000002,25082.9374899272));
#868=CARTESIAN_POINT('',(9881.78075967796,0.,25102.7347225068));
#869=CARTESIAN_POINT('',(9880.22546473219,0.,25082.7871042421));
#870=CARTESIAN_POINT('',(9880.68965570999,-19.9999999999998,25082.7592647102));
#871=CARTESIAN_POINT('',(9888.76027602177,0.,25102.2292497983));
#872=CARTESIAN_POINT('',(9886.75502991053,0.,25082.3297503957));
#873=CARTESIAN_POINT('',(9886.98289517066,-20.0000000000001,25082.306057334));
#874=CARTESIAN_POINT('',(9895.62143182633,0.,25101.5478239574));
#875=CARTESIAN_POINT('',(9893.59255872486,0.,25081.6510760517));
#876=CARTESIAN_POINT('',(9893.5498080733,-19.9999999999999,25081.6558787739));
#877=CARTESIAN_POINT('',(9901.64718863177,0.,25100.9519753453));
#878=CARTESIAN_POINT('',(9900.02631668422,0.,25081.0142849839));
#879=CARTESIAN_POINT('',(9899.85730460106,-20.0000000000001,25081.0299858007));
#880=CARTESIAN_POINT('',(9906.57642064344,0.,25100.61314046));
#881=CARTESIAN_POINT('',(9905.82172392231,0.,25080.6168448658));
#882=CARTESIAN_POINT('',(9905.59773620675,-19.9999999999999,25080.6280208539));
#883=CARTESIAN_POINT('',(9910.44659780003,0.,25100.5444052192));
#884=CARTESIAN_POINT('',(9910.9257412242,0.,25080.5336676971));
#885=CARTESIAN_POINT('',(9910.61721352372,-20.0000000000001,25080.5332088348));
#886=CARTESIAN_POINT('',(9913.46278424523,0.,25100.6752826341));
#887=CARTESIAN_POINT('',(9915.14645685896,0.,25080.7322960328));
#888=CARTESIAN_POINT('',(9914.82178834535,-19.9999999999999,25080.7093142619));
#889=CARTESIAN_POINT('',(9915.74033159259,0.,25100.9027129747));
#890=CARTESIAN_POINT('',(9918.44928968237,0.,25081.0818180007));
#891=CARTESIAN_POINT('',(9918.21806089081,-20.0000000000001,25081.0487641101));
#892=CARTESIAN_POINT('',(9917.78191202693,0.,25101.2073755313));
#893=CARTESIAN_POINT('',(9921.10529394206,0.,25081.484176544));
#894=CARTESIAN_POINT('',(9921.15611190934,-19.9999999999999,25081.4889294381));
#895=CARTESIAN_POINT('',(9920.11033720809,0.,25101.6468090158));
#896=CARTESIAN_POINT('',(9923.94884298021,0.,25082.0148773397));
#897=CARTESIAN_POINT('',(9924.26310306567,-20.0000000000001,25082.077515923));
#898=CARTESIAN_POINT('',(9923.26866836672,0.,25102.3721370528));
#899=CARTESIAN_POINT('',(9927.77951838016,0.,25082.8768620031));
#900=CARTESIAN_POINT('',(9928.22342264946,-20.,25082.9895502842));
#901=CARTESIAN_POINT('',(9927.6963326779,0.,25103.5819855319));
#902=CARTESIAN_POINT('',(9933.00835575029,0.,25084.2900619303));
#903=CARTESIAN_POINT('',(9933.39592849844,-19.9999999999999,25084.4071177741));
#904=CARTESIAN_POINT('',(9933.45619251139,0.,25105.3796913065));
#905=CARTESIAN_POINT('',(9939.47934580434,0.,25086.3044295815));
#906=CARTESIAN_POINT('',(9939.68372602402,-19.9999999999999,25086.3727997893));
#907=CARTESIAN_POINT('',(9940.27522241257,0.,25107.6600666223));
#908=CARTESIAN_POINT('',(9946.62089880194,0.,25088.6939471254));
#909=CARTESIAN_POINT('',(9946.67755596795,-20.,25088.7128282698));
#910=CARTESIAN_POINT('',(9947.71982090241,0.,25110.1407178972));
#911=CARTESIAN_POINT('',(9953.9372812376,0.,25091.1303393217));
#912=CARTESIAN_POINT('',(9953.88326846185,-19.9999999999999,25091.1122879386));
#913=CARTESIAN_POINT('',(9955.36092669968,0.,25112.4829254898));
#914=CARTESIAN_POINT('',(9961.03614142906,0.,25093.299586533));
#915=CARTESIAN_POINT('',(9960.8542624661,-20.,25093.2452531745));
#916=CARTESIAN_POINT('',(9962.82687997122,0.,25114.3989699806));
#917=CARTESIAN_POINT('',(9967.48592318754,0.,25094.9339154942));
#918=CARTESIAN_POINT('',(9967.24904421597,-20.0000000000001,25094.879091657));
#919=CARTESIAN_POINT('',(9969.72329526994,0.,25115.6959355057));
#920=CARTESIAN_POINT('',(9973.09937257358,0.,25095.9611473485));
#921=CARTESIAN_POINT('',(9972.75058805386,-19.9999999999998,25095.9079958286));
#922=CARTESIAN_POINT('',(9975.65673761226,0.,25116.3553069317));
#923=CARTESIAN_POINT('',(9977.54991352302,0.,25096.4225075969));
#924=CARTESIAN_POINT('',(9977.19501137057,-20.0000000000001,25096.3939908792));
#925=CARTESIAN_POINT('',(9980.57883569179,0.,25116.5256850929));
#926=CARTESIAN_POINT('',(9980.85105169298,0.,25096.5043831648));
#927=CARTESIAN_POINT('',(9980.61803400566,-19.9999999999999,25096.5105803814));
#928=CARTESIAN_POINT('',(9984.66262810999,0.,25116.3899719667));
#929=CARTESIAN_POINT('',(9983.39764627392,0.,25096.4133509162));
#930=CARTESIAN_POINT('',(9983.42658953606,-20.0000000000001,25096.4176382482));
#931=CARTESIAN_POINT('',(9988.69597909618,0.,25116.0299445199));
#932=CARTESIAN_POINT('',(9985.98809514871,0.,25096.1962159195));
#933=CARTESIAN_POINT('',(9986.28323666374,-19.9999999999999,25096.1640636252));
#934=CARTESIAN_POINT('',(9993.39759418887,0.,25115.3247969875));
#935=CARTESIAN_POINT('',(9989.40638434221,0.,25095.7102756209));
#936=CARTESIAN_POINT('',(9989.72042353877,-20.,25095.6505853359));
#937=CARTESIAN_POINT('',(9998.81280885812,0.,25114.1411469226));
#938=CARTESIAN_POINT('',(9993.67401806359,0.,25094.8024263758));
#939=CARTESIAN_POINT('',(9993.89941980835,-20.,25094.7420391342));
#940=CARTESIAN_POINT('',(10004.4182695994,0.,25112.5619358518));
#941=CARTESIAN_POINT('',(9998.49169172718,0.,25093.4571243741));
#942=CARTESIAN_POINT('',(9998.55775483499,-20.,25093.4350626191));
#943=CARTESIAN_POINT('',(10009.6606860787,0.,25110.8681728118));
#944=CARTESIAN_POINT('',(10003.3718983181,0.,25091.882923866));
#945=CARTESIAN_POINT('',(10003.3425264077,-19.9999999999999,25091.8926010059));
#946=CARTESIAN_POINT('',(10014.1781507576,0.,25109.3660196193));
#947=CARTESIAN_POINT('',(10008.0434101074,0.,25090.3288242099));
#948=CARTESIAN_POINT('',(10007.9600712442,-20.,25090.356264578));
#949=CARTESIAN_POINT('',(10017.8384233213,0.,25108.2368997362));
#950=CARTESIAN_POINT('',(10012.3694434082,0.,25088.9913434154));
#951=CARTESIAN_POINT('',(10012.2694015864,-20.,25089.0203940184));
#952=CARTESIAN_POINT('',(10020.6293192238,0.,25107.5265156763));
#953=CARTESIAN_POINT('',(10016.3251164745,0.,25087.9775324464));
#954=CARTESIAN_POINT('',(10016.2195024304,-19.9999999999999,25088.0013900345));
#955=CARTESIAN_POINT('',(10022.6136236581,0.,25107.1763441884));
#956=CARTESIAN_POINT('',(10019.9148472751,0.,25087.3317192814));
#957=CARTESIAN_POINT('',(10019.8123464585,-20.,25087.3457213052));
#958=CARTESIAN_POINT('',(10023.9161603476,0.,25107.0713729707));
#959=CARTESIAN_POINT('',(10023.1642701264,0.,25087.0495965868));
#960=CARTESIAN_POINT('',(10023.0816014588,-20.,25087.0519116138));
#961=CARTESIAN_POINT('',(10024.7072767739,0.,25107.0926402792));
#962=CARTESIAN_POINT('',(10026.1444981551,0.,25087.101727775));
#963=CARTESIAN_POINT('',(10026.0860023766,-20.,25087.0966194751));
#964=CARTESIAN_POINT('',(10025.1784324758,0.,25107.1601214255));
#965=CARTESIAN_POINT('',(10028.9360230949,0.,25087.4675189602));
#966=CARTESIAN_POINT('',(10028.8933107408,-20.,25087.4592529515));
#967=CARTESIAN_POINT('',(10025.50010718,0.,25107.2406841867));
#968=CARTESIAN_POINT('',(10031.5919365234,0.,25088.1419689256));
#969=CARTESIAN_POINT('',(10031.5060584105,-19.9999999999999,25088.1179277798));
#970=CARTESIAN_POINT('',(10025.8429166955,0.,25107.3705601687));
#971=CARTESIAN_POINT('',(10033.9874516135,0.,25089.0620130432));
#972=CARTESIAN_POINT('',(10033.8537407271,-20.,25089.0063338056));
#973=CARTESIAN_POINT('',(10026.1929741393,0.,25107.5385266096));
#974=CARTESIAN_POINT('',(10035.9821696268,0.,25090.077256706));
#975=CARTESIAN_POINT('',(10035.8506450908,-20.,25090.0022946967));
#976=CARTESIAN_POINT('',(10026.7543963292,0.,25107.8700982398));
#977=CARTESIAN_POINT('',(10037.5842361013,0.,25091.0477191187));
#978=CARTESIAN_POINT('',(10037.5704635058,-20.,25091.034345312));
#979=CARTESIAN_POINT('',(10027.5185517263,0.,25108.3866708895));
#980=CARTESIAN_POINT('',(10039.1482649939,0.,25092.106635884));
#981=CARTESIAN_POINT('',(10039.2616393296,-20.,25092.1854976015));
#982=CARTESIAN_POINT('',(10028.6332285602,0.,25109.2304849158));
#983=CARTESIAN_POINT('',(10041.058147332,0.,25093.5446930029));
#984=CARTESIAN_POINT('',(10041.2359439958,-20.,25093.6883466531));
#985=CARTESIAN_POINT('',(10030.2860338266,0.,25110.6281100035));
#986=CARTESIAN_POINT('',(10043.5141938073,0.,25095.6147192688));
#987=CARTESIAN_POINT('',(10043.6716936861,-20.,25095.7572240574));
#988=CARTESIAN_POINT('',(10032.5841421627,0.,25112.7776347505));
#989=CARTESIAN_POINT('',(10046.46974802,0.,25098.3758611612));
#990=CARTESIAN_POINT('',(10046.6040576133,-20.,25098.5076855624));
#991=CARTESIAN_POINT('',(10035.5493518498,0.,25115.7775160466));
#992=CARTESIAN_POINT('',(10049.8769000399,0.,25101.8199188249));
#993=CARTESIAN_POINT('',(10050.0010001034,-20.,25101.9493837756));
#994=CARTESIAN_POINT('',(10039.2017283925,0.,25119.6575152769));
#995=CARTESIAN_POINT('',(10053.7346634636,0.,25105.9160993715));
#996=CARTESIAN_POINT('',(10053.858990519,-20.,25106.0500746168));
#997=CARTESIAN_POINT('',(10043.5712329385,0.,25124.3654562006));
#998=CARTESIAN_POINT('',(10058.0835713854,0.,25110.6024047855));
#999=CARTESIAN_POINT('',(10058.1836645879,-20.,25110.7092958404));
#1000=CARTESIAN_POINT('',(10048.6710113947,0.,25129.7186699125));
#1001=CARTESIAN_POINT('',(10062.9005252521,0.,25115.6603030604));
#1002=CARTESIAN_POINT('',(10062.9486914264,-20.,25115.7076641913));
#1003=CARTESIAN_POINT('',(10054.4511474288,0.,25135.3662850675));
#1004=CARTESIAN_POINT('',(10068.0810623652,0.,25120.7172495541));
#1005=CARTESIAN_POINT('',(10068.0507513094,-20.,25120.6857496683));
#1006=CARTESIAN_POINT('',(10060.7965884615,0.,25140.8614260064));
#1007=CARTESIAN_POINT('',(10073.4283059958,0.,25125.3278958665));
#1008=CARTESIAN_POINT('',(10073.322016395,-20.,25125.239894816));
#1009=CARTESIAN_POINT('',(10067.5246957316,0.,25145.7706438459));
#1010=CARTESIAN_POINT('',(10078.727758508,0.,25129.1613030973));
#1011=CARTESIAN_POINT('',(10078.5565760256,-20.,25129.0470157974));
#1012=CARTESIAN_POINT('',(10074.4031463979,0.,25149.7857323453));
#1013=CARTESIAN_POINT('',(10083.7708939896,0.,25132.0645742753));
#1014=CARTESIAN_POINT('',(10083.5693857033,-20.,25131.9608288355));
#1015=CARTESIAN_POINT('',(10081.1036035896,0.,25152.7346232482));
#1016=CARTESIAN_POINT('',(10088.4338951647,0.,25134.0791739315));
#1017=CARTESIAN_POINT('',(10088.1718238321,-20.,25133.9793623218));
#1018=CARTESIAN_POINT('',(10087.2283226755,0.,25154.6350836135));
#1019=CARTESIAN_POINT('',(10092.4883725489,0.,25135.2985434609));
#1020=CARTESIAN_POINT('',(10092.2177044194,-20.,25135.2293706348));
#1021=CARTESIAN_POINT('',(10092.5583013358,0.,25155.6985442232));
#1022=CARTESIAN_POINT('',(10095.8562946667,0.,25135.9400815724));
#1023=CARTESIAN_POINT('',(10095.6294956178,-20.,25135.9098051316));
#1024=CARTESIAN_POINT('',(10097.2207955232,0.,25156.2079305072));
#1025=CARTESIAN_POINT('',(10098.6281462275,0.,25136.2322346006));
#1026=CARTESIAN_POINT('',(10098.6464546556,-20.,25136.2409102149));
#1027=CARTESIAN_POINT('',(10101.8130765659,0.,25156.3731509859));
#1028=CARTESIAN_POINT('',(10101.5192807897,0.,25136.3501786976));
#1029=CARTESIAN_POINT('',(10101.7463185549,-20.,25136.3549381337));
#1030=CARTESIAN_POINT('',(10107.2057179351,0.,25156.167032055));
#1031=CARTESIAN_POINT('',(10105.1671423737,0.,25136.2433359452));
#1032=CARTESIAN_POINT('',(10105.5385487252,-20.,25136.2131000468));
#1033=CARTESIAN_POINT('',(10113.6686672608,0.,25155.3790370743));
#1034=CARTESIAN_POINT('',(10110.0398683403,0.,25135.6870512375));
#1035=CARTESIAN_POINT('',(10110.3327093069,-20.,25135.6348708512));
#1036=CARTESIAN_POINT('',(10121.1216708529,0.,25153.820591807));
#1037=CARTESIAN_POINT('',(10115.9368995597,0.,25134.4819727877));
#1038=CARTESIAN_POINT('',(10116.1918744394,-20.,25134.416909382));
#1039=CARTESIAN_POINT('',(10129.286266211,0.,25151.4381631079));
#1040=CARTESIAN_POINT('',(10122.7556798461,0.,25132.5161197364));
#1041=CARTESIAN_POINT('',(10122.9807949286,-20.,25132.4430711227));
#1042=CARTESIAN_POINT('',(10138.0653930525,0.,25148.2343731658));
#1043=CARTESIAN_POINT('',(10130.393457978,0.,25129.7524932056));
#1044=CARTESIAN_POINT('',(10130.6494439456,-20.,25129.6503505407));
#1045=CARTESIAN_POINT('',(10147.3697350332,0.,25144.2719610643));
#1046=CARTESIAN_POINT('',(10138.9053704355,0.,25126.1453689138));
#1047=CARTESIAN_POINT('',(10139.1262363774,-20.,25126.0448151497));
#1048=CARTESIAN_POINT('',(10157.0217496533,0.,25139.720778353));
#1049=CARTESIAN_POINT('',(10148.1178622275,0.,25121.8112695968));
#1050=CARTESIAN_POINT('',(10148.2452322723,-20.,25121.7478236786));
#1051=CARTESIAN_POINT('',(10166.5303527733,0.,25134.984604471));
#1052=CARTESIAN_POINT('',(10157.6486274714,0.,25117.0653789512));
#1053=CARTESIAN_POINT('',(10157.5302838665,-20.,25117.1241840061));
#1054=CARTESIAN_POINT('',(10175.1688434752,0.,25130.6440478147));
#1055=CARTESIAN_POINT('',(10166.6486830442,0.,25112.54204947));
#1056=CARTESIAN_POINT('',(10166.2574912807,-20.,25112.7387087838));
#1057=CARTESIAN_POINT('',(10182.256058135,0.,25127.2027269304));
#1058=CARTESIAN_POINT('',(10174.2364676396,0.,25108.8682191271));
#1059=CARTESIAN_POINT('',(10173.6747366756,-20.,25109.1350006655));
#1060=CARTESIAN_POINT('',(10187.6458820344,0.,25124.7463545625));
#1061=CARTESIAN_POINT('',(10179.9260449392,0.,25106.2942720212));
#1062=CARTESIAN_POINT('',(10179.5887254709,-20.,25106.4375717196));
#1063=CARTESIAN_POINT('',(10192.016810181,0.,25122.9123995506));
#1064=CARTESIAN_POINT('',(10184.4426186899,0.,25104.4049200848));
#1065=CARTESIAN_POINT('',(10184.5411956181,-20.,25104.3591891742));
#1066=CARTESIAN_POINT('',(10196.6210111463,0.,25121.1242028917));
#1067=CARTESIAN_POINT('',(10189.1163638617,0.,25102.5775643847));
#1068=CARTESIAN_POINT('',(10189.6671199117,-20.,25102.3693919861));
#1069=CARTESIAN_POINT('',(10202.2022870456,0.,25119.1364649992));
#1070=CARTESIAN_POINT('',(10195.2462782817,0.,25100.3705045314));
#1071=CARTESIAN_POINT('',(10195.7955633658,-20.,25100.1874592013));
#1072=CARTESIAN_POINT('',(10208.9671765326,0.,25116.9331562351));
#1073=CARTESIAN_POINT('',(10202.6933728243,0.,25097.9376978775));
#1074=CARTESIAN_POINT('',(10202.9790744891,-20.,25097.8502065736));
#1075=CARTESIAN_POINT('',(10216.3977467603,0.,25114.6298754925));
#1076=CARTESIAN_POINT('',(10210.5401129249,0.,25095.5080357646));
#1077=CARTESIAN_POINT('',(10210.4576528995,-20.,25095.5323918952));
#1078=CARTESIAN_POINT('',(10224.0004645734,0.,25112.176882473));
#1079=CARTESIAN_POINT('',(10217.6643882687,0.,25093.2009335545));
#1080=CARTESIAN_POINT('',(10217.5683360537,-20.,25093.2340847642));
#1081=CARTESIAN_POINT('',(10231.3515023497,0.,25109.4732005101));
#1082=CARTESIAN_POINT('',(10224.0804531518,0.,25090.8239885044));
#1083=CARTESIAN_POINT('',(10223.9028962431,-20.,25090.89625473));
#1084=CARTESIAN_POINT('',(10238.2981599682,0.,25106.379195052));
#1085=CARTESIAN_POINT('',(10229.6116814245,0.,25088.3429550589));
#1086=CARTESIAN_POINT('',(10229.4417666846,-20.,25088.4195680578));
#1087=CARTESIAN_POINT('',(10244.4311978496,0.,25102.9965183326));
#1088=CARTESIAN_POINT('',(10234.3555276586,0.,25085.6862425692));
#1089=CARTESIAN_POINT('',(10234.0406277807,-20.,25085.8774030672));
#1090=CARTESIAN_POINT('',(10249.5559432937,0.,25099.5510195239));
#1091=CARTESIAN_POINT('',(10237.9615713182,0.,25083.2210133463));
#1092=CARTESIAN_POINT('',(10237.7634398739,-20.,25083.3706944757));
#1093=CARTESIAN_POINT('',(10253.8131024742,0.,25096.168838372));
#1094=CARTESIAN_POINT('',(10240.8511341909,0.,25080.9050446804));
#1095=CARTESIAN_POINT('',(10240.799360031,-20.,25080.95955905));
#1096=CARTESIAN_POINT('',(10257.7285678902,0.,25092.5720987878));
#1097=CARTESIAN_POINT('',(10243.4914136283,0.,25078.4932463975));
#1098=CARTESIAN_POINT('',(10243.6573690661,-20.,25078.3367526727));
#1099=CARTESIAN_POINT('',(10261.8830325952,0.,25088.1902666722));
#1100=CARTESIAN_POINT('',(10246.5170276723,0.,25075.3416360156));
#1101=CARTESIAN_POINT('',(10246.7928662572,-20.,25075.0336863497));
#1102=CARTESIAN_POINT('',(10266.6308962241,0.,25082.3322979253));
#1103=CARTESIAN_POINT('',(10250.1875909438,0.,25070.8859866077));
#1104=CARTESIAN_POINT('',(10250.4906649498,-20.,25070.4772767067));
#1105=CARTESIAN_POINT('',(10271.8248275346,0.,25074.6251494716));
#1106=CARTESIAN_POINT('',(10254.4491486815,0.,25064.6611754298));
#1107=CARTESIAN_POINT('',(10254.6712123079,-20.,25064.2837746332));
#1108=CARTESIAN_POINT('',(10277.1120317684,0.,25064.9111455552));
#1109=CARTESIAN_POINT('',(10258.8634899229,0.,25056.6342498473));
#1110=CARTESIAN_POINT('',(10259.0441299333,-20.,25056.2601032531));
#1111=CARTESIAN_POINT('',(10283.669009307,0.,25049.4025702834));
#1112=CARTESIAN_POINT('',(10264.4983115774,0.,25043.4491620208));
#1113=CARTESIAN_POINT('',(10264.5699583489,-20.,25043.2042811592));
#1114=CARTESIAN_POINT('',(10286.9508410361,0.,25036.5090314787));
#1115=CARTESIAN_POINT('',(10267.3434370228,0.,25032.3940525667));
#1116=CARTESIAN_POINT('',(10267.3681887803,-20.,25032.2225622185));
#1117=CARTESIAN_POINT('',(10288.2332032281,0.,25027.6652607189));
#1118=CARTESIAN_POINT('',(10268.4383237583,0.,25024.8082086064));
#1119=CARTESIAN_POINT('',(10268.4383237583,-20.,25024.8082086064));
#1120=FACE_BOUND('',#1121,.T.);
#1121=EDGE_LOOP('',(#1468,#1469,#1470,#1471));
#1122=(BOUNDED_SURFACE()B_SPLINE_SURFACE(3,2,(
(#1123,#1124,#1125),
(#1126,#1127,#1128),
(#1129,#1130,#1131),
(#1132,#1133,#1134),
(#1135,#1136,#1137),
(#1138,#1139,#1140),
(#1141,#1142,#1143),
(#1144,#1145,#1146),
(#1147,#1148,#1149),
(#1150,#1151,#1152),
(#1153,#1154,#1155),
(#1156,#1157,#1158),
(#1159,#1160,#1161),
(#1162,#1163,#1164),
(#1165,#1166,#1167),
(#1168,#1169,#1170),
(#1171,#1172,#1173),
(#1174,#1175,#1176),
(#1177,#1178,#1179),
(#1180,#1181,#1182),
(#1183,#1184,#1185),
(#1186,#1187,#1188),
(#1189,#1190,#1191),
(#1192,#1193,#1194),
(#1195,#1196,#1197),
(#1198,#1199,#1200),
(#1201,#1202,#1203),
(#1204,#1205,#1206),
(#1207,#1208,#1209),
(#1210,#1211,#1212),
(#1213,#1214,#1215),
(#1216,#1217,#1218),
(#1219,#1220,#1221),
(#1222,#1223,#1224),
(#1225,#1226,#1227),
(#1228,#1229,#1230),
(#1231,#1232,#1233),
(#1234,#1235,#1236),
(#1237,#1238,#1239),
(#1240,#1241,#1242),
(#1243,#1244,#1245),
(#1246,#1247,#1248),
(#1249,#1250,#1251),
(#1252,#1253,#1254),
(#1255,#1256,#1257),
(#1258,#1259,#1260),
(#1261,#1262,#1263),
(#1264,#1265,#1266),
(#1267,#1268,#1269),
(#1270,#1271,#1272),
(#1273,#1274,#1275),
(#1276,#1277,#1278),
(#1279,#1280,#1281),
(#1282,#1283,#1284),
(#1285,#1286,#1287),
(#1288,#1289,#1290),
(#1291,#1292,#1293),
(#1294,#1295,#1296),
(#1297,#1298,#1299),
(#1300,#1301,#1302),
(#1303,#1304,#1305),
(#1306,#1307,#1308),
(#1309,#1310,#1311),
(#1312,#1313,#1314),
(#1315,#1316,#1317),
(#1318,#1319,#1320),
(#1321,#1322,#1323),
(#1324,#1325,#1326),
(#1327,#1328,#1329),
(#1330,#1331,#1332),
(#1333,#1334,#1335),
(#1336,#1337,#1338),
(#1339,#1340,#1341),
(#1342,#1343,#1344),
(#1345,#1346,#1347),
(#1348,#1349,#1350),
(#1351,#1352,#1353),
(#1354,#1355,#1356),
(#1357,#1358,#1359),
(#1360,#1361,#1362),
(#1363,#1364,#1365),
(#1366,#1367,#1368),
(#1369,#1370,#1371),
(#1372,#1373,#1374),
(#1375,#1376,#1377),
(#1378,#1379,#1380),
(#1381,#1382,#1383),
(#1384,#1385,#1386),
(#1387,#1388,#1389),
(#1390,#1391,#1392),
(#1393,#1394,#1395)),
.UNSPECIFIED.,.F.,.F.,.F.)B_SPLINE_SURFACE_WITH_KNOTS((4,1,1,1,1,1,1,1,1,1,1,1,1,
1,1,1,1,1,1,1,1,1,1,1,1,1,1,1,1,1,1,1,1,1,1,1,1,1,1,1,1,1,1,1,1,1,1,1,1,1,1,1,1,
1,1,1,1,1,1,1,1,1,1,1,1,1,1,1,1,1,1,1,1,1,1,1,1,1,1,1,1,1,1,1,1,1,1,1,4),
(3,3),
(-1.16931150631856E-007,0.261155737011003,0.385786673199312,0.533426608170148,0.692555685054976,
0.881463433100551,1.05636354885405,1.21754566100166,1.37872777314927,1.56926433270941,
1.79970382522623,2.025611524872,2.2092557188022,2.36091050439214,2.52409319490612,
2.75892849982092,3.03082875727627,3.16684834277634,3.27006608171966,3.35675632507769,
3.41908314282622,3.49259951043597,3.59643857718204,3.72572925289362,3.86508762758648,
3.99134787077574,4.10729191237468,4.20884173265617,4.29751465269666,4.35527234176938,
4.39431052034359,4.4333486989178,4.47947194390868,4.5377285764192,4.61702561998404,
4.71209004152299,4.81983632918773,4.93383869076319,5.05131155444158,5.16724220215406,
5.26869049642211,5.34856036185639,5.40445882963114,5.44770101885644,5.49292170361794,
5.54914513288278,5.62040004586576,5.71933912322493,5.83885006035362,5.9736068655914,
6.11767093269742,6.24221717086772,6.34382107280811,6.42259838936412,6.52384287418729,
6.64636087853357,6.78099191277738,6.90534845590817,7.01682340406565,7.11413807262087,
7.19808833805449,7.2597106112818,7.3053575054982,7.35122576683489,7.41060391633592,
7.48871346010529,7.5758062696856,7.6748507596825,7.78322145646226,7.89901978917136,
8.0193151088623,8.14102691894922,8.26042751188844,8.37291145662057,8.47529100705987,
8.56755961965778,8.65253779046575,8.73349724351031,8.81278534824794,8.89148130940202,
8.94071356767751,8.97419029295806,9.00093376665915,9.02544633747236,9.04995890828558,
9.07696533290944,9.11638935150849,9.17987186459467,9.25111984358788),
(0.,1.),
.UNSPECIFIED.)GEOMETRIC_REPRESENTATION_ITEM()RATIONAL_B_SPLINE_SURFACE((
(1.,0.707106781186548,1.),
(1.,0.707106781186548,1.),
(1.,0.707106781186547,1.),
(1.,0.707106781186548,1.),
(1.,0.707106781186547,1.),
(1.,0.707106781186548,1.),
(1.,0.707106781186548,1.),
(1.,0.707106781186547,1.),
(1.,0.707106781186547,1.),
(1.,0.707106781186547,1.),
(1.,0.707106781186548,1.),
(1.,0.707106781186548,1.),
(1.,0.707106781186548,1.),
(1.,0.707106781186547,1.),
(1.,0.707106781186548,1.),
(1.,0.707106781186547,1.),
(1.,0.707106781186548,1.),
(1.,0.707106781186547,1.),
(1.,0.707106781186548,1.),
(1.,0.707106781186547,1.),
(1.,0.707106781186547,1.),
(1.,0.707106781186548,1.),
(1.,0.707106781186548,1.),
(1.,0.707106781186547,1.),
(1.,0.707106781186548,1.),
(1.,0.707106781186548,1.),
(1.,0.707106781186548,1.),
(1.,0.707106781186548,1.),
(1.,0.707106781186548,1.),
(1.,0.707106781186548,1.),
(1.,0.707106781186548,1.),
(1.,0.707106781186548,1.),
(1.,0.707106781186548,1.),
(1.,0.707106781186547,1.),
(1.,0.707106781186548,1.),
(1.,0.707106781186548,1.),
(1.,0.707106781186548,1.),
(1.,0.707106781186548,1.),
(1.,0.707106781186548,1.),
(1.,0.707106781186548,1.),
(1.,0.707106781186548,1.),
(1.,0.707106781186548,1.),
(1.,0.707106781186548,1.),
(1.,0.707106781186547,1.),
(1.,0.707106781186548,1.),
(1.,0.707106781186547,1.),
(1.,0.707106781186548,1.),
(1.,0.707106781186548,1.),
(1.,0.707106781186548,1.),
(1.,0.707106781186548,1.),
(1.,0.707106781186548,1.),
(1.,0.707106781186548,1.),
(1.,0.707106781186547,1.),
(1.,0.707106781186548,1.),
(1.,0.707106781186547,1.),
(1.,0.707106781186548,1.),
(1.,0.707106781186548,1.),
(1.,0.707106781186548,1.),
(1.,0.707106781186548,1.),
(1.,0.707106781186548,1.),
(1.,0.707106781186547,1.),
(1.,0.707106781186548,1.),
(1.,0.707106781186548,1.),
(1.,0.707106781186548,1.),
(1.,0.707106781186548,1.),
(1.,0.707106781186548,1.),
(1.,0.707106781186548,1.),
(1.,0.707106781186547,1.),
(1.,0.707106781186548,1.),
(1.,0.707106781186548,1.),
(1.,0.707106781186547,1.),
(1.,0.707106781186548,1.),
(1.,0.707106781186547,1.),
(1.,0.707106781186548,1.),
(1.,0.707106781186548,1.),
(1.,0.707106781186548,1.),
(1.,0.707106781186547,1.),
(1.,0.707106781186548,1.),
(1.,0.707106781186547,1.),
(1.,0.707106781186548,1.),
(1.,0.707106781186547,1.),
(1.,0.707106781186548,1.),
(1.,0.707106781186547,1.),
(1.,0.707106781186548,1.),
(1.,0.707106781186548,1.),
(1.,0.707106781186547,1.),
(1.,0.707106781186548,1.),
(1.,0.707106781186547,1.),
(1.,0.707106781186548,1.),
(1.,0.707106781186547,1.),
(1.,0.707106781186548,1.)))REPRESENTATION_ITEM('')SURFACE());
#1123=CARTESIAN_POINT('',(10288.2332000021,0.,25027.6652830704));
#1124=CARTESIAN_POINT('',(10268.4383210541,0.,25024.8082273423));
#1125=CARTESIAN_POINT('',(10268.4383210541,-19.9999999999999,25024.8082273423));
#1126=CARTESIAN_POINT('',(10289.4643624387,0.,25019.3070410674));
#1127=CARTESIAN_POINT('',(10269.4639507421,0.,25017.809644022));
#1128=CARTESIAN_POINT('',(10269.4639629811,-20.0000000000001,25017.8096288379));
#1129=CARTESIAN_POINT('',(10289.8834446786,0.,25006.6309406114));
#1130=CARTESIAN_POINT('',(10269.8006108049,0.,25007.6217031524));
#1131=CARTESIAN_POINT('',(10269.8072807702,-19.9999999999999,25007.419189525));
#1132=CARTESIAN_POINT('',(10287.7539619477,0.,24990.1257076391));
#1133=CARTESIAN_POINT('',(10268.1008221081,0.,24994.0762872079));
#1134=CARTESIAN_POINT('',(10268.0519912998,-20.,24993.7872928911));
#1135=CARTESIAN_POINT('',(10284.60236924,0.,24977.0785056814));
#1136=CARTESIAN_POINT('',(10265.5864192868,0.,24983.455590679));
#1137=CARTESIAN_POINT('',(10265.4336374318,-20.,24982.9377940749));
#1138=CARTESIAN_POINT('',(10279.6261929615,0.,24963.5188270898));
#1139=CARTESIAN_POINT('',(10261.3576354193,0.,24971.7376120042));
#1140=CARTESIAN_POINT('',(10261.253446102,-19.9999999999998,24971.5334542568));
#1141=CARTESIAN_POINT('',(10272.8059466153,0.,24950.0070544368));
#1142=CARTESIAN_POINT('',(10255.4712850044,0.,24960.0212034773));
#1143=CARTESIAN_POINT('',(10255.4462903105,-20.,24960.0170453311));
#1144=CARTESIAN_POINT('',(10264.6756090059,0.,24937.4827455912));
#1145=CARTESIAN_POINT('',(10248.2869871826,0.,24949.0145348422));
#1146=CARTESIAN_POINT('',(10248.427014264,-19.9999999999998,24949.1983802854));
#1147=CARTESIAN_POINT('',(10255.5441241065,0.,24926.0314824429));
#1148=CARTESIAN_POINT('',(10240.5483597779,0.,24939.3277930661));
#1149=CARTESIAN_POINT('',(10240.4743242898,-20.0000000000001,24939.2194707677));
#1150=CARTESIAN_POINT('',(10245.2951779329,0.,24915.2593249989));
#1151=CARTESIAN_POINT('',(10231.7956298707,0.,24930.0737600512));
#1152=CARTESIAN_POINT('',(10231.3923468281,-19.9999999999999,24929.6660332344));
#1153=CARTESIAN_POINT('',(10233.4247903138,0.,24904.6145648342));
#1154=CARTESIAN_POINT('',(10221.0698501189,0.,24920.3578462881));
#1155=CARTESIAN_POINT('',(10220.6484920117,-20.,24920.0231656588));
#1156=CARTESIAN_POINT('',(10220.2083838509,0.,24894.345325851));
#1157=CARTESIAN_POINT('',(10208.3629261022,0.,24910.4485384172));
#1158=CARTESIAN_POINT('',(10208.3986779489,-19.9999999999999,24910.4974280304));
#1159=CARTESIAN_POINT('',(10206.9648343928,0.,24885.1267130457));
#1160=CARTESIAN_POINT('',(10195.2868792842,0.,24901.3777139955));
#1161=CARTESIAN_POINT('',(10195.8285612597,-20.,24901.7428075434));
#1162=CARTESIAN_POINT('',(10194.9046804681,0.,24877.2658182016));
#1163=CARTESIAN_POINT('',(10183.6836554457,0.,24893.8333001308));
#1164=CARTESIAN_POINT('',(10184.1141738919,-20.,24894.1057089205));
#1165=CARTESIAN_POINT('',(10183.7477114844,0.,24870.184389868));
#1166=CARTESIAN_POINT('',(10173.4411365738,0.,24887.3319579039));
#1167=CARTESIAN_POINT('',(10173.089676554,-20.,24887.1079961293));
#1168=CARTESIAN_POINT('',(10171.9751202936,0.,24862.8031601893));
#1169=CARTESIAN_POINT('',(10162.1885728382,0.,24880.270890847));
#1170=CARTESIAN_POINT('',(10161.3695082016,-20.,24879.7596026245));
#1171=CARTESIAN_POINT('',(10159.3559740041,0.,24854.8761603713));
#1172=CARTESIAN_POINT('',(10148.4698833695,0.,24871.6645367652));
#1173=CARTESIAN_POINT('',(10148.6510580176,-19.9999999999999,24871.7704027139));
#1174=CARTESIAN_POINT('',(10147.0351156504,0.,24846.949785025));
#1175=CARTESIAN_POINT('',(10135.1915808686,0.,24863.1143627498));
#1176=CARTESIAN_POINT('',(10136.0967784096,-20.,24863.6949638356));
#1177=CARTESIAN_POINT('',(10137.0078133606,0.,24840.255408053));
#1178=CARTESIAN_POINT('',(10124.4749170338,0.,24855.910291493));
#1179=CARTESIAN_POINT('',(10125.7796527241,-20.,24856.8070656126));
#1180=CARTESIAN_POINT('',(10129.5515368052,0.,24835.1016624094));
#1181=CARTESIAN_POINT('',(10117.5671945584,0.,24851.1257138865));
#1182=CARTESIAN_POINT('',(10118.0903334502,-19.9999999999998,24851.4927524636));
#1183=CARTESIAN_POINT('',(10124.062882588,0.,24831.2046417897));
#1184=CARTESIAN_POINT('',(10112.1682092898,0.,24847.28394967));
#1185=CARTESIAN_POINT('',(10112.3817439447,-20.,24847.4393180317));
#1186=CARTESIAN_POINT('',(10119.0402762445,0.,24827.5576581311));
#1187=CARTESIAN_POINT('',(10107.3648312728,0.,24843.7958346911));
#1188=CARTESIAN_POINT('',(10107.2424701315,-20.,24843.7073476087));
#1189=CARTESIAN_POINT('',(10113.4554577582,0.,24823.4752413296));
#1190=CARTESIAN_POINT('',(10102.1541985994,0.,24839.988130993));
#1191=CARTESIAN_POINT('',(10101.6668504446,-19.9999999999999,24839.6316387769));
#1192=CARTESIAN_POINT('',(10106.5558660235,0.,24818.4786963593));
#1193=CARTESIAN_POINT('',(10095.4289618244,0.,24835.1082340378));
#1194=CARTESIAN_POINT('',(10094.9439575733,-20.,24834.7637571066));
#1195=CARTESIAN_POINT('',(10098.1504844129,0.,24812.6284896652));
#1196=CARTESIAN_POINT('',(10087.1734834826,0.,24829.3460072464));
#1197=CARTESIAN_POINT('',(10087.0053890918,-19.9999999999999,24829.2414418749));
#1198=CARTESIAN_POINT('',(10088.7122440545,0.,24806.6089056472));
#1199=CARTESIAN_POINT('',(10078.327311735,0.,24823.7095287588));
#1200=CARTESIAN_POINT('',(10078.426778663,-20.,24823.7768430475));
#1201=CARTESIAN_POINT('',(10078.9849533216,0.,24801.2479969843));
#1202=CARTESIAN_POINT('',(10069.7024749782,0.,24818.9938065538));
#1203=CARTESIAN_POINT('',(10069.9883170879,-20.,24819.1369184453));
#1204=CARTESIAN_POINT('',(10069.4711870736,0.,24797.0125338478));
#1205=CARTESIAN_POINT('',(10061.8773680679,0.,24815.5527546072));
#1206=CARTESIAN_POINT('',(10062.1632886166,-19.9999999999999,24815.6651467741));
#1207=CARTESIAN_POINT('',(10060.6717001185,0.,24794.1050086581));
#1208=CARTESIAN_POINT('',(10054.870507075,0.,24813.2859421592));
#1209=CARTESIAN_POINT('',(10055.3149758678,-20.,24813.4136125909));
#1210=CARTESIAN_POINT('',(10053.0238182765,0.,24792.4485584527));
#1211=CARTESIAN_POINT('',(10049.1728590965,0.,24812.1101323858));
#1212=CARTESIAN_POINT('',(10049.6521006677,-19.9999999999999,24812.1930843739));
#1213=CARTESIAN_POINT('',(10046.9098755591,0.,24791.722752668));
#1214=CARTESIAN_POINT('',(10044.9006039463,0.,24811.6574790424));
#1215=CARTESIAN_POINT('',(10045.2821368334,-19.9999999999999,24811.6778881755));
#1216=CARTESIAN_POINT('',(10042.0033767968,0.,24791.5316699764));
#1217=CARTESIAN_POINT('',(10041.7670754632,0.,24811.5494764126));
#1218=CARTESIAN_POINT('',(10041.856706299,-19.9999999999999,24811.5442256119));
#1219=CARTESIAN_POINT('',(10037.6725996265,0.,24791.6336270961));
#1220=CARTESIAN_POINT('',(10038.8987086622,0.,24811.610792134));
#1221=CARTESIAN_POINT('',(10038.7507204202,-19.9999999999999,24811.6159194028));
#1222=CARTESIAN_POINT('',(10032.9366570517,0.,24792.0229906499));
#1223=CARTESIAN_POINT('',(10035.5825259785,0.,24811.868674959));
#1224=CARTESIAN_POINT('',(10035.2720598569,-20.,24811.9006674059));
#1225=CARTESIAN_POINT('',(10027.2525178853,0.,24792.8662202672));
#1226=CARTESIAN_POINT('',(10031.3294591502,0.,24812.4692851483));
#1227=CARTESIAN_POINT('',(10030.9513468016,-20.,24812.5385175581));
#1228=CARTESIAN_POINT('',(10020.4556782788,0.,24794.3751274863));
#1229=CARTESIAN_POINT('',(10025.9336090564,0.,24813.6303930272));
#1230=CARTESIAN_POINT('',(10025.5504387536,-20.,24813.7325335295));
#1231=CARTESIAN_POINT('',(10012.7727027918,0.,24796.6582407037));
#1232=CARTESIAN_POINT('',(10019.3761070096,0.,24815.5486155025));
#1233=CARTESIAN_POINT('',(10019.1067947039,-20.,24815.6405950028));
#1234=CARTESIAN_POINT('',(10004.5750917813,0.,24799.6266736815));
#1235=CARTESIAN_POINT('',(10011.9955663376,0.,24818.2037034082));
#1236=CARTESIAN_POINT('',(10011.821279297,-20.,24818.272786304));
#1237=CARTESIAN_POINT('',(9996.2829921789,0.,24802.9944190567));
#1238=CARTESIAN_POINT('',(10004.075935087,0.,24821.4135196946));
#1239=CARTESIAN_POINT('',(10004.012116927,-20.,24821.4408502727));
#1240=CARTESIAN_POINT('',(9988.300867912,0.,24806.3639260792));
#1241=CARTESIAN_POINT('',(9995.94931111914,0.,24824.8448193013));
#1242=CARTESIAN_POINT('',(9996.0471664634,-19.9999999999999,24824.8030331864));
#1243=CARTESIAN_POINT('',(9981.08295319545,0.,24809.3062152958));
#1244=CARTESIAN_POINT('',(9988.1032154273,0.,24828.0434614294));
#1245=CARTESIAN_POINT('',(9988.39700916601,-20.,24827.9247887049));
#1246=CARTESIAN_POINT('',(9975.06718959505,0.,24811.5152453865));
#1247=CARTESIAN_POINT('',(9981.12923658261,0.,24830.5903782426));
#1248=CARTESIAN_POINT('',(9981.5988770695,-20.,24830.4271411903));
#1249=CARTESIAN_POINT('',(9970.44298630387,0.,24812.9632959592));
#1250=CARTESIAN_POINT('',(9975.55887875563,0.,24832.3096559584));
#1251=CARTESIAN_POINT('',(9976.0146278412,-20.,24832.1801418312));
#1252=CARTESIAN_POINT('',(9967.01402591915,0.,24813.8501565683));
#1253=CARTESIAN_POINT('',(9971.35300492534,0.,24833.3784202713));
#1254=CARTESIAN_POINT('',(9971.62442048087,-20.,24833.3198252903));
#1255=CARTESIAN_POINT('',(9964.31240049737,0.,24814.4143116387));
#1256=CARTESIAN_POINT('',(9967.96025838273,0.,24834.0815809196));
#1257=CARTESIAN_POINT('',(9967.95776805838,-20.,24834.0861328188));
#1258=CARTESIAN_POINT('',(9961.58196938869,0.,24814.8608430061));
#1259=CARTESIAN_POINT('',(9964.55794852381,0.,24834.6436816715));
#1260=CARTESIAN_POINT('',(9964.33831728036,-20.,24834.6767133378));
#1261=CARTESIAN_POINT('',(9958.29774669345,0.,24815.2468740395));
#1262=CARTESIAN_POINT('',(9960.49130543042,0.,24835.1355023067));
#1263=CARTESIAN_POINT('',(9960.06925855507,-20.,24835.1775666369));
#1264=CARTESIAN_POINT('',(9953.98828221309,0.,24815.5290799659));
#1265=CARTESIAN_POINT('',(9955.14497943582,0.,24835.5112382255));
#1266=CARTESIAN_POINT('',(9954.64562840125,-20.,24835.5296348587));
#1267=CARTESIAN_POINT('',(9948.27189205866,0.,24815.5725001341));
#1268=CARTESIAN_POINT('',(9948.2669204015,0.,24835.5915872191));
#1269=CARTESIAN_POINT('',(9947.7613642288,-20.,24835.5769096452));
#1270=CARTESIAN_POINT('',(9940.96108055794,0.,24815.2131669594));
#1271=CARTESIAN_POINT('',(9939.79649438107,0.,24835.1904916477));
#1272=CARTESIAN_POINT('',(9939.43227478921,-20.,24835.160912527));
#1273=CARTESIAN_POINT('',(9932.21823432723,0.,24814.3940592609));
#1274=CARTESIAN_POINT('',(9930.09085966573,0.,24834.2856212755));
#1275=CARTESIAN_POINT('',(9930.04651136917,-20.,24834.2768502668));
#1276=CARTESIAN_POINT('',(9922.64480293115,0.,24813.2901927743));
#1277=CARTESIAN_POINT('',(9920.04064275029,0.,24833.1202432464));
#1278=CARTESIAN_POINT('',(9920.31569580802,-20.,24833.1539276178));
#1279=CARTESIAN_POINT('',(9913.19708918835,0.,24812.2345522664));
#1280=CARTESIAN_POINT('',(9910.56988431086,0.,24832.0703557753));
#1281=CARTESIAN_POINT('',(9911.13194090163,-20.,24832.1289936773));
#1282=CARTESIAN_POINT('',(9904.32214833764,0.,24811.429295252));
#1283=CARTESIAN_POINT('',(9902.57132477303,0.,24831.362216131));
#1284=CARTESIAN_POINT('',(9902.78222501979,-20.,24831.3731360711));
#1285=CARTESIAN_POINT('',(9895.64997529369,0.,24810.9088654517));
#1286=CARTESIAN_POINT('',(9895.01235165282,0.,24830.9121411254));
#1287=CARTESIAN_POINT('',(9894.82624675673,-20.,24830.8967265747));
#1288=CARTESIAN_POINT('',(9886.1906125495,0.,24810.699949194));
#1289=CARTESIAN_POINT('',(9886.74308603511,0.,24830.7051267327));
#1290=CARTESIAN_POINT('',(9886.23051905465,-19.9999999999999,24830.7077859686));
#1291=CARTESIAN_POINT('',(9875.49722537172,0.,24810.9911363889));
#1292=CARTESIAN_POINT('',(9876.89279730499,0.,24830.9488600967));
#1293=CARTESIAN_POINT('',(9876.68377100395,-20.,24830.9708566038));
#1294=CARTESIAN_POINT('',(9863.97953384878,0.,24812.0868406098));
#1295=CARTESIAN_POINT('',(9866.5631786682,0.,24831.9337229863));
#1296=CARTESIAN_POINT('',(9866.66631990969,-20.,24831.9301058145));
#1297=CARTESIAN_POINT('',(9852.73380731201,0.,24814.1436129604));
#1298=CARTESIAN_POINT('',(9856.92896898825,0.,24833.7349362306));
#1299=CARTESIAN_POINT('',(9857.2455670001,-20.,24833.6625793898));
#1300=CARTESIAN_POINT('',(9842.53736890055,0.,24817.0977316481));
#1301=CARTESIAN_POINT('',(9848.77332993181,0.,24836.1491668312));
#1302=CARTESIAN_POINT('',(9849.09291898575,-19.9999999999999,24836.037484978));
#1303=CARTESIAN_POINT('',(9833.83951819367,0.,24820.7105610321));
#1304=CARTESIAN_POINT('',(9842.13054383149,0.,24838.9603010365));
#1305=CARTESIAN_POINT('',(9842.49639772404,-19.9999999999999,24838.787038094));
#1306=CARTESIAN_POINT('',(9826.83652736776,0.,24824.6022296152));
#1307=CARTESIAN_POINT('',(9837.07633157576,0.,24841.8341568376));
#1308=CARTESIAN_POINT('',(9837.42340246202,-20.,24841.6175133262));
#1309=CARTESIAN_POINT('',(9821.38610246177,0.,24828.4492692649));
#1310=CARTESIAN_POINT('',(9833.43159040064,0.,24844.4644929504));
#1311=CARTESIAN_POINT('',(9833.66042323714,-20.,24844.2759772256));
#1312=CARTESIAN_POINT('',(9817.14145974084,0.,24832.0794681095));
#1313=CARTESIAN_POINT('',(9830.72588002946,0.,24846.7962218615));
#1314=CARTESIAN_POINT('',(9830.73296293279,-19.9999999999999,24846.7783178353));
#1315=CARTESIAN_POINT('',(9813.3527389124,0.,24835.8564234711));
#1316=CARTESIAN_POINT('',(9828.22484470058,0.,24849.2695468789));
#1317=CARTESIAN_POINT('',(9828.04915073485,-20.,24849.4508037986));
#1318=CARTESIAN_POINT('',(9809.44865756032,0.,24840.3992442617));
#1319=CARTESIAN_POINT('',(9825.40063365508,0.,24852.5047783809));
#1320=CARTESIAN_POINT('',(9825.20117539496,-20.,24852.7603526729));
#1321=CARTESIAN_POINT('',(9805.34649475895,0.,24846.066061244));
#1322=CARTESIAN_POINT('',(9822.25061560982,0.,24856.8007062628));
#1323=CARTESIAN_POINT('',(9822.07705474865,-19.9999999999999,24857.0665852009));
#1324=CARTESIAN_POINT('',(9801.26011696803,0.,24852.8286779348));
#1325=CARTESIAN_POINT('',(9818.91756934308,0.,24862.2632153886));
#1326=CARTESIAN_POINT('',(9818.79779851688,-20.,24862.4799800925));
#1327=CARTESIAN_POINT('',(9797.35528924419,0.,24860.5140611562));
#1328=CARTESIAN_POINT('',(9815.58218587555,0.,24868.7744635613));
#1329=CARTESIAN_POINT('',(9815.48047710009,-20.,24868.9936330223));
#1330=CARTESIAN_POINT('',(9793.69704621763,0.,24868.8618353446));
#1331=CARTESIAN_POINT('',(9812.26126376603,0.,24876.3142336501));
#1332=CARTESIAN_POINT('',(9812.19208837336,-20.,24876.4839017191));
#1333=CARTESIAN_POINT('',(9790.24404001108,0.,24877.5867307337));
#1334=CARTESIAN_POINT('',(9808.95635631943,0.,24884.6475710444));
#1335=CARTESIAN_POINT('',(9808.914741387,-20.,24884.7568468132));
#1336=CARTESIAN_POINT('',(9786.91823249281,0.,24886.2958397527));
#1337=CARTESIAN_POINT('',(9805.59659960499,0.,24893.447321498));
#1338=CARTESIAN_POINT('',(9805.58486976816,-20.,24893.4767524251));
#1339=CARTESIAN_POINT('',(9783.63417939486,0.,24894.5456407423));
#1340=CARTESIAN_POINT('',(9802.08166868404,0.,24902.2884724016));
#1341=CARTESIAN_POINT('',(9802.10670619521,-20.,24902.2245097971));
#1342=CARTESIAN_POINT('',(9780.3510413788,0.,24901.8996881751));
#1343=CARTESIAN_POINT('',(9798.33004515566,0.,24910.6992899126));
#1344=CARTESIAN_POINT('',(9798.40036374339,-20.,24910.5475861689));
#1345=CARTESIAN_POINT('',(9777.09780264915,0.,24908.0475980546));
#1346=CARTESIAN_POINT('',(9794.32591849128,0.,24918.2604059554));
#1347=CARTESIAN_POINT('',(9794.44005562716,-20.,24918.0609119869));
#1348=CARTESIAN_POINT('',(9773.94403605951,0.,24912.9127696396));
#1349=CARTESIAN_POINT('',(9790.11814635427,0.,24924.7376370426));
#1350=CARTESIAN_POINT('',(9790.25247579787,-20.,24924.5521557308));
#1351=CARTESIAN_POINT('',(9770.92886132285,0.,24916.6492258161));
#1352=CARTESIAN_POINT('',(9785.74680802894,0.,24930.1432483186));
#1353=CARTESIAN_POINT('',(9785.86725853748,-20.,24930.0133386247));
#1354=CARTESIAN_POINT('',(9768.00910738234,0.,24919.5270617787));
#1355=CARTESIAN_POINT('',(9781.17679998147,0.,24934.6427983207));
#1356=CARTESIAN_POINT('',(9781.25988007987,-20.,24934.5734354909));
#1357=CARTESIAN_POINT('',(9765.06245439529,0.,24921.8065343359));
#1358=CARTESIAN_POINT('',(9776.29749267047,0.,24938.4144200393));
#1359=CARTESIAN_POINT('',(9776.34300267545,-20.,24938.3858132947));
#1360=CARTESIAN_POINT('',(9762.03763120991,0.,24923.5974128258));
#1361=CARTESIAN_POINT('',(9770.97751030072,0.,24941.5592158905));
#1362=CARTESIAN_POINT('',(9771.21416434402,-20.,24941.4211429299));
#1363=CARTESIAN_POINT('',(9759.01714361245,0.,24924.9379096495));
#1364=CARTESIAN_POINT('',(9765.83290701106,0.,24943.7859768662));
#1365=CARTESIAN_POINT('',(9766.22042769555,-20.,24943.6298048786));
#1366=CARTESIAN_POINT('',(9756.30639515496,0.,24925.8321528529));
#1367=CARTESIAN_POINT('',(9761.45736844873,0.,24945.1717293877));
#1368=CARTESIAN_POINT('',(9761.94207226537,-20.,24945.0375043242));
#1369=CARTESIAN_POINT('',(9754.08522982762,0.,24926.4049367695));
#1370=CARTESIAN_POINT('',(9758.32625788762,0.,24945.9558378228));
#1371=CARTESIAN_POINT('',(9758.57021871967,-20.,24945.9046420664));
#1372=CARTESIAN_POINT('',(9752.2501038702,0.,24926.7715196615));
#1373=CARTESIAN_POINT('',(9755.79129148078,0.,24946.4573143623));
#1374=CARTESIAN_POINT('',(9755.88226347552,-20.,24946.441131563));
#1375=CARTESIAN_POINT('',(9750.59291183825,0.,24927.0696027137));
#1376=CARTESIAN_POINT('',(9753.48879522733,0.,24946.8717508154));
#1377=CARTESIAN_POINT('',(9753.48602366052,-20.,24946.8721275064));
#1378=CARTESIAN_POINT('',(9748.90439167879,0.,24927.3812287464));
#1379=CARTESIAN_POINT('',(9751.187454082,0.,24947.296329602));
#1380=CARTESIAN_POINT('',(9751.03702405924,-20.,24947.3241028154));
#1381=CARTESIAN_POINT('',(9746.83495657617,0.,24927.760351662));
#1382=CARTESIAN_POINT('',(9748.43187013267,0.,24947.8014179667));
#1383=CARTESIAN_POINT('',(9748.03819672837,-20.,24947.8734912016));
#1384=CARTESIAN_POINT('',(9744.19082612493,0.,24928.2461182495));
#1385=CARTESIAN_POINT('',(9744.4966502589,0.,24948.5240434295));
#1386=CARTESIAN_POINT('',(9744.20529396232,-20.,24948.5776531165));
#1387=CARTESIAN_POINT('',(9740.63712727663,0.,24928.8981667257));
#1388=CARTESIAN_POINT('',(9739.22079505205,0.,24949.4922763383));
#1389=CARTESIAN_POINT('',(9739.05466388491,-20.,24949.5227136164));
#1390=CARTESIAN_POINT('',(9737.98897246899,0.,24929.3843147616));
#1391=CARTESIAN_POINT('',(9735.13940234338,0.,24950.2414666779));
#1392=CARTESIAN_POINT('',(9735.21626509096,-20.,24950.2273665435));
#1393=CARTESIAN_POINT('',(9736.4468420869,0.,24929.667363803));
#1394=CARTESIAN_POINT('',(9732.98105827253,0.,24950.637625724));
#1395=CARTESIAN_POINT('',(9732.98105827252,-20.,24950.637625724));
#1396=ORIENTED_EDGE('',*,*,#1472,.T.);
#1397=ORIENTED_EDGE('',*,*,#1473,.T.);
#1398=ORIENTED_EDGE('',*,*,#1474,.F.);
#1399=ORIENTED_EDGE('',*,*,#1475,.F.);
#1400=ORIENTED_EDGE('',*,*,#1476,.T.);
#1401=ORIENTED_EDGE('',*,*,#1477,.T.);
#1402=ORIENTED_EDGE('',*,*,#1478,.F.);
#1403=ORIENTED_EDGE('',*,*,#1479,.F.);
#1404=ORIENTED_EDGE('',*,*,#1480,.F.);
#1405=ORIENTED_EDGE('',*,*,#1481,.T.);
#1406=CARTESIAN_POINT('',(10268.4383224062,-500.,25024.8082179744));
#1407=CARTESIAN_POINT('',(10268.8733229429,-500.,25021.7943500809));
#1408=CARTESIAN_POINT('',(10271.9337371911,-500.,24990.976836601));
#1409=CARTESIAN_POINT('',(10248.563140803,-500.,24937.3620258065));
#1410=CARTESIAN_POINT('',(10180.596684474,-500.,24890.8424456396));
#1411=CARTESIAN_POINT('',(10115.9423786019,-500.,24852.5688452145));
#1412=CARTESIAN_POINT('',(10043.3229876734,-500.,24793.0616019136));
#1413=CARTESIAN_POINT('',(9972.11170478245,-500.,24844.7947154874));
#1414=CARTESIAN_POINT('',(9904.12008515798,-500.,24827.442059852));
#1415=CARTESIAN_POINT('',(9797.64444314736,-500.,24836.1095778679));
#1416=CARTESIAN_POINT('',(9808.75855882437,-500.,24936.7286429993));
#1417=CARTESIAN_POINT('',(9755.80283301977,-500.,24946.4486821933));
#1418=ORIENTED_EDGE('',*,*,#1482,.F.);
#1419=ORIENTED_EDGE('',*,*,#1481,.F.);
#1420=ORIENTED_EDGE('',*,*,#1483,.F.);
#1421=ORIENTED_EDGE('',*,*,#1479,.T.);
#1422=CARTESIAN_POINT('',(9755.80283301977,-500.,24946.4486821933));
#1423=CARTESIAN_POINT('',(9753.05291370318,-500.,25016.4267936516));
#1424=CARTESIAN_POINT('',(9727.33559246393,-500.,25047.3923814076));
#1425=CARTESIAN_POINT('',(9871.13726005251,-500.,25089.9658733567));
#1426=CARTESIAN_POINT('',(9918.73059453795,-500.,25072.692985427));
#1427=CARTESIAN_POINT('',(9986.68248503649,-500.,25110.6078507797));
#1428=CARTESIAN_POINT('',(10035.3341250908,-500.,25065.449629271));
#1429=CARTESIAN_POINT('',(10085.2866305189,-500.,25163.1614415815));
#1430=CARTESIAN_POINT('',(10186.113898705,-500.,25096.2073762073));
#1431=CARTESIAN_POINT('',(10243.5672234353,-500.,25092.78168657));
#1432=CARTESIAN_POINT('',(10265.2443963616,-500.,25046.9370898883));
#1433=CARTESIAN_POINT('',(10268.4383224062,-500.,25024.8082179744));
#1434=ORIENTED_EDGE('',*,*,#1484,.F.);
#1435=ORIENTED_EDGE('',*,*,#1485,.F.);
#1436=ORIENTED_EDGE('',*,*,#1486,.F.);
#1437=ORIENTED_EDGE('',*,*,#1472,.F.);
#1438=ORIENTED_EDGE('',*,*,#1486,.T.);
#1439=ORIENTED_EDGE('',*,*,#1487,.T.);
#1440=ORIENTED_EDGE('',*,*,#1488,.F.);
#1441=ORIENTED_EDGE('',*,*,#1473,.F.);
#1442=ORIENTED_EDGE('',*,*,#1474,.T.);
#1443=ORIENTED_EDGE('',*,*,#1488,.T.);
#1444=ORIENTED_EDGE('',*,*,#1489,.T.);
#1445=ORIENTED_EDGE('',*,*,#1490,.T.);
#1446=ORIENTED_EDGE('',*,*,#1484,.T.);
#1447=ORIENTED_EDGE('',*,*,#1475,.T.);
#1448=ORIENTED_EDGE('',*,*,#1490,.F.);
#1449=ORIENTED_EDGE('',*,*,#1491,.F.);
#1450=ORIENTED_EDGE('',*,*,#1492,.T.);
#1451=ORIENTED_EDGE('',*,*,#1493,.T.);
#1452=ORIENTED_EDGE('',*,*,#1485,.T.);
#1453=ORIENTED_EDGE('',*,*,#1491,.T.);
#1454=ORIENTED_EDGE('',*,*,#1489,.F.);
#1455=ORIENTED_EDGE('',*,*,#1487,.F.);
#1456=ORIENTED_EDGE('',*,*,#1483,.T.);
#1457=ORIENTED_EDGE('',*,*,#1494,.T.);
#1458=ORIENTED_EDGE('',*,*,#1492,.F.);
#1459=ORIENTED_EDGE('',*,*,#1495,.F.);
#1460=ORIENTED_EDGE('',*,*,#1480,.T.);
#1461=ORIENTED_EDGE('',*,*,#1495,.T.);
#1462=ORIENTED_EDGE('',*,*,#1493,.F.);
#1463=ORIENTED_EDGE('',*,*,#1494,.F.);
#1464=ORIENTED_EDGE('',*,*,#1476,.F.);
#1465=ORIENTED_EDGE('',*,*,#1496,.F.);
#1466=ORIENTED_EDGE('',*,*,#1482,.T.);
#1467=ORIENTED_EDGE('',*,*,#1497,.T.);
#1468=ORIENTED_EDGE('',*,*,#1477,.F.);
#1469=ORIENTED_EDGE('',*,*,#1497,.F.);
#1470=ORIENTED_EDGE('',*,*,#1478,.T.);
#1471=ORIENTED_EDGE('',*,*,#1496,.T.);
#1472=EDGE_CURVE('',#1498,#1499,#1500,.T.);
#1473=EDGE_CURVE('',#1499,#1501,#1502,.T.);
#1474=EDGE_CURVE('',#1503,#1501,#1504,.T.);
#1475=EDGE_CURVE('',#1498,#1503,#1505,.T.);
#1476=EDGE_CURVE('',#1506,#1507,#1508,.F.);
#1477=EDGE_CURVE('',#1507,#1506,#1509,.F.);
#1478=EDGE_CURVE('',#1510,#1511,#1512,.F.);
#1479=EDGE_CURVE('',#1513,#1510,#1514,.T.);
#1480=EDGE_CURVE('',#1515,#1513,#1516,.T.);
#1481=EDGE_CURVE('',#1515,#1511,#1517,.T.);
#1482=EDGE_CURVE('',#1511,#1510,#1518,.F.);
#1483=EDGE_CURVE('',#1513,#1515,#1519,.T.);
#1484=EDGE_CURVE('',#1520,#1498,#1521,.T.);
#1485=EDGE_CURVE('',#1522,#1520,#1523,.T.);
#1486=EDGE_CURVE('',#1499,#1522,#1524,.T.);
#1487=EDGE_CURVE('',#1522,#1525,#1526,.T.);
#1488=EDGE_CURVE('',#1501,#1525,#1527,.T.);
#1489=EDGE_CURVE('',#1525,#1528,#1529,.T.);
#1490=EDGE_CURVE('',#1528,#1503,#1530,.T.);
#1491=EDGE_CURVE('',#1520,#1528,#1531,.T.);
#1492=EDGE_CURVE('',#1532,#1533,#1534,.T.);
#1493=EDGE_CURVE('',#1533,#1532,#1535,.T.);
#1494=EDGE_CURVE('',#1515,#1533,#1536,.T.);
#1495=EDGE_CURVE('',#1513,#1532,#1537,.T.);
#1496=EDGE_CURVE('',#1511,#1506,#1538,.F.);
#1497=EDGE_CURVE('',#1510,#1507,#1539,.F.);
#1498=VERTEX_POINT('',#1540);
#1499=VERTEX_POINT('',#1541);
#1500=LINE('',#1542,#1543);
#1501=VERTEX_POINT('',#1545);
#1502=LINE('',#1546,#1547);
#1503=VERTEX_POINT('',#1549);
#1504=LINE('',#1550,#1551);
#1505=LINE('',#1553,#1554);
#1506=VERTEX_POINT('',#1556);
#1507=VERTEX_POINT('',#1557);
#1508=B_SPLINE_CURVE_WITH_KNOTS('',3,
(#1558,#1559,#1560,#1561,#1562,#1563,#1564,#1565,#1566,#1567,#1568,#1569,#1570,#1571,
#1572,#1573,#1574,#1575,#1576,#1577,#1578,#1579,#1580,#1581,#1582,#1583,#1584,#1585,
#1586,#1587,#1588,#1589,#1590,#1591,#1592,#1593,#1594,#1595,#1596,#1597,#1598,#1599,
#1600,#1601,#1602,#1603,#1604,#1605,#1606,#1607,#1608,#1609,#1610,#1611,#1612,#1613,
#1614,#1615,#1616,#1617,#1618,#1619,#1620,#1621,#1622,#1623,#1624,#1625,#1626,#1627,
#1628,#1629,#1630,#1631,#1632,#1633,#1634,#1635,#1636,#1637,#1638,#1639,#1640,#1641,
#1642,#1643,#1644,#1645,#1646,#1647,#1648,#1649,#1650,#1651,#1652,#1653,#1654,#1655,
#1656,#1657,#1658,#1659,#1660,#1661,#1662,#1663,#1664,#1665,#1666,#1667,#1668,#1669,
#1670,#1671,#1672,#1673,#1674,#1675,#1676),
.UNSPECIFIED.,.F.,.F.,
(4,1,1,1,1,1,1,1,1,1,1,1,1,1,1,1,1,1,1,1,1,1,1,1,1,1,1,1,1,1,1,1,1,1,1,1,1,1,1,1,
1,1,1,1,1,1,1,1,1,1,1,1,1,1,1,1,1,1,1,1,1,1,1,1,1,1,1,1,1,1,1,1,1,1,1,1,1,1,1,1,
1,1,1,1,1,1,1,1,1,1,1,1,1,1,1,1,1,1,1,1,1,1,1,1,1,1,1,1,1,1,1,1,1,1,1,1,4),
(0.,0.00803988981601532,0.0153478713398237,0.0215999097394659,0.0288223312136236,
0.0370151357622966,0.0478912587600692,0.0620277192965158,0.0778706983773435,0.0935247147414098,
0.106559920236996,0.118080720567655,0.128304330085916,0.137649325529289,0.146545284770151,
0.15530043984125,0.164032185774919,0.172774029525444,0.181634589110786,0.19092011546436,
0.200979586596059,0.212400054314337,0.223093121915182,0.234101230916247,0.245907753276952,
0.26095293095619,0.276302160396289,0.290757534144653,0.30287714212183,0.3122058890591,
0.31858457547023,0.322819454632204,0.328011328537122,0.33552876603327,0.345841718108151,
0.357140689529864,0.36790797567053,0.377638022088233,0.386400699828672,0.393803820777849,
0.39914462868602,0.40304655351021,0.407022729379619,0.412826242447211,0.421244932989337,
0.431487507248188,0.442672899802909,0.453896250462421,0.464915498106648,0.475360884552766,
0.485015137874855,0.492687663856525,0.498086397163286,0.501545629635787,0.505666618326536,
0.511484019114138,0.519558976031803,0.528724719443682,0.538279369340526,0.547493045524191,
0.55615922095739,0.564232183831733,0.571630762740027,0.578351153059668,0.584513112943219,
0.590357049307411,0.595971167599958,0.601322225685919,0.605534147723848,0.608705910854159,
0.611559390877329,0.615513329816224,0.620733409465007,0.626935012509375,0.633828622890048,
0.641524839683105,0.649975143161558,0.659062561089591,0.668461940379479,0.677685292984408,
0.686274455519677,0.694074054473412,0.700863597391468,0.70672974307242,0.711136142011195,
0.714557118360341,0.717705360063813,0.72235416334976,0.728400975289385,0.735709022435707,
0.743538986831545,0.752292219204845,0.761941811428085,0.772386279851833,0.783375141974136,
0.794317402515879,0.803565107621205,0.810472111934315,0.815325231720075,0.82074746265097,
0.828731126835951,0.840123779508928,0.85245424858782,0.864328042022275,0.874641282339688,
0.885502828790312,0.894561310657193,0.902073050179025,0.907364205568443,0.912732099148605,
0.919197271564018,0.927743011282501,0.938811124756351,0.952020052237737,0.966122015904099,
0.982328325457078,1.),
.UNSPECIFIED.);
#1509=B_SPLINE_CURVE_WITH_KNOTS('',3,
(#1677,#1678,#1679,#1680,#1681,#1682,#1683,#1684,#1685,#1686,#1687,#1688,#1689,#1690,
#1691,#1692,#1693,#1694,#1695,#1696,#1697,#1698,#1699,#1700,#1701,#1702,#1703,#1704,
#1705,#1706,#1707,#1708,#1709,#1710,#1711,#1712,#1713,#1714,#1715,#1716,#1717,#1718,
#1719,#1720,#1721,#1722,#1723,#1724,#1725,#1726,#1727,#1728,#1729,#1730,#1731,#1732,
#1733,#1734,#1735,#1736,#1737,#1738,#1739,#1740,#1741,#1742,#1743,#1744,#1745,#1746,
#1747,#1748,#1749,#1750,#1751,#1752,#1753,#1754,#1755,#1756,#1757,#1758,#1759,#1760,
#1761,#1762,#1763),
.UNSPECIFIED.,.F.,.F.,
(4,1,1,1,1,1,1,1,1,1,1,1,1,1,1,1,1,1,1,1,1,1,1,1,1,1,1,1,1,1,1,1,1,1,1,1,1,1,1,1,
1,1,1,1,1,1,1,1,1,1,1,1,1,1,1,1,1,1,1,1,1,1,1,1,1,1,1,1,1,1,1,1,1,1,1,1,1,1,1,1,
1,1,1,1,4),
(0.,0.0147576775248137,0.0282296745681689,0.0441888544654499,0.0613899536766494,
0.0818099692938749,0.102315712519634,0.120983639891275,0.14048758151411,0.161083643815842,
0.185993023451434,0.210412629091708,0.230263765903582,0.246656987991747,0.264296142448639,
0.289680753171408,0.319072129656018,0.342321709966165,0.356112884072188,0.362850173201043,
0.370796921699007,0.382021380671456,0.395997009708872,0.411060940005134,0.424709003418443,
0.437241936996231,0.448218934267965,0.4578040260116,0.465084896515487,0.470784536167089,
0.475004342858503,0.479990046058299,0.486287334693444,0.494858994740157,0.50513501870137,
0.516781879967874,0.529104984594104,0.541803221441444,0.554334739886633,0.565889094758057,
0.574522569517393,0.58056485247014,0.585239000042147,0.59012705416757,0.596204512018384,
0.603906924202987,0.614601822482738,0.627520392557428,0.642086937559883,0.657659564141663,
0.671122401903686,0.682105282186214,0.690620709124572,0.701564725755247,0.714808298372703,
0.72936123088984,0.742803539380747,0.754853413140336,0.765372438853804,0.774446646675162,
0.78110731814929,0.78604132849494,0.790999687911161,0.797418437379907,0.805861949395086,
0.815276294097112,0.825982521229925,0.837696873139942,0.850214107057872,0.863217437006847,
0.876373877652773,0.889280479450943,0.901439418388961,0.912506118976373,0.922479880138304,
0.931665586384966,0.94041689545087,0.94898754019441,0.957494188412447,0.965636735189561,
0.971827514218478,0.976731635018321,0.981663692391094,0.989636340617346,1.),
.UNSPECIFIED.);
#1510=VERTEX_POINT('',#1764);
#1511=VERTEX_POINT('',#1765);
#1512=B_SPLINE_CURVE_WITH_KNOTS('',3,
(#1766,#1767,#1768,#1769,#1770,#1771,#1772,#1773,#1774,#1775,#1776,#1777),
.UNSPECIFIED.,.F.,.F.,
(4,1,1,1,1,1,1,1,1,4),
(0.,0.0125397523832003,0.128319470308141,0.247238001723498,0.371282502118243,0.485291656584929,
0.602480740178647,0.709075509639984,0.805766879388738,1.),
.UNSPECIFIED.);
#1513=VERTEX_POINT('',#1778);
#1514=LINE('',#1779,#1780);
#1515=VERTEX_POINT('',#1782);
#1516=B_SPLINE_CURVE_WITH_KNOTS('',3,
(#1783,#1784,#1785,#1786,#1787,#1788,#1789,#1790,#1791,#1792,#1793,#1794),
.UNSPECIFIED.,.F.,.F.,
(4,1,1,1,1,1,1,1,1,4),
(0.,0.0125397523832003,0.128319470308141,0.247238001723498,0.371282502118243,0.485291656584929,
0.602480740178647,0.709075509639984,0.805766879388738,1.),
.UNSPECIFIED.);
#1517=LINE('',#1795,#1796);
#1518=B_SPLINE_CURVE_WITH_KNOTS('',3,
(#1798,#1799,#1800,#1801,#1802,#1803,#1804,#1805,#1806,#1807,#1808,#1809),
.UNSPECIFIED.,.F.,.F.,
(4,1,1,1,1,1,1,1,1,4),
(0.,0.217000024981834,0.307840673712282,0.392223163713478,0.491665870919225,0.60029880407834,
0.708883052265972,0.810313679881883,0.907928753307482,1.),
.UNSPECIFIED.);
#1519=B_SPLINE_CURVE_WITH_KNOTS('',3,
(#1810,#1811,#1812,#1813,#1814,#1815,#1816,#1817,#1818,#1819,#1820,#1821),
.UNSPECIFIED.,.F.,.F.,
(4,1,1,1,1,1,1,1,1,4),
(0.,0.217000024981834,0.307840673712282,0.392223163713478,0.491665870919225,0.60029880407834,
0.708883052265972,0.810313679881883,0.907928753307482,1.),
.UNSPECIFIED.);
#1520=VERTEX_POINT('',#1822);
#1521=LINE('',#1823,#1824);
#1522=VERTEX_POINT('',#1826);
#1523=LINE('',#1827,#1828);
#1524=LINE('',#1830,#1831);
#1525=VERTEX_POINT('',#1833);
#1526=LINE('',#1834,#1835);
#1527=LINE('',#1837,#1838);
#1528=VERTEX_POINT('',#1840);
#1529=LINE('',#1841,#1842);
#1530=LINE('',#1844,#1845);
#1531=LINE('',#1847,#1848);
#1532=VERTEX_POINT('',#1850);
#1533=VERTEX_POINT('',#1851);
#1534=TRIMMED_CURVE('',#1852,(PARAMETER_VALUE(0.00781388683128628)),(PARAMETER_VALUE(
1.)),.T.,.PARAMETER.);
#1535=TRIMMED_CURVE('',#1853,(PARAMETER_VALUE(0.)),(PARAMETER_VALUE(0.991376711881057)),
.T.,.PARAMETER.);
#1536=CIRCLE('',#1854,10.0000000000013);
#1537=B_SPLINE_CURVE_WITH_KNOTS('',3,
(#1858,#1859,#1860,#1861,#1862,#1863,#1864,#1865,#1866,#1867,#1868,#1869,#1870,#1871,
#1872,#1873,#1874,#1875,#1876,#1877,#1878,#1879,#1880,#1881,#1882,#1883,#1884,#1885,
#1886,#1887,#1888,#1889,#1890,#1891,#1892,#1893,#1894,#1895,#1896,#1897,#1898,#1899,
#1900,#1901,#1902,#1903,#1904,#1905,#1906,#1907,#1908,#1909,#1910,#1911,#1912,#1913,
#1914,#1915),
.UNSPECIFIED.,.F.,.F.,
(4,1,1,1,1,1,1,1,1,1,1,1,1,1,1,1,1,1,1,1,1,1,1,1,1,1,1,1,1,1,1,1,1,1,1,1,1,1,1,1,
1,1,1,1,1,1,1,1,1,1,1,1,1,1,1,4),
(0.,0.01369539608875,0.0275561422077684,0.0415303435900619,0.0556600217033263,0.0698240084539203,
0.0839898087568831,0.0981590679012927,0.112347992341056,0.126547082225455,0.140781000779183,
0.155037901362034,0.169337274676631,0.183658614702365,0.198043693965258,0.212464964127276,
0.226943316283429,0.241436357997692,0.260943619831529,0.28060804817696,0.300415212323113,
0.320599845068157,0.34095364537628,0.361497319550065,0.377125991004665,0.392897866160763,
0.408886552606234,0.424952953811029,0.441231811663063,0.457625909973031,0.474172719249463,
0.490752965557741,0.507435154860963,0.524201541443059,0.541082718671079,0.558016223616618,
0.580779671639571,0.603603740906925,0.62652169197399,0.643755653939376,0.660970854651314,
0.678106805581594,0.695194315730886,0.712168756830319,0.729080418615462,0.751411157083611,
0.779013270343986,0.811731111687137,0.840327478132841,0.865052321601983,0.892959609395062,
0.92076785154335,0.948469518603659,0.967433073866226,0.98462517082634,1.),
.UNSPECIFIED.);
#1538=CIRCLE('',#1916,19.9999999999854);
#1539=B_SPLINE_CURVE_WITH_KNOTS('',3,
(#1920,#1921,#1922,#1923,#1924,#1925,#1926,#1927,#1928,#1929,#1930,#1931,#1932,#1933,
#1934,#1935,#1936,#1937,#1938,#1939,#1940,#1941,#1942,#1943,#1944,#1945,#1946,#1947,
#1948,#1949,#1950,#1951,#1952,#1953,#1954,#1955,#1956,#1957,#1958,#1959,#1960,#1961,
#1962,#1963,#1964,#1965,#1966,#1967,#1968,#1969,#1970,#1971,#1972,#1973,#1974,#1975,
#1976,#1977,#1978,#1979),
.UNSPECIFIED.,.F.,.F.,
(4,1,1,1,1,1,1,1,1,1,1,1,1,1,1,1,1,1,1,1,1,1,1,1,1,1,1,1,1,1,1,1,1,1,1,1,1,1,1,1,
1,1,1,1,1,1,1,1,1,1,1,1,1,1,1,1,1,4),
(0.,0.0256216233055554,0.0512864318237168,0.0767675352754176,0.101934963238617,0.126959812238559,
0.151633608090765,0.176090597714451,0.200246892247871,0.224314525656519,0.247889876579009,
0.271072360973833,0.293572548016798,0.315765929297334,0.337152892076807,0.358050406281384,
0.37824906330608,0.398224417220234,0.417455807883883,0.436139905159692,0.453966144365183,
0.471457952522844,0.493417589030818,0.519897507659164,0.545465774332974,0.565331083580414,
0.579578940031456,0.593646921014061,0.607303213271654,0.620729043392474,0.638218943507724,
0.657013638192297,0.67711539029027,0.699993668282843,0.722923931737117,0.745898616475861,
0.761732237974125,0.776132541782171,0.789044918808406,0.801904017766219,0.814567402151685,
0.82708976069239,0.843408572032195,0.859358006528546,0.874941273562812,0.886040979064614,
0.896960600236589,0.907429884162767,0.91763084101765,0.927475350225382,0.937232735343942,
0.946722129870732,0.956031394833082,0.965068005451681,0.974011580576566,0.982769261138929,
0.991432274441007,1.),
.UNSPECIFIED.);
#1540=CARTESIAN_POINT('',(4.E004,0.,0.));
#1541=CARTESIAN_POINT('',(0.,0.,0.));
#1542=CARTESIAN_POINT('',(4.E004,0.,0.));
#1543=VECTOR('',#1544,1.);
#1544=DIRECTION('',(-1.,0.,0.));
#1545=CARTESIAN_POINT('',(0.,0.,4.E004));
#1546=CARTESIAN_POINT('',(0.,0.,0.));
#1547=VECTOR('',#1548,1.);
#1548=DIRECTION('',(0.,0.,1.));
#1549=CARTESIAN_POINT('',(4.E004,0.,4.E004));
#1550=CARTESIAN_POINT('',(4.E004,0.,4.E004));
#1551=VECTOR('',#1552,1.);
#1552=DIRECTION('',(-1.,0.,0.));
#1553=CARTESIAN_POINT('',(4.E004,0.,0.));
#1554=VECTOR('',#1555,1.);
#1555=DIRECTION('',(0.,0.,1.));
#1556=CARTESIAN_POINT('',(10288.2332016151,0.,25027.6652718947));
#1557=CARTESIAN_POINT('',(9736.44684955064,0.,24929.667362433));
#1558=CARTESIAN_POINT('',(9736.44684955064,0.,24929.6673624329));
#1559=CARTESIAN_POINT('',(9736.34819694348,0.,24932.1778081386));
#1560=CARTESIAN_POINT('',(9736.15878194431,0.,24936.9799950828));
#1561=CARTESIAN_POINT('',(9735.89595973813,0.,24943.7391850199));
#1562=CARTESIAN_POINT('',(9735.63242757273,0.,24950.2149830488));
#1563=CARTESIAN_POINT('',(9735.25743937128,0.,24956.6428450331));
#1564=CARTESIAN_POINT('',(9734.71484187212,0.,24964.1003889727));
#1565=CARTESIAN_POINT('',(9733.92219172242,0.,24972.993822481));
#1566=CARTESIAN_POINT('',(9732.86336122462,0.,24983.1950464359));
#1567=CARTESIAN_POINT('',(9731.71751405218,0.,24993.7735637049));
#1568=CARTESIAN_POINT('',(9730.82160164203,0.,25003.4993079914));
#1569=CARTESIAN_POINT('',(9730.37849411788,0.,25012.0144149473));
#1570=CARTESIAN_POINT('',(9730.41990426807,0.,25019.3308763549));
#1571=CARTESIAN_POINT('',(9730.93995181161,0.,25025.9213771479));
#1572=CARTESIAN_POINT('',(9731.94939962776,0.,25032.0252085217));
#1573=CARTESIAN_POINT('',(9733.49548465654,0.,25037.8474765563));
#1574=CARTESIAN_POINT('',(9735.65061402308,0.,25043.4883787145));
#1575=CARTESIAN_POINT('',(9738.46651562506,0.,25048.9287045952));
#1576=CARTESIAN_POINT('',(9741.94794761309,0.,25054.0988360577));
#1577=CARTESIAN_POINT('',(9746.10661875378,0.,25058.9896448133));
#1578=CARTESIAN_POINT('',(9751.0360429935,0.,25063.6737983706));
#1579=CARTESIAN_POINT('',(9756.99923169866,0.,25068.3070980254));
#1580=CARTESIAN_POINT('',(9763.89297027157,0.,25072.709627527));
#1581=CARTESIAN_POINT('',(9771.72874183565,0.,25076.9164317965));
#1582=CARTESIAN_POINT('',(9780.490912898,0.,25080.9767556994));
#1583=CARTESIAN_POINT('',(9791.41285288052,0.,25085.4140858376));
#1584=CARTESIAN_POINT('',(9804.64682261254,0.,25090.0885604002));
#1585=CARTESIAN_POINT('',(9819.5214174588,0.,25094.5584110912));
#1586=CARTESIAN_POINT('',(9833.70017714067,0.,25098.0830189151));
#1587=CARTESIAN_POINT('',(9845.7377029086,0.,25100.44884919));
#1588=CARTESIAN_POINT('',(9854.85896348231,0.,25101.7835187267));
#1589=CARTESIAN_POINT('',(9861.25593511594,0.,25102.4363747163));
#1590=CARTESIAN_POINT('',(9866.22729322393,0.,25102.7667523275));
#1591=CARTESIAN_POINT('',(9871.32543165819,0.,25102.9436074501));
#1592=CARTESIAN_POINT('',(9877.87507371777,0.,25102.9113378169));
#1593=CARTESIAN_POINT('',(9885.4676044149,0.,25102.5095574282));
#1594=CARTESIAN_POINT('',(9892.9767068487,0.,25101.8218039759));
#1595=CARTESIAN_POINT('',(9899.44278630345,0.,25101.1580750334));
#1596=CARTESIAN_POINT('',(9904.67113829287,0.,25100.7209853875));
#1597=CARTESIAN_POINT('',(9908.79814606351,0.,25100.5497962785));
#1598=CARTESIAN_POINT('',(9911.94023637108,0.,25100.5919057627));
#1599=CARTESIAN_POINT('',(9914.27378492297,0.,25100.7501323302));
#1600=CARTESIAN_POINT('',(9916.0706862177,0.,25100.9508604856));
#1601=CARTESIAN_POINT('',(9918.03596285002,0.,25101.248162468));
#1602=CARTESIAN_POINT('',(9920.90313899894,0.,25101.8052272585));
#1603=CARTESIAN_POINT('',(9925.15499061299,0.,25102.8529843194));
#1604=CARTESIAN_POINT('',(9930.87724308367,0.,25104.5470757781));
#1605=CARTESIAN_POINT('',(9937.66718687336,0.,25106.7793594168));
#1606=CARTESIAN_POINT('',(9945.08152263218,0.,25109.2747778958));
#1607=CARTESIAN_POINT('',(9952.72954389724,0.,25111.7114379348));
#1608=CARTESIAN_POINT('',(9960.37757691593,0.,25113.8232927302));
#1609=CARTESIAN_POINT('',(9967.54518709149,0.,25115.3460801743));
#1610=CARTESIAN_POINT('',(9973.70080758873,0.,25116.1799770168));
#1611=CARTESIAN_POINT('',(9978.34067315662,0.,25116.4724074646));
#1612=CARTESIAN_POINT('',(9982.10653382831,0.,25116.4905779067));
#1613=CARTESIAN_POINT('',(9985.88153188846,0.,25116.3125818192));
#1614=CARTESIAN_POINT('',(9990.72200593329,0.,25115.7837547385));
#1615=CARTESIAN_POINT('',(9996.4737954484,0.,25114.7124580426));
#1616=CARTESIAN_POINT('',(10002.5039646173,0.,25113.1397187254));
#1617=CARTESIAN_POINT('',(10008.0733074213,0.,25111.3946194877));
#1618=CARTESIAN_POINT('',(10012.8533109812,0.,25109.8018540526));
#1619=CARTESIAN_POINT('',(10016.7362632126,0.,25108.5614416723));
#1620=CARTESIAN_POINT('',(10019.744108832,0.,25107.7322720744));
#1621=CARTESIAN_POINT('',(10021.9404220377,0.,25107.2769602607));
#1622=CARTESIAN_POINT('',(10023.4362301213,0.,25107.0959138843));
#1623=CARTESIAN_POINT('',(10024.391592313,0.,25107.0745081983));
#1624=CARTESIAN_POINT('',(10024.9729360109,0.,25107.1242568918));
#1625=CARTESIAN_POINT('',(10025.3438802646,0.,25107.1978933932));
#1626=CARTESIAN_POINT('',(10025.643974907,0.,25107.2901912127));
#1627=CARTESIAN_POINT('',(10025.9689389153,0.,25107.4283511086));
#1628=CARTESIAN_POINT('',(10026.3017820406,0.,25107.6013313038));
#1629=CARTESIAN_POINT('',(10026.8424763789,0.,25107.9263032182));
#1630=CARTESIAN_POINT('',(10027.7286396067,0.,25108.5325500169));
#1631=CARTESIAN_POINT('',(10029.203276336,0.,25109.6873498995));
#1632=CARTESIAN_POINT('',(10031.3484077516,0.,25111.5919749172));
#1633=CARTESIAN_POINT('',(10034.1704836454,0.,25114.3554025011));
#1634=CARTESIAN_POINT('',(10037.6798819618,0.,25118.0243831621));
#1635=CARTESIAN_POINT('',(10041.9279504504,0.,25122.5990365182));
#1636=CARTESIAN_POINT('',(10046.9218229919,0.,25127.9155139868));
#1637=CARTESIAN_POINT('',(10052.6034216106,0.,25133.624165337));
#1638=CARTESIAN_POINT('',(10058.8223849251,0.,25139.2377177745));
#1639=CARTESIAN_POINT('',(10065.3855490139,0.,25144.3087146104));
#1640=CARTESIAN_POINT('',(10072.0459156951,0.,25148.511057574));
#1641=CARTESIAN_POINT('',(10078.5751158414,0.,25151.7166091647));
#1642=CARTESIAN_POINT('',(10084.5240375097,0.,25153.8663145889));
#1643=CARTESIAN_POINT('',(10089.5970907264,0.,25155.1469735977));
#1644=CARTESIAN_POINT('',(10093.8601955837,0.,25155.8588430787));
#1645=CARTESIAN_POINT('',(10098.2107488438,0.,25156.2768276239));
#1646=CARTESIAN_POINT('',(10103.4885645225,0.,25156.3822100519));
#1647=CARTESIAN_POINT('',(10110.1825548288,0.,25155.8996118819));
#1648=CARTESIAN_POINT('',(10117.8009290886,0.,25154.6077051058));
#1649=CARTESIAN_POINT('',(10126.1085989831,0.,25152.4479514969));
#1650=CARTESIAN_POINT('',(10134.9504339134,0.,25149.4451524072));
#1651=CARTESIAN_POINT('',(10144.3871419329,0.,25145.6007995932));
#1652=CARTESIAN_POINT('',(10154.238766323,0.,25141.0710273316));
#1653=CARTESIAN_POINT('',(10164.1148582727,0.,25136.2013367527));
#1654=CARTESIAN_POINT('',(10173.1614944592,0.,25131.6449603209));
#1655=CARTESIAN_POINT('',(10180.5356318612,0.,25128.0228645957));
#1656=CARTESIAN_POINT('',(10185.8808976079,0.,25125.5380595367));
#1657=CARTESIAN_POINT('',(10189.9449624621,0.,25123.7691329841));
#1658=CARTESIAN_POINT('',(10194.1705186685,0.,25122.0552683938));
#1659=CARTESIAN_POINT('',(10199.7869984724,0.,25119.9639039293));
#1660=CARTESIAN_POINT('',(10206.8048310914,0.,25117.6141673796));
#1661=CARTESIAN_POINT('',(10214.5977562018,0.,25115.1882934711));
#1662=CARTESIAN_POINT('',(10222.2043296669,0.,25112.777155256));
#1663=CARTESIAN_POINT('',(10229.6180940219,0.,25110.1495551595));
#1664=CARTESIAN_POINT('',(10236.5376225309,0.,25107.2297284371));
#1665=CARTESIAN_POINT('',(10242.880734221,0.,25103.9124323203));
#1666=CARTESIAN_POINT('',(10247.8979097923,0.,25100.7151550574));
#1667=CARTESIAN_POINT('',(10251.984626538,0.,25097.6649372549));
#1668=CARTESIAN_POINT('',(10255.731885232,0.,25094.4680277323));
#1669=CARTESIAN_POINT('',(10259.8803893054,0.,25090.3990992578));
#1670=CARTESIAN_POINT('',(10264.7629877112,0.,25084.790288091));
#1671=CARTESIAN_POINT('',(10270.248855403,0.,25077.1726016967));
#1672=CARTESIAN_POINT('',(10275.7886874381,0.,25067.58644821));
#1673=CARTESIAN_POINT('',(10281.0018789891,0.,25056.0207574531));
#1674=CARTESIAN_POINT('',(10285.4401033405,0.,25042.6198789543));
#1675=CARTESIAN_POINT('',(10287.4892516397,0.,25032.8196723054));
#1676=CARTESIAN_POINT('',(10288.2332016151,0.,25027.6652718947));
#1677=CARTESIAN_POINT('',(10288.2332016151,0.,25027.6652718947));
#1678=CARTESIAN_POINT('',(10288.8642527641,0.,25023.2930823538));
#1679=CARTESIAN_POINT('',(10289.6150681945,0.,25014.9096141463));
#1680=CARTESIAN_POINT('',(10289.3301718807,0.,25001.9503814829));
#1681=CARTESIAN_POINT('',(10287.53824218,0.,24988.7211420507));
#1682=CARTESIAN_POINT('',(10283.7469990874,0.,24974.1712341385));
#1683=CARTESIAN_POINT('',(10277.7775824413,0.,24959.3183514172));
#1684=CARTESIAN_POINT('',(10269.9381051292,0.,24945.217966746));
#1685=CARTESIAN_POINT('',(10260.8917172087,0.,24932.4329727466));
#1686=CARTESIAN_POINT('',(10250.7907659915,0.,24920.7713363373));
#1687=CARTESIAN_POINT('',(10238.8016270361,0.,24909.1896284606));
#1688=CARTESIAN_POINT('',(10225.2343197375,0.,24898.0660935961));
#1689=CARTESIAN_POINT('',(10211.4997301638,0.,24888.1996672674));
#1690=CARTESIAN_POINT('',(10199.481128891,0.,24880.2197412567));
#1691=CARTESIAN_POINT('',(10189.0201560226,0.,24873.5195317731));
#1692=CARTESIAN_POINT('',(10177.6530258554,0.,24866.3539620976));
#1693=CARTESIAN_POINT('',(10163.9752026995,0.,24857.7970035841));
#1694=CARTESIAN_POINT('',(10149.356688116,0.,24848.4887883847));
#1695=CARTESIAN_POINT('',(10136.8684537744,0.,24840.179103147));
#1696=CARTESIAN_POINT('',(10128.5458814491,0.,24834.3969044385));
#1697=CARTESIAN_POINT('',(10123.1112026516,0.,24830.515934988));
#1698=CARTESIAN_POINT('',(10118.0356657627,0.,24826.825494832));
#1699=CARTESIAN_POINT('',(10111.3053139168,0.,24821.9022933925));
#1700=CARTESIAN_POINT('',(10102.7755680301,0.,24815.7901799439));
#1701=CARTESIAN_POINT('',(10093.2753791347,0.,24809.4247842486));
#1702=CARTESIAN_POINT('',(10083.5907303528,0.,24803.6781691769));
#1703=CARTESIAN_POINT('',(10074.3602388686,0.,24799.0742085563));
#1704=CARTESIAN_POINT('',(10065.6496066368,0.,24795.6471774809));
#1705=CARTESIAN_POINT('',(10057.9090580333,0.,24793.4356842469));
#1706=CARTESIAN_POINT('',(10051.3525125222,0.,24792.2174767555));
#1707=CARTESIAN_POINT('',(10046.1949477725,0.,24791.6876539942));
#1708=CARTESIAN_POINT('',(10041.6452107112,0.,24791.5311742069));
#1709=CARTESIAN_POINT('',(10037.0326343126,0.,24791.655521711));
#1710=CARTESIAN_POINT('',(10031.2825922595,0.,24792.2031152738));
#1711=CARTESIAN_POINT('',(10024.3002357223,0.,24793.4335336553));
#1712=CARTESIAN_POINT('',(10016.2745490418,0.,24795.534010224));
#1713=CARTESIAN_POINT('',(10007.7780889524,0.,24798.40649551));
#1714=CARTESIAN_POINT('',(9999.1967462742,0.,24801.7814916895));
#1715=CARTESIAN_POINT('',(9990.89436746736,0.,24805.2704283424));
#1716=CARTESIAN_POINT('',(9983.2232310729,0.,24808.4592552725));
#1717=CARTESIAN_POINT('',(9976.81666255194,0.,24810.9041043555));
#1718=CARTESIAN_POINT('',(9972.00108783566,0.,24812.4962142866));
#1719=CARTESIAN_POINT('',(9968.63690889275,0.,24813.4425091476));
#1720=CARTESIAN_POINT('',(9966.0534043254,0.,24814.0602318286));
#1721=CARTESIAN_POINT('',(9963.54419621157,0.,24814.5537359297));
#1722=CARTESIAN_POINT('',(9960.45991070419,0.,24815.016939427));
#1723=CARTESIAN_POINT('',(9956.30598090569,0.,24815.4175951881));
#1724=CARTESIAN_POINT('',(9950.73053198083,0.,24815.6076550755));
#1725=CARTESIAN_POINT('',(9943.47013459123,0.,24815.3867009337));
#1726=CARTESIAN_POINT('',(9934.62331394098,0.,24814.6527099712));
#1727=CARTESIAN_POINT('',(9924.91221196043,0.,24813.5560731087));
#1728=CARTESIAN_POINT('',(9915.31885808693,0.,24812.4597195925));
#1729=CARTESIAN_POINT('',(9906.94364156179,0.,24811.649868387));
#1730=CARTESIAN_POINT('',(9898.83588984914,0.,24811.0715796682));
#1731=CARTESIAN_POINT('',(9889.81660658091,0.,24810.723069629));
#1732=CARTESIAN_POINT('',(9878.85834525037,0.,24810.8154339649));
#1733=CARTESIAN_POINT('',(9867.00410355683,0.,24811.6998474682));
#1734=CARTESIAN_POINT('',(9855.47230397586,0.,24813.544660322));
#1735=CARTESIAN_POINT('',(9845.19949230862,0.,24816.222882414));
#1736=CARTESIAN_POINT('',(9836.34663203931,0.,24819.5595650206));
#1737=CARTESIAN_POINT('',(9829.21657978962,0.,24823.1869965201));
#1738=CARTESIAN_POINT('',(9823.82853998209,0.,24826.662084453));
#1739=CARTESIAN_POINT('',(9819.67823697486,0.,24829.8652324271));
#1740=CARTESIAN_POINT('',(9815.91385998613,0.,24833.2371865354));
#1741=CARTESIAN_POINT('',(9811.76882868203,0.,24837.5738473184));
#1742=CARTESIAN_POINT('',(9807.33666097498,0.,24843.1556506552));
#1743=CARTESIAN_POINT('',(9802.90190206778,0.,24849.9427165887));
#1744=CARTESIAN_POINT('',(9798.73899878275,0.,24857.6280457271));
#1745=CARTESIAN_POINT('',(9794.86627702127,0.,24866.0675265266));
#1746=CARTESIAN_POINT('',(9791.26940880506,0.,24874.9305305367));
#1747=CARTESIAN_POINT('',(9787.85948374108,0.,24883.8390901886));
#1748=CARTESIAN_POINT('',(9784.53802711634,0.,24892.3476520943));
#1749=CARTESIAN_POINT('',(9781.24899783307,0.,24899.9967884869));
#1750=CARTESIAN_POINT('',(9778.01232302676,0.,24906.4313790988));
#1751=CARTESIAN_POINT('',(9774.8979201485,0.,24911.5393946759));
#1752=CARTESIAN_POINT('',(9771.94309627424,0.,24915.4747246627));
#1753=CARTESIAN_POINT('',(9769.10355516802,0.,24918.5196396416));
#1754=CARTESIAN_POINT('',(9766.26335585842,0.,24920.9423351637));
#1755=CARTESIAN_POINT('',(9763.26620718409,0.,24922.933561539));
#1756=CARTESIAN_POINT('',(9759.96674422658,0.,24924.5778753953));
#1757=CARTESIAN_POINT('',(9756.49342261456,0.,24925.8172523127));
#1758=CARTESIAN_POINT('',(9753.0745312615,0.,24926.6396271364));
#1759=CARTESIAN_POINT('',(9749.92933389923,0.,24927.186846293));
#1760=CARTESIAN_POINT('',(9746.49865319724,0.,24927.824999266));
#1761=CARTESIAN_POINT('',(9741.99658919799,0.,24928.6475138617));
#1762=CARTESIAN_POINT('',(9738.44384243516,0.,24929.3008137962));
#1763=CARTESIAN_POINT('',(9736.44684955063,0.,24929.6673624331));
#1764=CARTESIAN_POINT('',(9755.80283301977,-20.,24946.4486821933));
#1765=CARTESIAN_POINT('',(10268.4383224062,-20.,25024.8082179744));
#1766=CARTESIAN_POINT('',(10268.4383224062,-19.9999999999999,25024.8082179744));
#1767=CARTESIAN_POINT('',(10268.8733229429,-19.9999999999999,25021.7943500809));
#1768=CARTESIAN_POINT('',(10271.9337371911,-19.9999999999999,24990.976836601));
#1769=CARTESIAN_POINT('',(10248.563140803,-19.9999999999999,24937.3620258065));
#1770=CARTESIAN_POINT('',(10180.596684474,-19.9999999999999,24890.8424456396));
#1771=CARTESIAN_POINT('',(10115.9423786019,-19.9999999999999,24852.5688452145));
#1772=CARTESIAN_POINT('',(10043.3229876734,-19.9999999999999,24793.0616019136));
#1773=CARTESIAN_POINT('',(9972.11170478245,-19.9999999999999,24844.7947154874));
#1774=CARTESIAN_POINT('',(9904.12008515798,-19.9999999999999,24827.442059852));
#1775=CARTESIAN_POINT('',(9797.64444314736,-19.9999999999999,24836.1095778679));
#1776=CARTESIAN_POINT('',(9808.75855882437,-19.9999999999999,24936.7286429993));
#1777=CARTESIAN_POINT('',(9755.80283301977,-19.9999999999999,24946.4486821933));
#1778=CARTESIAN_POINT('',(9755.80283301977,-490.,24946.4486821933));
#1779=CARTESIAN_POINT('',(9755.80283301976,-490.,24946.4486821933));
#1780=VECTOR('',#1781,1.);
#1781=DIRECTION('',(0.,1.,0.));
#1782=CARTESIAN_POINT('',(10268.4383224062,-490.,25024.8082179744));
#1783=CARTESIAN_POINT('',(10268.4383224062,-490.,25024.8082179744));
#1784=CARTESIAN_POINT('',(10268.8733229429,-490.,25021.7943500809));
#1785=CARTESIAN_POINT('',(10271.9337371911,-490.,24990.976836601));
#1786=CARTESIAN_POINT('',(10248.563140803,-490.,24937.3620258065));
#1787=CARTESIAN_POINT('',(10180.596684474,-490.,24890.8424456396));
#1788=CARTESIAN_POINT('',(10115.9423786019,-490.,24852.5688452145));
#1789=CARTESIAN_POINT('',(10043.3229876734,-490.,24793.0616019136));
#1790=CARTESIAN_POINT('',(9972.11170478245,-490.,24844.7947154874));
#1791=CARTESIAN_POINT('',(9904.12008515798,-490.,24827.442059852));
#1792=CARTESIAN_POINT('',(9797.64444314736,-490.,24836.1095778679));
#1793=CARTESIAN_POINT('',(9808.75855882437,-490.,24936.7286429993));
#1794=CARTESIAN_POINT('',(9755.80283301977,-490.,24946.4486821933));
#1795=CARTESIAN_POINT('',(10268.4383224062,-490.,25024.8082179743));
#1796=VECTOR('',#1797,1.);
#1797=DIRECTION('',(0.,1.,0.));
#1798=CARTESIAN_POINT('',(9755.80283301977,-19.9999999999999,24946.4486821933));
#1799=CARTESIAN_POINT('',(9753.05291370318,-19.9999999999999,25016.4267936516));
#1800=CARTESIAN_POINT('',(9727.33559246393,-19.9999999999999,25047.3923814076));
#1801=CARTESIAN_POINT('',(9871.13726005251,-19.9999999999999,25089.9658733567));
#1802=CARTESIAN_POINT('',(9918.73059453795,-19.9999999999999,25072.692985427));
#1803=CARTESIAN_POINT('',(9986.68248503649,-19.9999999999999,25110.6078507797));
#1804=CARTESIAN_POINT('',(10035.3341250908,-19.9999999999999,25065.449629271));
#1805=CARTESIAN_POINT('',(10085.2866305189,-19.9999999999999,25163.1614415815));
#1806=CARTESIAN_POINT('',(10186.113898705,-19.9999999999999,25096.2073762073));
#1807=CARTESIAN_POINT('',(10243.5672234353,-19.9999999999999,25092.78168657));
#1808=CARTESIAN_POINT('',(10265.2443963616,-19.9999999999999,25046.9370898883));
#1809=CARTESIAN_POINT('',(10268.4383224062,-19.9999999999999,25024.8082179744));
#1810=CARTESIAN_POINT('',(9755.80283301977,-490.,24946.4486821933));
#1811=CARTESIAN_POINT('',(9753.05291370318,-490.,25016.4267936516));
#1812=CARTESIAN_POINT('',(9727.33559246393,-490.,25047.3923814076));
#1813=CARTESIAN_POINT('',(9871.13726005251,-490.,25089.9658733567));
#1814=CARTESIAN_POINT('',(9918.73059453795,-490.,25072.692985427));
#1815=CARTESIAN_POINT('',(9986.68248503649,-490.,25110.6078507797));
#1816=CARTESIAN_POINT('',(10035.3341250908,-490.,25065.449629271));
#1817=CARTESIAN_POINT('',(10085.2866305189,-490.,25163.1614415815));
#1818=CARTESIAN_POINT('',(10186.113898705,-490.,25096.2073762073));
#1819=CARTESIAN_POINT('',(10243.5672234353,-490.,25092.78168657));
#1820=CARTESIAN_POINT('',(10265.2443963616,-490.,25046.9370898883));
#1821=CARTESIAN_POINT('',(10268.4383224062,-490.,25024.8082179744));
#1822=CARTESIAN_POINT('',(4.E004,-584.487531247769,0.));
#1823=CARTESIAN_POINT('',(4.E004,-584.487531247769,0.));
#1824=VECTOR('',#1825,1.);
#1825=DIRECTION('',(0.,1.,0.));
#1826=CARTESIAN_POINT('',(-3.58047274155164E-014,-584.487531247769,0.));
#1827=CARTESIAN_POINT('',(-3.58047274155164E-014,-584.487531247769,0.));
#1828=VECTOR('',#1829,1.);
#1829=DIRECTION('',(1.,0.,0.));
#1830=CARTESIAN_POINT('',(0.,0.,0.));
#1831=VECTOR('',#1832,1.);
#1832=DIRECTION('',(-2.09613797329648E-016,-1.,0.));
#1833=CARTESIAN_POINT('',(-3.58047274155164E-014,-584.487531247769,4.E004));
#1834=CARTESIAN_POINT('',(-1.22516650916676E-013,-584.487531247769,0.));
#1835=VECTOR('',#1836,1.);
#1836=DIRECTION('',(0.,0.,1.));
#1837=CARTESIAN_POINT('',(0.,0.,4.E004));
#1838=VECTOR('',#1839,1.);
#1839=DIRECTION('',(-2.09613797329648E-016,-1.,0.));
#1840=CARTESIAN_POINT('',(4.E004,-584.487531247769,4.E004));
#1841=CARTESIAN_POINT('',(-3.58047274155164E-014,-584.487531247769,4.E004));
#1842=VECTOR('',#1843,1.);
#1843=DIRECTION('',(1.,0.,0.));
#1844=CARTESIAN_POINT('',(4.E004,-584.487531247769,4.E004));
#1845=VECTOR('',#1846,1.);
#1846=DIRECTION('',(0.,1.,0.));
#1847=CARTESIAN_POINT('',(4.E004,-584.487531247769,0.));
#1848=VECTOR('',#1849,1.);
#1849=DIRECTION('',(0.,0.,1.));
#1850=CARTESIAN_POINT('',(9765.43407130762,-500.,24954.3852694113));
#1851=CARTESIAN_POINT('',(10258.5408828017,-500.,25023.3796910142));
#1852=B_SPLINE_CURVE_WITH_KNOTS('',3,
(#1980,#1981,#1982,#1983,#1984,#1985,#1986,#1987,#1988,#1989,#1990,#1991,#1992,#1993,
#1994,#1995,#1996,#1997,#1998,#1999,#2000,#2001,#2002,#2003,#2004,#2005,#2006,#2007,
#2008,#2009,#2010,#2011,#2012,#2013,#2014,#2015,#2016,#2017,#2018,#2019,#2020,#2021,
#2022,#2023,#2024,#2025,#2026,#2027,#2028,#2029,#2030,#2031,#2032,#2033,#2034,#2035,
#2036,#2037,#2038,#2039,#2040,#2041,#2042,#2043,#2044,#2045,#2046,#2047,#2048,#2049,
#2050,#2051,#2052,#2053,#2054,#2055,#2056,#2057,#2058,#2059,#2060,#2061,#2062,#2063,
#2064,#2065,#2066,#2067,#2068,#2069,#2070,#2071,#2072,#2073,#2074,#2075,#2076,#2077),
.UNSPECIFIED.,.F.,.F.,
(4,1,1,1,1,1,1,1,1,1,1,1,1,1,1,1,1,1,1,1,1,1,1,1,1,1,1,1,1,1,1,1,1,1,1,1,1,1,1,1,
1,1,1,1,1,1,1,1,1,1,1,1,1,1,1,1,1,1,1,1,1,1,1,1,1,1,1,1,1,1,1,1,1,1,1,1,1,1,1,1,
1,1,1,1,1,1,1,1,1,1,1,1,1,1,1,4),
(0.,0.027098901802489,0.0498485460610243,0.0674120940700451,0.0830760572965624,0.0966593168215304,
0.108633557110701,0.119685745540714,0.130207673726235,0.140571506984645,0.150754966838983,
0.161036767712954,0.171759482782124,0.183328112050312,0.196398355364458,0.207919698525617,
0.220310773991585,0.233260141616208,0.250346471488847,0.268162232124746,0.283332602772683,
0.2949798432891,0.303240145942918,0.311466309105997,0.323099200188701,0.336517261954843,
0.350887922893975,0.362312435688326,0.373723654148579,0.382835083114918,0.390104602494751,
0.39455373047758,0.399705418794618,0.407365719212005,0.417717297895851,0.430314429926923,
0.443229291771494,0.456098027323935,0.468245298819757,0.479116889497652,0.487207995113514,
0.492769487839342,0.497433668855632,0.503787983589502,0.512738786838572,0.523259962673421,
0.534313979868367,0.544805647774366,0.554497075730315,0.563310429484527,0.571194391248093,
0.578396360121463,0.584996700421811,0.590950505173996,0.595703207754876,0.599590022281224,
0.603028092851036,0.607287712093879,0.612885243331654,0.619906438114058,0.628100628080613,
0.637213609942658,0.647330509589447,0.658092974197729,0.668939666862627,0.679153294778429,
0.688144359600251,0.696418883775756,0.705077366484002,0.713587108699011,0.722135674506824,
0.730498939855551,0.740310928037926,0.751339556484121,0.764267249736538,0.776641923906064,
0.788236758167579,0.797041617550056,0.804571504823247,0.810826419987152,0.817053648304531,
0.825408418341689,0.836715432002521,0.850100913954012,0.863293405017212,0.874949437277976,
0.887249887229878,0.897775599721011,0.907045340761621,0.913377785970965,0.921075803446313,
0.931679233310042,0.945686282864529,0.961943691177008,0.980206644371808,1.),
.UNSPECIFIED.);
#1853=B_SPLINE_CURVE_WITH_KNOTS('',3,
(#2078,#2079,#2080,#2081,#2082,#2083,#2084,#2085,#2086,#2087,#2088,#2089,#2090,#2091,
#2092,#2093,#2094,#2095,#2096,#2097,#2098,#2099,#2100,#2101,#2102,#2103,#2104,#2105,
#2106,#2107,#2108,#2109,#2110,#2111,#2112,#2113,#2114,#2115,#2116,#2117,#2118,#2119,
#2120,#2121,#2122,#2123,#2124,#2125,#2126,#2127,#2128,#2129,#2130,#2131,#2132,#2133,
#2134,#2135,#2136,#2137,#2138,#2139,#2140,#2141,#2142,#2143,#2144,#2145,#2146,#2147,
#2148),
.UNSPECIFIED.,.F.,.F.,
(4,1,1,1,1,1,1,1,1,1,1,1,1,1,1,1,1,1,1,1,1,1,1,1,1,1,1,1,1,1,1,1,1,1,1,1,1,1,1,1,
1,1,1,1,1,1,1,1,1,1,1,1,1,1,1,1,1,1,1,1,1,1,1,1,1,1,1,1,4),
(0.,0.0244943879434221,0.0461811589285757,0.0676327732046861,0.0915281563900389,
0.113560562814824,0.132907363213107,0.154031737597735,0.182165207483236,0.213195008802342,
0.238085130323764,0.255910796202786,0.271660740015317,0.294388874542555,0.31831792461209,
0.340822089731988,0.354940215815997,0.366593483039014,0.376650906799637,0.389102328791151,
0.404366712222947,0.421048745634647,0.437098618892705,0.451241865906587,0.464603840060909,
0.475325923976964,0.483849906348523,0.489576729852746,0.496772266647403,0.506017054096363,
0.518043929136997,0.531531076598085,0.546236256340675,0.561185015909424,0.575570643025653,
0.587539191575035,0.596308847042511,0.602397061943896,0.608378557662438,0.619366007053988,
0.633764874944839,0.651603935448765,0.669148418625366,0.688156103038121,0.703927057414431,
0.718237592315192,0.731468448444418,0.747216699051478,0.762690940855167,0.776548213103551,
0.789297537431538,0.799130143899101,0.806691998639116,0.813959111511553,0.822972046027292,
0.834555698618899,0.847048868563389,0.861140459515623,0.876207453918753,0.891720873729603,
0.90717460924547,0.921824030286227,0.935113552427182,0.946956365647318,0.957785877477567,
0.96813128993119,0.978139349121481,0.988756802383344,1.),
.UNSPECIFIED.);
#1854=AXIS2_PLACEMENT_3D('',#1855,#1856,#1857);
#1855=CARTESIAN_POINT('',(10258.5408828017,-489.999999999999,25023.3796910142));
#1856=DIRECTION('',(0.142852696016197,-5.13859363198137E-013,-0.989743960446794));
#1857=DIRECTION('',(0.989743960446793,-1.19371179607612E-013,0.142852696016197));
#1858=CARTESIAN_POINT('',(9755.80283301977,-490.,24946.4486821933));
#1859=CARTESIAN_POINT('',(9755.80283263081,-490.081074468619,24946.4486817817));
#1860=CARTESIAN_POINT('',(9755.80475327741,-490.244052207963,24946.4503470861));
#1861=CARTESIAN_POINT('',(9755.81343480956,-490.489064560077,24946.4578734318));
#1862=CARTESIAN_POINT('',(9755.82807451478,-490.735848452372,24946.4705636065));
#1863=CARTESIAN_POINT('',(9755.8487392674,-490.983440251669,24946.4884729989));
#1864=CARTESIAN_POINT('',(9755.87542984408,-491.230994411224,24946.5115987304));
#1865=CARTESIAN_POINT('',(9755.90803145772,-491.477452676077,24946.5398367991));
#1866=CARTESIAN_POINT('',(9755.94647865486,-491.722564576227,24946.5731250553));
#1867=CARTESIAN_POINT('',(9755.99072282381,-491.96621721441,24946.6114150368));
#1868=CARTESIAN_POINT('',(9756.04074234155,-492.208427866798,24946.6546807476));
#1869=CARTESIAN_POINT('',(9756.09647353058,-492.448987511375,24946.702858951));
#1870=CARTESIAN_POINT('',(9756.15788590999,-492.687849824619,24946.7559142908));
#1871=CARTESIAN_POINT('',(9756.22488052397,-492.924715203481,24946.8137514895));
#1872=CARTESIAN_POINT('',(9756.29743132428,-493.159581478054,24946.8763375284));
#1873=CARTESIAN_POINT('',(9756.3754407139,-493.392205162059,24946.9435769655));
#1874=CARTESIAN_POINT('',(9756.45887995748,-493.622564226789,24947.0154330688));
#1875=CARTESIAN_POINT('',(9756.54754786225,-493.850189125657,24947.0917201295));
#1876=CARTESIAN_POINT('',(9756.65204665512,-494.100592997443,24947.1815379122));
#1877=CARTESIAN_POINT('',(9756.77459505772,-494.372599589956,24947.2867409933));
#1878=CARTESIAN_POINT('',(9756.9176438641,-494.66477743644,24947.4093576449));
#1879=CARTESIAN_POINT('',(9757.07051260613,-494.953217412869,24947.5401809324));
#1880=CARTESIAN_POINT('',(9757.23315356333,-495.23750690856,24947.6791286064));
#1881=CARTESIAN_POINT('',(9757.40559345848,-495.517374252258,24947.8261793885));
#1882=CARTESIAN_POINT('',(9757.5720695875,-495.768793899681,24947.9678722652));
#1883=CARTESIAN_POINT('',(9757.73038937001,-495.993611788168,24948.102384369));
#1884=CARTESIAN_POINT('',(9757.87890595389,-496.193765051809,24948.2283690418));
#1885=CARTESIAN_POINT('',(9758.03280256356,-496.390681912784,24948.3587045116));
#1886=CARTESIAN_POINT('',(9758.19225827072,-496.584467819236,24948.493520175));
#1887=CARTESIAN_POINT('',(9758.35688266235,-496.774535514629,24948.6324635164));
#1888=CARTESIAN_POINT('',(9758.52686647845,-496.960991242904,24948.7756725257));
#1889=CARTESIAN_POINT('',(9758.70150578494,-497.142990053231,24948.922531976));
#1890=CARTESIAN_POINT('',(9758.88063625744,-497.320351175371,24949.0728832118));
#1891=CARTESIAN_POINT('',(9759.06392432493,-497.492760748428,24949.2264268704));
#1892=CARTESIAN_POINT('',(9759.25158455791,-497.660414814817,24949.383322843));
#1893=CARTESIAN_POINT('',(9759.4433485386,-497.823054303323,24949.5433266652));
#1894=CARTESIAN_POINT('',(9759.66125252733,-497.998400907847,24949.7247677221));
#1895=CARTESIAN_POINT('',(9759.90625601399,-498.18363285773,24949.9282764704));
#1896=CARTESIAN_POINT('',(9760.17966762882,-498.37585205522,24950.1547349313));
#1897=CARTESIAN_POINT('',(9760.43525741767,-498.542633383187,24950.3658183346));
#1898=CARTESIAN_POINT('',(9760.6712663878,-498.686644096674,24950.5602273481));
#1899=CARTESIAN_POINT('',(9760.88583108525,-498.810044850747,24950.7365777414));
#1900=CARTESIAN_POINT('',(9761.10200151653,-498.927041919737,24950.9138496306));
#1901=CARTESIAN_POINT('',(9761.31924462501,-499.037493843741,24951.0916005144));
#1902=CARTESIAN_POINT('',(9761.53749033512,-499.141521169884,24951.2697694697));
#1903=CARTESIAN_POINT('',(9761.78020880665,-499.249731804298,24951.4674706466));
#1904=CARTESIAN_POINT('',(9762.07143129771,-499.369423282488,24951.7040582564));
#1905=CARTESIAN_POINT('',(9762.43530257078,-499.503293197558,24951.9986743883));
#1906=CARTESIAN_POINT('',(9762.83120827931,-499.628963706322,24952.3179223998));
#1907=CARTESIAN_POINT('',(9763.21812422324,-499.732503443717,24952.6286216034));
#1908=CARTESIAN_POINT('',(9763.58615784189,-499.815399475759,24952.9230843956));
#1909=CARTESIAN_POINT('',(9763.9529763625,-499.882940089246,24953.2155218222));
#1910=CARTESIAN_POINT('',(9764.33553257606,-499.936957521137,24953.5193465678));
#1911=CARTESIAN_POINT('',(9764.67859473278,-499.970879210296,24953.7907745234));
#1912=CARTESIAN_POINT('',(9764.97356985649,-499.989616028118,24954.0234155745));
#1913=CARTESIAN_POINT('',(9765.21199410864,-499.998247758396,24954.2109945991));
#1914=CARTESIAN_POINT('',(9765.36283594201,-499.99999996585,24954.3294070446));
#1915=CARTESIAN_POINT('',(9765.43407130762,-500.,24954.3852694113));
#1916=AXIS2_PLACEMENT_3D('',#1917,#1918,#1919);
#1917=CARTESIAN_POINT('',(10288.2332016151,-19.9999999999854,25027.6652718947));
#1918=DIRECTION('',(-0.14285269601586,2.62670917364269E-013,0.989743960446842));
#1919=DIRECTION('',(1.89991943529402E-013,1.,-2.37970692848144E-013));
#1920=CARTESIAN_POINT('',(9736.44684955064,0.,24929.667362433));
#1921=CARTESIAN_POINT('',(9736.67794921647,9.19269452236832E-007,24929.8677220477));
#1922=CARTESIAN_POINT('',(9737.14094759442,-0.00856100238182699,24930.269134037));
#1923=CARTESIAN_POINT('',(9737.83445281562,-0.0471533998076494,24930.8703916735));
#1924=CARTESIAN_POINT('',(9738.52356981924,-0.111191723165891,24931.4678447974));
#1925=CARTESIAN_POINT('',(9739.20590082392,-0.200008463529544,24932.0594145717));
#1926=CARTESIAN_POINT('',(9739.87926211159,-0.312792344968803,24932.6432077486));
#1927=CARTESIAN_POINT('',(9740.54386534346,-0.449022764363508,24933.219407835));
#1928=CARTESIAN_POINT('',(9741.19768699871,-0.6076813148608,24933.7862604716));
#1929=CARTESIAN_POINT('',(9741.84249537678,-0.788665927391843,24934.3452987449));
#1930=CARTESIAN_POINT('',(9742.47530603522,-0.990677865503832,24934.8939351923));
#1931=CARTESIAN_POINT('',(9743.09492155963,-1.21266793192721,24935.4311316753));
#1932=CARTESIAN_POINT('',(9743.69588520005,-1.45164197159201,24935.9521572812));
#1933=CARTESIAN_POINT('',(9744.27964159319,-1.70691629163653,24936.4582644862));
#1934=CARTESIAN_POINT('',(9744.84253490098,-1.97561456516095,24936.946283739));
#1935=CARTESIAN_POINT('',(9745.38619334725,-2.2571142160783,24937.4176266827));
#1936=CARTESIAN_POINT('',(9745.90739347909,-2.5481963079192,24937.8694986367));
#1937=CARTESIAN_POINT('',(9746.4110991482,-2.85021633747853,24938.3062031789));
#1938=CARTESIAN_POINT('',(9746.895285959,-3.16079983834979,24938.7259851914));
#1939=CARTESIAN_POINT('',(9747.36115082638,-3.47949394248475,24939.12988238));
#1940=CARTESIAN_POINT('',(9747.80372153387,-3.80132395518108,24939.5135839145));
#1941=CARTESIAN_POINT('',(9748.22648754279,-4.12710982453656,24939.8801151005));
#1942=CARTESIAN_POINT('',(9748.66835902331,-4.48705827180667,24940.2632104168));
#1943=CARTESIAN_POINT('',(9749.16809098774,-4.91995922107817,24940.6964698219));
#1944=CARTESIAN_POINT('',(9749.71591766203,-5.43158570804728,24941.1714265526));
#1945=CARTESIAN_POINT('',(9750.23345319171,-5.95573093759693,24941.6201213507));
#1946=CARTESIAN_POINT('',(9750.65125939898,-6.41018872720952,24941.9823524709));
#1947=CARTESIAN_POINT('',(9750.98100173081,-6.78882305409732,24942.2682336617));
#1948=CARTESIAN_POINT('',(9751.26254786137,-7.12713064372815,24942.5123295314));
#1949=CARTESIAN_POINT('',(9751.53287644779,-7.46691149476001,24942.7466999768));
#1950=CARTESIAN_POINT('',(9751.81941340256,-7.84348518520164,24942.9951228097));
#1951=CARTESIAN_POINT('',(9752.13070924877,-8.27431143609472,24943.2650111958));
#1952=CARTESIAN_POINT('',(9752.47225636534,-8.77733013141989,24943.5611269362));
#1953=CARTESIAN_POINT('',(9752.83207757296,-9.34494494469845,24943.8730860133));
#1954=CARTESIAN_POINT('',(9753.19807682658,-9.96964349649817,24944.1904013553));
#1955=CARTESIAN_POINT('',(9753.55889333562,-10.6422505378529,24944.5032233401));
#1956=CARTESIAN_POINT('',(9753.86271297501,-11.2641530611293,24944.7666299866));
#1957=CARTESIAN_POINT('',(9754.10908759657,-11.8127944607416,24944.9802327131));
#1958=CARTESIAN_POINT('',(9754.29872062691,-12.2653732603538,24945.1446414564));
#1959=CARTESIAN_POINT('',(9754.46645675808,-12.6929561377646,24945.2900659225));
#1960=CARTESIAN_POINT('',(9754.61874995656,-13.1074258763755,24945.4221016254));
#1961=CARTESIAN_POINT('',(9754.76126586948,-13.5227535396103,24945.5456605808));
#1962=CARTESIAN_POINT('',(9754.90767168585,-13.9810768537679,24945.6725920198));
#1963=CARTESIAN_POINT('',(9755.05421729215,-14.4818762642863,24945.7996446497));
#1964=CARTESIAN_POINT('',(9755.19671302487,-15.0238165000686,24945.9231861139));
#1965=CARTESIAN_POINT('',(9755.31109057078,-15.5121125892845,24946.0223495647));
#1966=CARTESIAN_POINT('',(9755.40237325639,-15.9464738284957,24946.1014901601));
#1967=CARTESIAN_POINT('',(9755.47429709785,-16.3241703413679,24946.163846929));
#1968=CARTESIAN_POINT('',(9755.53758463834,-16.6934778526585,24946.2187162077));
#1969=CARTESIAN_POINT('',(9755.59244316723,-17.0519429758433,24946.2662776439));
#1970=CARTESIAN_POINT('',(9755.64002014166,-17.4034958554533,24946.3075261023));
#1971=CARTESIAN_POINT('',(9755.68068539761,-17.7478677223531,24946.3427822129));
#1972=CARTESIAN_POINT('',(9755.71500025722,-18.0869429400049,24946.3725326238));
#1973=CARTESIAN_POINT('',(9755.74308579921,-18.4183290612291,24946.3968823352));
#1974=CARTESIAN_POINT('',(9755.76546461222,-18.7439348876224,24946.416284401));
#1975=CARTESIAN_POINT('',(9755.78241985728,-19.0635422158591,24946.4309843032));
#1976=CARTESIAN_POINT('',(9755.79429565427,-19.3791408941141,24946.4412804411));
#1977=CARTESIAN_POINT('',(9755.80129096721,-19.6905800564255,24946.4473452586));
#1978=CARTESIAN_POINT('',(9755.80283322612,-19.8972259297122,24946.4486823712));
#1979=CARTESIAN_POINT('',(9755.80283301977,-20.,24946.4486821933));
#1980=CARTESIAN_POINT('',(9765.79512073893,-500.,24946.8413476203));
#1981=CARTESIAN_POINT('',(9765.44381670835,-500.,24955.7810981284));
#1982=CARTESIAN_POINT('',(9764.34573118659,-500.,24970.8052352197));
#1983=CARTESIAN_POINT('',(9762.52725295043,-500.,24987.8631862916));
#1984=CARTESIAN_POINT('',(9761.23884331101,-500.,24999.9899387163));
#1985=CARTESIAN_POINT('',(9760.53927206307,-500.,25008.776266325));
#1986=CARTESIAN_POINT('',(9760.34913622625,-500.,25015.4844196276));
#1987=CARTESIAN_POINT('',(9760.57256164042,-500.,25020.6569387654));
#1988=CARTESIAN_POINT('',(9761.12101620056,-500.,25024.7768420145));
#1989=CARTESIAN_POINT('',(9761.95190924407,-500.,25028.2057234019));
#1990=CARTESIAN_POINT('',(9763.06087671275,-500.,25031.1788294811));
#1991=CARTESIAN_POINT('',(9764.50174180651,-500.,25033.9136473213));
#1992=CARTESIAN_POINT('',(9766.40226151531,-500.,25036.6051007225));
#1993=CARTESIAN_POINT('',(9769.00949839266,-500.,25039.4473051467));
#1994=CARTESIAN_POINT('',(9772.7318542212,-500.,25042.6305056374));
#1995=CARTESIAN_POINT('',(9777.71498309271,-500.,25046.0072396316));
#1996=CARTESIAN_POINT('',(9784.1329028205,-500.,25049.5692295223));
#1997=CARTESIAN_POINT('',(9791.9131998484,-500.,25053.2329747363));
#1998=CARTESIAN_POINT('',(9802.51154198833,-500.,25057.5458883673));
#1999=CARTESIAN_POINT('',(9815.96695969821,-500.,25062.2390357869));
#2000=CARTESIAN_POINT('',(9830.95900776774,-500.,25066.5795412183));
#2001=CARTESIAN_POINT('',(9844.27830800879,-500.,25069.6617394795));
#2002=CARTESIAN_POINT('',(9854.25771278075,-500.,25071.4217579221));
#2003=CARTESIAN_POINT('',(9861.76083450468,-500.,25072.3750775027));
#2004=CARTESIAN_POINT('',(9868.65084825678,-500.,25072.902378156));
#2005=CARTESIAN_POINT('',(9876.17600942483,-500.,25072.9779836911));
#2006=CARTESIAN_POINT('',(9884.47753347643,-500.,25072.5107521605));
#2007=CARTESIAN_POINT('',(9892.42178289287,-500.,25071.7161474502));
#2008=CARTESIAN_POINT('',(9900.0032988084,-500.,25070.9710635145));
#2009=CARTESIAN_POINT('',(9906.71089911349,-500.,25070.5542163621));
#2010=CARTESIAN_POINT('',(9912.79700471894,-500.,25070.5656086008));
#2011=CARTESIAN_POINT('',(9917.52685622154,-500.,25070.8971903312));
#2012=CARTESIAN_POINT('',(9921.4666708752,-500.,25071.402901711));
#2013=CARTESIAN_POINT('',(9925.45158151817,-500.,25072.0974847596));
#2014=CARTESIAN_POINT('',(9930.74498061262,-500.,25073.2892353546));
#2015=CARTESIAN_POINT('',(9937.63759260937,-500.,25075.2192180013));
#2016=CARTESIAN_POINT('',(9945.5618872283,-500.,25077.7794407756));
#2017=CARTESIAN_POINT('',(9953.81668461087,-500.,25080.569097493));
#2018=CARTESIAN_POINT('',(9961.65947009283,-500.,25083.0773565533));
#2019=CARTESIAN_POINT('',(9968.67140102368,-500.,25084.9634456762));
#2020=CARTESIAN_POINT('',(9974.29522234243,-500.,25086.0372347044));
#2021=CARTESIAN_POINT('',(9978.37021865898,-500.,25086.4460875827));
#2022=CARTESIAN_POINT('',(9981.14925748913,-500.,25086.5009625135));
#2023=CARTESIAN_POINT('',(9983.62799554222,-500.,25086.3816622749));
#2024=CARTESIAN_POINT('',(9986.64533628526,-500.,25086.0360338043));
#2025=CARTESIAN_POINT('',(9990.61188704793,-500.,25085.2613637253));
#2026=CARTESIAN_POINT('',(9995.43768570528,-500.,25083.9412014871));
#2027=CARTESIAN_POINT('',(10000.6861721424,-500.,25082.2386471607));
#2028=CARTESIAN_POINT('',(10006.0093920155,-500.,25080.4694916754));
#2029=CARTESIAN_POINT('',(10011.1925919914,-500.,25078.9239269489));
#2030=CARTESIAN_POINT('',(10016.1791605578,-500.,25077.7797118193));
#2031=CARTESIAN_POINT('',(10020.966802547,-500.,25077.1306760016));
#2032=CARTESIAN_POINT('',(10025.5462477196,-500.,25077.0179738319));
#2033=CARTESIAN_POINT('',(10029.879863157,-500.,25077.4454247217));
#2034=CARTESIAN_POINT('',(10033.7419351182,-500.,25078.3277787632));
#2035=CARTESIAN_POINT('',(10036.9855048521,-500.,25079.4693245846));
#2036=CARTESIAN_POINT('',(10039.6381409554,-500.,25080.6875280445));
#2037=CARTESIAN_POINT('',(10042.116775846,-500.,25082.0675339301));
#2038=CARTESIAN_POINT('',(10044.7899529622,-500.,25083.8152730146));
#2039=CARTESIAN_POINT('',(10047.9987459626,-500.,25086.2633816328));
#2040=CARTESIAN_POINT('',(10051.7446891093,-500.,25089.5592895498));
#2041=CARTESIAN_POINT('',(10055.9540346499,-500.,25093.7023905584));
#2042=CARTESIAN_POINT('',(10060.5990290771,-500.,25098.6074209826));
#2043=CARTESIAN_POINT('',(10065.6552873808,-500.,25104.0670597532));
#2044=CARTESIAN_POINT('',(10071.0453230255,-500.,25109.6939672291));
#2045=CARTESIAN_POINT('',(10076.5236618809,-500.,25114.8873905263));
#2046=CARTESIAN_POINT('',(10081.7488874088,-500.,25119.1055888321));
#2047=CARTESIAN_POINT('',(10086.5320602996,-500.,25122.2045537531));
#2048=CARTESIAN_POINT('',(10091.0184961784,-500.,25124.3875568398));
#2049=CARTESIAN_POINT('',(10095.4075921869,-500.,25125.7797366732));
#2050=CARTESIAN_POINT('',(10099.9149351688,-500.,25126.3972480285));
#2051=CARTESIAN_POINT('',(10105.0919065182,-500.,25126.2720821279));
#2052=CARTESIAN_POINT('',(10111.1409599506,-500.,25125.3491387138));
#2053=CARTESIAN_POINT('',(10118.3599897646,-500.,25123.4612580307));
#2054=CARTESIAN_POINT('',(10127.2963517703,-500.,25120.2674060031));
#2055=CARTESIAN_POINT('',(10137.387919317,-500.,25115.8703327836));
#2056=CARTESIAN_POINT('',(10147.8897150235,-500.,25110.7769339753));
#2057=CARTESIAN_POINT('',(10157.2627233418,-500.,25106.0582323721));
#2058=CARTESIAN_POINT('',(10165.1948906304,-500.,25102.1205896689));
#2059=CARTESIAN_POINT('',(10171.5330202007,-500.,25099.103338684));
#2060=CARTESIAN_POINT('',(10177.1019213359,-500.,25096.6166247762));
#2061=CARTESIAN_POINT('',(10182.7519165322,-500.,25094.2980863346));
#2062=CARTESIAN_POINT('',(10189.4639372194,-500.,25091.7875216764));
#2063=CARTESIAN_POINT('',(10197.5165469209,-500.,25089.0823549207));
#2064=CARTESIAN_POINT('',(10205.9590374607,-500.,25086.4600066319));
#2065=CARTESIAN_POINT('',(10213.5852715027,-500.,25084.0312963027));
#2066=CARTESIAN_POINT('',(10220.1670880756,-500.,25081.6283014122));
#2067=CARTESIAN_POINT('',(10225.557800526,-500.,25079.1962319117));
#2068=CARTESIAN_POINT('',(10230.029677371,-500.,25076.6009232044));
#2069=CARTESIAN_POINT('',(10233.3698047407,-500.,25074.1513761366));
#2070=CARTESIAN_POINT('',(10236.241971278,-500.,25071.6007484766));
#2071=CARTESIAN_POINT('',(10239.2521024848,-500.,25068.4805598083));
#2072=CARTESIAN_POINT('',(10243.0567253708,-500.,25063.747723664));
#2073=CARTESIAN_POINT('',(10247.5198023665,-500.,25056.7959488378));
#2074=CARTESIAN_POINT('',(10252.1127102128,-500.,25047.4353637205));
#2075=CARTESIAN_POINT('',(10256.1292295139,-500.,25036.0085292408));
#2076=CARTESIAN_POINT('',(10257.9204878726,-500.,25027.6780497519));
#2077=CARTESIAN_POINT('',(10258.5408828017,-500.,25023.3796910142));
#2078=CARTESIAN_POINT('',(10258.5408828017,-500.,25023.3796910142));
#2079=CARTESIAN_POINT('',(10259.3092844239,-500.,25018.0558792418));
#2080=CARTESIAN_POINT('',(10259.8262077153,-500.,25008.2313462532));
#2081=CARTESIAN_POINT('',(10258.131462041,-500.,24994.3958628805));
#2082=CARTESIAN_POINT('',(10254.4377689507,-500.,24981.1892459252));
#2083=CARTESIAN_POINT('',(10248.8064802237,-500.,24968.5346950816));
#2084=CARTESIAN_POINT('',(10241.722208801,-500.,24957.0016273635));
#2085=CARTESIAN_POINT('',(10233.7707979098,-500.,24946.7269304066));
#2086=CARTESIAN_POINT('',(10223.9482299136,-500.,24936.2790932264));
#2087=CARTESIAN_POINT('',(10211.1111239196,-500.,24925.0234686171));
#2088=CARTESIAN_POINT('',(10196.4495743757,-500.,24914.215707723));
#2089=CARTESIAN_POINT('',(10183.0177145548,-500.,24905.2903655709));
#2090=CARTESIAN_POINT('',(10172.2576934839,-500.,24898.4154432415));
#2091=CARTESIAN_POINT('',(10161.9193786597,-500.,24891.900801627));
#2092=CARTESIAN_POINT('',(10150.4192409819,-500.,24884.702234345));
#2093=CARTESIAN_POINT('',(10137.5502306457,-500.,24876.5519768861));
#2094=CARTESIAN_POINT('',(10126.1081573596,-500.,24869.0803236992));
#2095=CARTESIAN_POINT('',(10116.8391910653,-500.,24862.8008752994));
#2096=CARTESIAN_POINT('',(10109.874537061,-500.,24857.9416706398));
#2097=CARTESIAN_POINT('',(10103.1496402242,-500.,24853.1075498312));
#2098=CARTESIAN_POINT('',(10095.7558170138,-500.,24847.6910844212));
#2099=CARTESIAN_POINT('',(10087.1055304444,-500.,24841.4397084404));
#2100=CARTESIAN_POINT('',(10077.839736073,-500.,24835.1567644757));
#2101=CARTESIAN_POINT('',(10068.9394071502,-500.,24829.8562752048));
#2102=CARTESIAN_POINT('',(10060.8815531696,-500.,24825.926783472));
#2103=CARTESIAN_POINT('',(10054.0550072753,-500.,24823.441223606));
#2104=CARTESIAN_POINT('',(10048.4571829335,-500.,24822.1230738087));
#2105=CARTESIAN_POINT('',(10044.3189817009,-500.,24821.6265473954));
#2106=CARTESIAN_POINT('',(10040.8221478887,-500.,24821.5352769362));
#2107=CARTESIAN_POINT('',(10037.0772360609,-500.,24821.7395597286));
#2108=CARTESIAN_POINT('',(10032.0870686153,-500.,24822.4672296723));
#2109=CARTESIAN_POINT('',(10025.6886399954,-500.,24824.0329940365));
#2110=CARTESIAN_POINT('',(10017.9139006894,-500.,24826.6347798472));
#2111=CARTESIAN_POINT('',(10009.2031207295,-500.,24830.1003386099));
#2112=CARTESIAN_POINT('',(9999.96466997442,-500.,24834.0103839946));
#2113=CARTESIAN_POINT('',(9990.98931453199,-500.,24837.6662903057));
#2114=CARTESIAN_POINT('',(9983.09382366921,-500.,24840.4895656243));
#2115=CARTESIAN_POINT('',(9976.89148165659,-500.,24842.3213254089));
#2116=CARTESIAN_POINT('',(9971.94944422104,-500.,24843.499576526));
#2117=CARTESIAN_POINT('',(9966.44036863555,-500.,24844.5205400761));
#2118=CARTESIAN_POINT('',(9959.03119947554,-500.,24845.3813345534));
#2119=CARTESIAN_POINT('',(9948.95525801439,-500.,24845.6795638802));
#2120=CARTESIAN_POINT('',(9937.55081800614,-500.,24845.0835532766));
#2121=CARTESIAN_POINT('',(9925.23218968768,-500.,24843.81037095));
#2122=CARTESIAN_POINT('',(9913.40546076716,-500.,24842.4103594469));
#2123=CARTESIAN_POINT('',(9902.23139055805,-500.,24841.3264598821));
#2124=CARTESIAN_POINT('',(9892.20403814257,-500.,24840.7796378568));
#2125=CARTESIAN_POINT('',(9882.07156187157,-500.,24840.7422233854));
#2126=CARTESIAN_POINT('',(9871.85896694005,-500.,24841.361054826));
#2127=CARTESIAN_POINT('',(9862.05404302568,-500.,24842.8322146767));
#2128=CARTESIAN_POINT('',(9853.69735535837,-500.,24845.0197925876));
#2129=CARTESIAN_POINT('',(9847.29800399615,-500.,24847.5669922369));
#2130=CARTESIAN_POINT('',(9842.68348646197,-500.,24850.1312167388));
#2131=CARTESIAN_POINT('',(9839.39603498791,-500.,24852.4843954279));
#2132=CARTESIAN_POINT('',(9836.49003213583,-500.,24855.0717932425));
#2133=CARTESIAN_POINT('',(9833.30861333667,-500.,24858.5715816001));
#2134=CARTESIAN_POINT('',(9829.82404451349,-500.,24863.4269600533));
#2135=CARTESIAN_POINT('',(9826.13314465153,-500.,24869.9126282396));
#2136=CARTESIAN_POINT('',(9822.42330349234,-500.,24877.8914732639));
#2137=CARTESIAN_POINT('',(9818.66207746994,-500.,24887.2469986564));
#2138=CARTESIAN_POINT('',(9814.78366682485,-500.,24897.4402330827));
#2139=CARTESIAN_POINT('',(9810.64189756538,-500.,24907.7908725035));
#2140=CARTESIAN_POINT('',(9806.10978037949,-500.,24917.601180356));
#2141=CARTESIAN_POINT('',(9801.15767573998,-500.,24926.3449251216));
#2142=CARTESIAN_POINT('',(9795.79277327896,-500.,24933.8556204405));
#2143=CARTESIAN_POINT('',(9789.95445555997,-500.,24940.2440640484));
#2144=CARTESIAN_POINT('',(9783.52020133056,-500.,24945.6447029767));
#2145=CARTESIAN_POINT('',(9776.19467267688,-500.,24950.2161844169));
#2146=CARTESIAN_POINT('',(9767.68124921214,-500.,24953.9185452774));
#2147=CARTESIAN_POINT('',(9761.14662622611,-500.,24955.6348855001));
#2148=CARTESIAN_POINT('',(9757.60817626102,-500.,24956.2843690418));
ENDSEC;
END-ISO-10303-21;
