solid 
   facet normal -9.274048e-01 3.450473e-01 1.444393e-01
      outer loop
         vertex -2.857022e+01 3.650903e+02 2.953271e+00
         vertex -3.682954e+01 3.425338e+02 3.807028e+00
         vertex -3.624290e+01 3.425338e+02 7.573701e+00
      endloop
   endfacet
   facet normal -9.274048e-01 3.450473e-01 1.444394e-01
      outer loop
         vertex -2.857022e+01 3.650903e+02 2.953271e+00
         vertex -3.624290e+01 3.425338e+02 7.573701e+00
         vertex -2.811513e+01 3.650903e+02 5.875237e+00
      endloop
   endfacet
   facet normal -9.383790e-01 3.131860e-01 1.461483e-01
      outer loop
         vertex -3.682954e+01 3.425338e+02 3.807028e+00
         vertex -4.425373e+01 3.199311e+02 4.574458e+00
         vertex -4.354883e+01 3.199311e+02 9.100425e+00
      endloop
   endfacet
   facet normal -9.383790e-01 3.131860e-01 1.461485e-01
      outer loop
         vertex -3.682954e+01 3.425338e+02 3.807028e+00
         vertex -4.354883e+01 3.199311e+02 9.100425e+00
         vertex -3.624290e+01 3.425338e+02 7.573701e+00
      endloop
   endfacet
   facet normal -9.477993e-01 2.826411e-01 1.476160e-01
      outer loop
         vertex -4.425373e+01 3.199311e+02 4.574458e+00
         vertex -5.009008e+01 3.000446e+02 5.177755e+00
         vertex -4.929222e+01 3.000446e+02 1.030062e+01
      endloop
   endfacet
   facet normal -9.477994e-01 2.826409e-01 1.476155e-01
      outer loop
         vertex -4.425373e+01 3.199311e+02 4.574458e+00
         vertex -4.929222e+01 3.000446e+02 1.030062e+01
         vertex -4.354883e+01 3.199311e+02 9.100425e+00
      endloop
   endfacet
   facet normal -9.522349e-01 2.669340e-01 1.483070e-01
      outer loop
         vertex -5.009008e+01 3.000446e+02 5.177755e+00
         vertex -5.054887e+01 2.983816e+02 5.225179e+00
         vertex -4.974369e+01 2.983816e+02 1.039497e+01
      endloop
   endfacet
   facet normal -9.522351e-01 2.669334e-01 1.483069e-01
      outer loop
         vertex -5.009008e+01 3.000446e+02 5.177755e+00
         vertex -4.974369e+01 2.983816e+02 1.039497e+01
         vertex -4.929222e+01 3.000446e+02 1.030062e+01
      endloop
   endfacet
   facet normal -9.532240e-01 2.632932e-01 1.484609e-01
      outer loop
         vertex -5.054887e+01 2.983816e+02 5.225179e+00
         vertex -5.145397e+01 2.950520e+02 5.318738e+00
         vertex -5.063438e+01 2.950520e+02 1.058110e+01
      endloop
   endfacet
   facet normal -9.532239e-01 2.632935e-01 1.484611e-01
      outer loop
         vertex -5.054887e+01 2.983816e+02 5.225179e+00
         vertex -5.063438e+01 2.950520e+02 1.058110e+01
         vertex -4.974369e+01 2.983816e+02 1.039497e+01
      endloop
   endfacet
   facet normal -9.551624e-01 2.559971e-01 1.487626e-01
      outer loop
         vertex -5.145397e+01 2.950520e+02 5.318738e+00
         vertex -5.321426e+01 2.883784e+02 5.500698e+00
         vertex -5.236663e+01 2.883784e+02 1.094309e+01
      endloop
   endfacet
   facet normal -9.551623e-01 2.559972e-01 1.487628e-01
      outer loop
         vertex -5.145397e+01 2.950520e+02 5.318738e+00
         vertex -5.236663e+01 2.883784e+02 1.094309e+01
         vertex -5.063438e+01 2.950520e+02 1.058110e+01
      endloop
   endfacet
   facet normal -9.588715e-01 2.413771e-01 1.493403e-01
      outer loop
         vertex -5.321426e+01 2.883784e+02 5.500698e+00
         vertex -5.653450e+01 2.749764e+02 5.843907e+00
         vertex -5.563399e+01 2.749764e+02 1.162587e+01
      endloop
   endfacet
   facet normal -9.588715e-01 2.413771e-01 1.493403e-01
      outer loop
         vertex -5.321426e+01 2.883784e+02 5.500698e+00
         vertex -5.563399e+01 2.749764e+02 1.162587e+01
         vertex -5.236663e+01 2.883784e+02 1.094309e+01
      endloop
   endfacet
   facet normal -9.649819e-01 2.149936e-01 1.502920e-01
      outer loop
         vertex -5.653450e+01 2.749764e+02 5.843907e+00
         vertex -6.155196e+01 2.520934e+02 6.362556e+00
         vertex -6.057152e+01 2.520934e+02 1.265767e+01
      endloop
   endfacet
   facet normal -9.649819e-01 2.149935e-01 1.502920e-01
      outer loop
         vertex -5.653450e+01 2.749764e+02 5.843907e+00
         vertex -6.057152e+01 2.520934e+02 1.265767e+01
         vertex -5.563399e+01 2.749764e+02 1.162587e+01
      endloop
   endfacet
   facet normal -9.716624e-01 1.815782e-01 1.513322e-01
      outer loop
         vertex -6.155196e+01 2.520934e+02 6.362556e+00
         vertex -6.579004e+01 2.290494e+02 6.800642e+00
         vertex -6.474210e+01 2.290494e+02 1.352919e+01
      endloop
   endfacet
   facet normal -9.716624e-01 1.815783e-01 1.513325e-01
      outer loop
         vertex -6.155196e+01 2.520934e+02 6.362556e+00
         vertex -6.474210e+01 2.290494e+02 1.352919e+01
         vertex -6.057152e+01 2.520934e+02 1.265767e+01
      endloop
   endfacet
   facet normal -9.754519e-01 1.594144e-01 1.519234e-01
      outer loop
         vertex -6.579004e+01 2.290494e+02 6.800642e+00
         vertex -6.697269e+01 2.216963e+02 6.922890e+00
         vertex -6.590590e+01 2.216963e+02 1.377240e+01
      endloop
   endfacet
   facet normal -9.754521e-01 1.594136e-01 1.519225e-01
      outer loop
         vertex -6.579004e+01 2.290494e+02 6.800642e+00
         vertex -6.590590e+01 2.216963e+02 1.377240e+01
         vertex -6.474210e+01 2.290494e+02 1.352919e+01
      endloop
   endfacet
   facet normal -9.764971e-01 1.527205e-01 1.520851e-01
      outer loop
         vertex -6.697269e+01 2.216963e+02 6.922890e+00
         vertex -6.725336e+01 2.198728e+02 6.951903e+00
         vertex -6.618211e+01 2.198728e+02 1.383011e+01
      endloop
   endfacet
   facet normal -9.764963e-01 1.527244e-01 1.520860e-01
      outer loop
         vertex -6.697269e+01 2.216963e+02 6.922890e+00
         vertex -6.618211e+01 2.198728e+02 1.383011e+01
         vertex -6.590590e+01 2.216963e+02 1.377240e+01
      endloop
   endfacet
   facet normal -9.770946e-01 1.487544e-01 1.521787e-01
      outer loop
         vertex -6.725336e+01 2.198728e+02 6.951903e+00
         vertex -6.780009e+01 2.162238e+02 7.008418e+00
         vertex -6.672012e+01 2.162238e+02 1.394254e+01
      endloop
   endfacet
   facet normal -9.770948e-01 1.487533e-01 1.521782e-01
      outer loop
         vertex -6.725336e+01 2.198728e+02 6.951903e+00
         vertex -6.672012e+01 2.162238e+02 1.394254e+01
         vertex -6.618211e+01 2.198728e+02 1.383011e+01
      endloop
   endfacet
   facet normal -9.782360e-01 1.408617e-01 1.523559e-01
      outer loop
         vertex -6.780009e+01 2.162238e+02 7.008418e+00
         vertex -6.883543e+01 2.089180e+02 7.115440e+00
         vertex -6.773898e+01 2.089180e+02 1.415545e+01
      endloop
   endfacet
   facet normal -9.782358e-01 1.408623e-01 1.523565e-01
      outer loop
         vertex -6.780009e+01 2.162238e+02 7.008418e+00
         vertex -6.773898e+01 2.089180e+02 1.415545e+01
         vertex -6.672012e+01 2.162238e+02 1.394254e+01
      endloop
   endfacet
   facet normal -9.803035e-01 1.252782e-01 1.526777e-01
      outer loop
         vertex -6.883543e+01 2.089180e+02 7.115440e+00
         vertex -7.067670e+01 1.942780e+02 7.305770e+00
         vertex -6.955092e+01 1.942780e+02 1.453410e+01
      endloop
   endfacet
   facet normal -9.803034e-01 1.252783e-01 1.526779e-01
      outer loop
         vertex -6.883543e+01 2.089180e+02 7.115440e+00
         vertex -6.955092e+01 1.942780e+02 1.453410e+01
         vertex -6.773898e+01 2.089180e+02 1.415545e+01
      endloop
   endfacet
   facet normal -9.832689e-01 9.864214e-02 1.531401e-01
      outer loop
         vertex -7.067670e+01 1.942780e+02 7.305770e+00
         vertex -7.303011e+01 1.704415e+02 7.549039e+00
         vertex -7.186684e+01 1.704415e+02 1.501806e+01
      endloop
   endfacet
   facet normal -9.832691e-01 9.864197e-02 1.531396e-01
      outer loop
         vertex -7.067670e+01 1.942780e+02 7.305770e+00
         vertex -7.186684e+01 1.704415e+02 1.501806e+01
         vertex -6.955092e+01 1.942780e+02 1.453410e+01
      endloop
   endfacet
   facet normal -9.859577e-01 6.562697e-02 1.535594e-01
      outer loop
         vertex -7.303011e+01 1.704415e+02 7.549039e+00
         vertex -7.470722e+01 1.448394e+02 7.722401e+00
         vertex -7.351723e+01 1.448394e+02 1.536294e+01
      endloop
   endfacet
   facet normal -9.859578e-01 6.562682e-02 1.535589e-01
      outer loop
         vertex -7.303011e+01 1.704415e+02 7.549039e+00
         vertex -7.351723e+01 1.448394e+02 1.536294e+01
         vertex -7.186684e+01 1.704415e+02 1.501806e+01
      endloop
   endfacet
   facet normal -9.076381e-01 3.450473e-01 2.390301e-01
      outer loop
         vertex -2.811513e+01 3.650903e+02 5.875237e+00
         vertex -3.624290e+01 3.425338e+02 7.573701e+00
         vertex -3.527208e+01 3.425338e+02 1.126009e+01
      endloop
   endfacet
   facet normal -9.076380e-01 3.450474e-01 2.390304e-01
      outer loop
         vertex -2.811513e+01 3.650903e+02 5.875237e+00
         vertex -3.527208e+01 3.425338e+02 1.126009e+01
         vertex -2.736202e+01 3.650903e+02 8.734923e+00
      endloop
   endfacet
   facet normal -9.183782e-01 3.131860e-01 2.418594e-01
      outer loop
         vertex -3.624290e+01 3.425338e+02 7.573701e+00
         vertex -4.354883e+01 3.199311e+02 9.100425e+00
         vertex -4.238230e+01 3.199311e+02 1.352993e+01
      endloop
   endfacet
   facet normal -9.183785e-01 3.131859e-01 2.418586e-01
      outer loop
         vertex -3.624290e+01 3.425338e+02 7.573701e+00
         vertex -4.238230e+01 3.199311e+02 1.352993e+01
         vertex -3.527208e+01 3.425338e+02 1.126009e+01
      endloop
   endfacet
   facet normal -9.275980e-01 2.826409e-01 2.442868e-01
      outer loop
         vertex -4.354883e+01 3.199311e+02 9.100425e+00
         vertex -4.929222e+01 3.000446e+02 1.030062e+01
         vertex -4.797184e+01 3.000446e+02 1.531431e+01
      endloop
   endfacet
   facet normal -9.275978e-01 2.826411e-01 2.442874e-01
      outer loop
         vertex -4.354883e+01 3.199311e+02 9.100425e+00
         vertex -4.797184e+01 3.000446e+02 1.531431e+01
         vertex -4.238230e+01 3.199311e+02 1.352993e+01
      endloop
   endfacet
   facet normal -9.319392e-01 2.669335e-01 2.454299e-01
      outer loop
         vertex -4.929222e+01 3.000446e+02 1.030062e+01
         vertex -4.974369e+01 2.983816e+02 1.039497e+01
         vertex -4.841122e+01 2.983816e+02 1.545457e+01
      endloop
   endfacet
   facet normal -9.319391e-01 2.669338e-01 2.454300e-01
      outer loop
         vertex -4.929222e+01 3.000446e+02 1.030062e+01
         vertex -4.841122e+01 2.983816e+02 1.545457e+01
         vertex -4.797184e+01 3.000446e+02 1.531431e+01
      endloop
   endfacet
   facet normal -9.329069e-01 2.632935e-01 2.456851e-01
      outer loop
         vertex -4.974369e+01 2.983816e+02 1.039497e+01
         vertex -5.063438e+01 2.950520e+02 1.058110e+01
         vertex -4.927805e+01 2.950520e+02 1.573129e+01
      endloop
   endfacet
   facet normal -9.329072e-01 2.632930e-01 2.456848e-01
      outer loop
         vertex -4.974369e+01 2.983816e+02 1.039497e+01
         vertex -4.927805e+01 2.950520e+02 1.573129e+01
         vertex -4.841122e+01 2.983816e+02 1.545457e+01
      endloop
   endfacet
   facet normal -9.348040e-01 2.559972e-01 2.461849e-01
      outer loop
         vertex -5.063438e+01 2.950520e+02 1.058110e+01
         vertex -5.236663e+01 2.883784e+02 1.094309e+01
         vertex -5.096391e+01 2.883784e+02 1.626948e+01
      endloop
   endfacet
   facet normal -9.348040e-01 2.559971e-01 2.461848e-01
      outer loop
         vertex -5.063438e+01 2.950520e+02 1.058110e+01
         vertex -5.096391e+01 2.883784e+02 1.626948e+01
         vertex -4.927805e+01 2.950520e+02 1.573129e+01
      endloop
   endfacet
   facet normal -9.384339e-01 2.413771e-01 2.471413e-01
      outer loop
         vertex -5.236663e+01 2.883784e+02 1.094309e+01
         vertex -5.563399e+01 2.749764e+02 1.162587e+01
         vertex -5.414373e+01 2.749764e+02 1.728459e+01
      endloop
   endfacet
   facet normal -9.384341e-01 2.413769e-01 2.471409e-01
      outer loop
         vertex -5.236663e+01 2.883784e+02 1.094309e+01
         vertex -5.414373e+01 2.749764e+02 1.728459e+01
         vertex -5.096391e+01 2.883784e+02 1.626948e+01
      endloop
   endfacet
   facet normal -9.444143e-01 2.149935e-01 2.487155e-01
      outer loop
         vertex -5.563399e+01 2.749764e+02 1.162587e+01
         vertex -6.057152e+01 2.520934e+02 1.265767e+01
         vertex -5.894901e+01 2.520934e+02 1.881861e+01
      endloop
   endfacet
   facet normal -9.444141e-01 2.149937e-01 2.487162e-01
      outer loop
         vertex -5.563399e+01 2.749764e+02 1.162587e+01
         vertex -5.894901e+01 2.520934e+02 1.881861e+01
         vertex -5.414373e+01 2.749764e+02 1.728459e+01
      endloop
   endfacet
   facet normal -9.509523e-01 1.815783e-01 2.504375e-01
      outer loop
         vertex -6.057152e+01 2.520934e+02 1.265767e+01
         vertex -6.474210e+01 2.290494e+02 1.352919e+01
         vertex -6.300787e+01 2.290494e+02 2.011434e+01
      endloop
   endfacet
   facet normal -9.509524e-01 1.815782e-01 2.504374e-01
      outer loop
         vertex -6.057152e+01 2.520934e+02 1.265767e+01
         vertex -6.300787e+01 2.290494e+02 2.011434e+01
         vertex -5.894901e+01 2.520934e+02 1.881861e+01
      endloop
   endfacet
   facet normal -9.546614e-01 1.594136e-01 2.514137e-01
      outer loop
         vertex -6.474210e+01 2.290494e+02 1.352919e+01
         vertex -6.590590e+01 2.216963e+02 1.377240e+01
         vertex -6.414050e+01 2.216963e+02 2.047591e+01
      endloop
   endfacet
   facet normal -9.546612e-01 1.594142e-01 2.514143e-01
      outer loop
         vertex -6.474210e+01 2.290494e+02 1.352919e+01
         vertex -6.414050e+01 2.216963e+02 2.047591e+01
         vertex -6.300787e+01 2.290494e+02 2.011434e+01
      endloop
   endfacet
   facet normal -9.556832e-01 1.527244e-01 2.516841e-01
      outer loop
         vertex -6.590590e+01 2.216963e+02 1.377240e+01
         vertex -6.618211e+01 2.198728e+02 1.383011e+01
         vertex -6.440930e+01 2.198728e+02 2.056172e+01
      endloop
   endfacet
   facet normal -9.556843e-01 1.527194e-01 2.516830e-01
      outer loop
         vertex -6.590590e+01 2.216963e+02 1.377240e+01
         vertex -6.440930e+01 2.198728e+02 2.056172e+01
         vertex -6.414050e+01 2.216963e+02 2.047591e+01
      endloop
   endfacet
   facet normal -9.562690e-01 1.487533e-01 2.518374e-01
      outer loop
         vertex -6.618211e+01 2.198728e+02 1.383011e+01
         vertex -6.672012e+01 2.162238e+02 1.394254e+01
         vertex -6.493291e+01 2.162238e+02 2.072888e+01
      endloop
   endfacet
   facet normal -9.562685e-01 1.487551e-01 2.518383e-01
      outer loop
         vertex -6.618211e+01 2.198728e+02 1.383011e+01
         vertex -6.493291e+01 2.162238e+02 2.072888e+01
         vertex -6.440930e+01 2.198728e+02 2.056172e+01
      endloop
   endfacet
   facet normal -9.573856e-01 1.408622e-01 2.521323e-01
      outer loop
         vertex -6.672012e+01 2.162238e+02 1.394254e+01
         vertex -6.773898e+01 2.089180e+02 1.415545e+01
         vertex -6.592447e+01 2.089180e+02 2.104542e+01
      endloop
   endfacet
   facet normal -9.573859e-01 1.408615e-01 2.521316e-01
      outer loop
         vertex -6.672012e+01 2.162238e+02 1.394254e+01
         vertex -6.592447e+01 2.089180e+02 2.104542e+01
         vertex -6.493291e+01 2.162238e+02 2.072888e+01
      endloop
   endfacet
   facet normal -9.594089e-01 1.252783e-01 2.526655e-01
      outer loop
         vertex -6.773898e+01 2.089180e+02 1.415545e+01
         vertex -6.955092e+01 1.942780e+02 1.453410e+01
         vertex -6.768787e+01 1.942780e+02 2.160836e+01
      endloop
   endfacet
   facet normal -9.594090e-01 1.252781e-01 2.526652e-01
      outer loop
         vertex -6.773898e+01 2.089180e+02 1.415545e+01
         vertex -6.768787e+01 1.942780e+02 2.160836e+01
         vertex -6.592447e+01 2.089180e+02 2.104542e+01
      endloop
   endfacet
   facet normal -9.623116e-01 9.864198e-02 2.534287e-01
      outer loop
         vertex -6.955092e+01 1.942780e+02 1.453410e+01
         vertex -7.186684e+01 1.704415e+02 1.501806e+01
         vertex -6.994176e+01 1.704415e+02 2.232788e+01
      endloop
   endfacet
   facet normal -9.623113e-01 9.864233e-02 2.534298e-01
      outer loop
         vertex -6.955092e+01 1.942780e+02 1.453410e+01
         vertex -6.994176e+01 1.704415e+02 2.232788e+01
         vertex -6.768787e+01 1.942780e+02 2.160836e+01
      endloop
   endfacet
   facet normal -9.649430e-01 6.562682e-02 2.541222e-01
      outer loop
         vertex -7.186684e+01 1.704415e+02 1.501806e+01
         vertex -7.351723e+01 1.448394e+02 1.536294e+01
         vertex -7.154795e+01 1.448394e+02 2.284063e+01
      endloop
   endfacet
   facet normal -9.649431e-01 6.562668e-02 2.541217e-01
      outer loop
         vertex -7.186684e+01 1.704415e+02 1.501806e+01
         vertex -7.154795e+01 1.448394e+02 2.284063e+01
         vertex -6.994176e+01 1.704415e+02 2.232788e+01
      endloop
   endfacet
   facet normal -8.782498e-01 3.450474e-01 3.310885e-01
      outer loop
         vertex -2.736202e+01 3.650903e+02 8.734923e+00
         vertex -3.527208e+01 3.425338e+02 1.126009e+01
         vertex -3.392735e+01 3.425338e+02 1.482712e+01
      endloop
   endfacet
   facet normal -8.782500e-01 3.450473e-01 3.310880e-01
      outer loop
         vertex -2.736202e+01 3.650903e+02 8.734923e+00
         vertex -3.392735e+01 3.425338e+02 1.482712e+01
         vertex -2.631887e+01 3.650903e+02 1.150202e+01
      endloop
   endfacet
   facet normal -8.886427e-01 3.131859e-01 3.350056e-01
      outer loop
         vertex -3.527208e+01 3.425338e+02 1.126009e+01
         vertex -4.238230e+01 3.199311e+02 1.352993e+01
         vertex -4.076651e+01 3.199311e+02 1.781601e+01
      endloop
   endfacet
   facet normal -8.886424e-01 3.131860e-01 3.350063e-01
      outer loop
         vertex -3.527208e+01 3.425338e+02 1.126009e+01
         vertex -4.076651e+01 3.199311e+02 1.781601e+01
         vertex -3.392735e+01 3.425338e+02 1.482712e+01
      endloop
   endfacet
   facet normal -8.975637e-01 2.826411e-01 3.383688e-01
      outer loop
         vertex -4.238230e+01 3.199311e+02 1.352993e+01
         vertex -4.797184e+01 3.000446e+02 1.531431e+01
         vertex -4.614296e+01 3.000446e+02 2.016565e+01
      endloop
   endfacet
   facet normal -8.975637e-01 2.826411e-01 3.383687e-01
      outer loop
         vertex -4.238230e+01 3.199311e+02 1.352993e+01
         vertex -4.614296e+01 3.000446e+02 2.016565e+01
         vertex -4.076651e+01 3.199311e+02 1.781601e+01
      endloop
   endfacet
   facet normal -9.017641e-01 2.669338e-01 3.399528e-01
      outer loop
         vertex -4.797184e+01 3.000446e+02 1.531431e+01
         vertex -4.841122e+01 2.983816e+02 1.545457e+01
         vertex -4.656558e+01 2.983816e+02 2.035035e+01
      endloop
   endfacet
   facet normal -9.017646e-01 2.669323e-01 3.399525e-01
      outer loop
         vertex -4.797184e+01 3.000446e+02 1.531431e+01
         vertex -4.656558e+01 2.983816e+02 2.035035e+01
         vertex -4.614296e+01 3.000446e+02 2.016565e+01
      endloop
   endfacet
   facet normal -9.027008e-01 2.632930e-01 3.403059e-01
      outer loop
         vertex -4.841122e+01 2.983816e+02 1.545457e+01
         vertex -4.927805e+01 2.950520e+02 1.573129e+01
         vertex -4.739936e+01 2.950520e+02 2.071473e+01
      endloop
   endfacet
   facet normal -9.027008e-01 2.632930e-01 3.403059e-01
      outer loop
         vertex -4.841122e+01 2.983816e+02 1.545457e+01
         vertex -4.739936e+01 2.950520e+02 2.071473e+01
         vertex -4.656558e+01 2.983816e+02 2.035035e+01
      endloop
   endfacet
   facet normal -9.045364e-01 2.559971e-01 3.409975e-01
      outer loop
         vertex -4.927805e+01 2.950520e+02 1.573129e+01
         vertex -5.096391e+01 2.883784e+02 1.626948e+01
         vertex -4.902095e+01 2.883784e+02 2.142341e+01
      endloop
   endfacet
   facet normal -9.045362e-01 2.559974e-01 3.409978e-01
      outer loop
         vertex -4.927805e+01 2.950520e+02 1.573129e+01
         vertex -4.902095e+01 2.883784e+02 2.142341e+01
         vertex -4.739936e+01 2.950520e+02 2.071473e+01
      endloop
   endfacet
   facet normal -9.080491e-01 2.413769e-01 3.423215e-01
      outer loop
         vertex -5.096391e+01 2.883784e+02 1.626948e+01
         vertex -5.414373e+01 2.749764e+02 1.728459e+01
         vertex -5.207955e+01 2.749764e+02 2.276009e+01
      endloop
   endfacet
   facet normal -9.080490e-01 2.413770e-01 3.423217e-01
      outer loop
         vertex -5.096391e+01 2.883784e+02 1.626948e+01
         vertex -5.207955e+01 2.749764e+02 2.276009e+01
         vertex -4.902095e+01 2.883784e+02 2.142341e+01
      endloop
   endfacet
   facet normal -9.138354e-01 2.149937e-01 3.445035e-01
      outer loop
         vertex -5.414373e+01 2.749764e+02 1.728459e+01
         vertex -5.894901e+01 2.520934e+02 1.881861e+01
         vertex -5.670163e+01 2.520934e+02 2.478006e+01
      endloop
   endfacet
   facet normal -9.138356e-01 2.149936e-01 3.445030e-01
      outer loop
         vertex -5.414373e+01 2.749764e+02 1.728459e+01
         vertex -5.670163e+01 2.520934e+02 2.478006e+01
         vertex -5.207955e+01 2.749764e+02 2.276009e+01
      endloop
   endfacet
   facet normal -9.201619e-01 1.815782e-01 3.468882e-01
      outer loop
         vertex -5.894901e+01 2.520934e+02 1.881861e+01
         vertex -6.300787e+01 2.290494e+02 2.011434e+01
         vertex -6.060574e+01 2.290494e+02 2.648626e+01
      endloop
   endfacet
   facet normal -9.201618e-01 1.815783e-01 3.468884e-01
      outer loop
         vertex -5.894901e+01 2.520934e+02 1.881861e+01
         vertex -6.060574e+01 2.290494e+02 2.648626e+01
         vertex -5.670163e+01 2.520934e+02 2.478006e+01
      endloop
   endfacet
   facet normal -9.237506e-01 1.594141e-01 3.482413e-01
      outer loop
         vertex -6.300787e+01 2.290494e+02 2.011434e+01
         vertex -6.414050e+01 2.216963e+02 2.047591e+01
         vertex -6.169519e+01 2.216963e+02 2.696238e+01
      endloop
   endfacet
   facet normal -9.237507e-01 1.594139e-01 3.482411e-01
      outer loop
         vertex -6.300787e+01 2.290494e+02 2.011434e+01
         vertex -6.169519e+01 2.216963e+02 2.696238e+01
         vertex -6.060574e+01 2.290494e+02 2.648626e+01
      endloop
   endfacet
   facet normal -9.247406e-01 1.527195e-01 3.486138e-01
      outer loop
         vertex -6.414050e+01 2.216963e+02 2.047591e+01
         vertex -6.440930e+01 2.198728e+02 2.056172e+01
         vertex -6.195375e+01 2.198728e+02 2.707537e+01
      endloop
   endfacet
   facet normal -9.247400e-01 1.527222e-01 3.486143e-01
      outer loop
         vertex -6.414050e+01 2.216963e+02 2.047591e+01
         vertex -6.195375e+01 2.198728e+02 2.707537e+01
         vertex -6.169519e+01 2.216963e+02 2.696238e+01
      endloop
   endfacet
   facet normal -9.253059e-01 1.487550e-01 3.488279e-01
      outer loop
         vertex -6.440930e+01 2.198728e+02 2.056172e+01
         vertex -6.493291e+01 2.162238e+02 2.072888e+01
         vertex -6.245739e+01 2.162238e+02 2.729548e+01
      endloop
   endfacet
   facet normal -9.253065e-01 1.487532e-01 3.488271e-01
      outer loop
         vertex -6.440930e+01 2.198728e+02 2.056172e+01
         vertex -6.245739e+01 2.162238e+02 2.729548e+01
         vertex -6.195375e+01 2.198728e+02 2.707537e+01
      endloop
   endfacet
   facet normal -9.263871e-01 1.408615e-01 3.492347e-01
      outer loop
         vertex -6.493291e+01 2.162238e+02 2.072888e+01
         vertex -6.592447e+01 2.089180e+02 2.104542e+01
         vertex -6.341115e+01 2.089180e+02 2.771229e+01
      endloop
   endfacet
   facet normal -9.263868e-01 1.408622e-01 3.492354e-01
      outer loop
         vertex -6.493291e+01 2.162238e+02 2.072888e+01
         vertex -6.341115e+01 2.089180e+02 2.771229e+01
         vertex -6.245739e+01 2.162238e+02 2.729548e+01
      endloop
   endfacet
   facet normal -9.283451e-01 1.252781e-01 3.499725e-01
      outer loop
         vertex -6.592447e+01 2.089180e+02 2.104542e+01
         vertex -6.768787e+01 1.942780e+02 2.160836e+01
         vertex -6.510733e+01 1.942780e+02 2.845357e+01
      endloop
   endfacet
   facet normal -9.283450e-01 1.252783e-01 3.499728e-01
      outer loop
         vertex -6.592447e+01 2.089180e+02 2.104542e+01
         vertex -6.510733e+01 1.942780e+02 2.845357e+01
         vertex -6.341115e+01 2.089180e+02 2.771229e+01
      endloop
   endfacet
   facet normal -9.311533e-01 9.864233e-02 3.510315e-01
      outer loop
         vertex -6.768787e+01 1.942780e+02 2.160836e+01
         vertex -6.994176e+01 1.704415e+02 2.232788e+01
         vertex -6.727529e+01 1.704415e+02 2.940102e+01
      endloop
   endfacet
   facet normal -9.311535e-01 9.864222e-02 3.510312e-01
      outer loop
         vertex -6.768787e+01 1.942780e+02 2.160836e+01
         vertex -6.727529e+01 1.704415e+02 2.940102e+01
         vertex -6.510733e+01 1.942780e+02 2.845357e+01
      endloop
   endfacet
   facet normal -9.336998e-01 6.562669e-02 3.519913e-01
      outer loop
         vertex -6.994176e+01 1.704415e+02 2.232788e+01
         vertex -7.154795e+01 1.448394e+02 2.284063e+01
         vertex -6.882024e+01 1.448394e+02 3.007621e+01
      endloop
   endfacet
   facet normal -9.336997e-01 6.562675e-02 3.519915e-01
      outer loop
         vertex -6.994176e+01 1.704415e+02 2.232788e+01
         vertex -6.882024e+01 1.448394e+02 3.007621e+01
         vertex -6.727529e+01 1.704415e+02 2.940102e+01
      endloop
   endfacet
   facet normal -8.395525e-01 3.450473e-01 4.196355e-01
      outer loop
         vertex -2.631887e+01 3.650903e+02 1.150202e+01
         vertex -3.392735e+01 3.425338e+02 1.482712e+01
         vertex -3.222300e+01 3.425338e+02 1.823698e+01
      endloop
   endfacet
   facet normal -8.395525e-01 3.450473e-01 4.196355e-01
      outer loop
         vertex -2.631887e+01 3.650903e+02 1.150202e+01
         vertex -3.222300e+01 3.425338e+02 1.823698e+01
         vertex -2.499673e+01 3.650903e+02 1.414719e+01
      endloop
   endfacet
   facet normal -8.494870e-01 3.131860e-01 4.246015e-01
      outer loop
         vertex -3.392735e+01 3.425338e+02 1.482712e+01
         vertex -4.076651e+01 3.199311e+02 1.781601e+01
         vertex -3.871858e+01 3.199311e+02 2.191323e+01
      endloop
   endfacet
   facet normal -8.494872e-01 3.131859e-01 4.246011e-01
      outer loop
         vertex -3.392735e+01 3.425338e+02 1.482712e+01
         vertex -3.871858e+01 3.199311e+02 2.191323e+01
         vertex -3.222300e+01 3.425338e+02 1.823698e+01
      endloop
   endfacet
   facet normal -8.580150e-01 2.826411e-01 4.288639e-01
      outer loop
         vertex -4.076651e+01 3.199311e+02 1.781601e+01
         vertex -4.614296e+01 3.000446e+02 2.016565e+01
         vertex -4.382494e+01 3.000446e+02 2.480323e+01
      endloop
   endfacet
   facet normal -8.580149e-01 2.826411e-01 4.288641e-01
      outer loop
         vertex -4.076651e+01 3.199311e+02 1.781601e+01
         vertex -4.382494e+01 3.000446e+02 2.480323e+01
         vertex -3.871858e+01 3.199311e+02 2.191323e+01
      endloop
   endfacet
   facet normal -8.620310e-01 2.669324e-01 4.308708e-01
      outer loop
         vertex -4.614296e+01 3.000446e+02 2.016565e+01
         vertex -4.656558e+01 2.983816e+02 2.035035e+01
         vertex -4.422634e+01 2.983816e+02 2.503041e+01
      endloop
   endfacet
   facet normal -8.620305e-01 2.669336e-01 4.308710e-01
      outer loop
         vertex -4.614296e+01 3.000446e+02 2.016565e+01
         vertex -4.422634e+01 2.983816e+02 2.503041e+01
         vertex -4.382494e+01 3.000446e+02 2.480323e+01
      endloop
   endfacet
   facet normal -8.629261e-01 2.632930e-01 4.313181e-01
      outer loop
         vertex -4.656558e+01 2.983816e+02 2.035035e+01
         vertex -4.739936e+01 2.950520e+02 2.071473e+01
         vertex -4.501823e+01 2.950520e+02 2.547859e+01
      endloop
   endfacet
   facet normal -8.629261e-01 2.632931e-01 4.313181e-01
      outer loop
         vertex -4.656558e+01 2.983816e+02 2.035035e+01
         vertex -4.501823e+01 2.950520e+02 2.547859e+01
         vertex -4.422634e+01 2.983816e+02 2.503041e+01
      endloop
   endfacet
   facet normal -8.646805e-01 2.559974e-01 4.321955e-01
      outer loop
         vertex -4.739936e+01 2.950520e+02 2.071473e+01
         vertex -4.902095e+01 2.883784e+02 2.142341e+01
         vertex -4.655835e+01 2.883784e+02 2.635024e+01
      endloop
   endfacet
   facet normal -8.646808e-01 2.559971e-01 4.321952e-01
      outer loop
         vertex -4.739936e+01 2.950520e+02 2.071473e+01
         vertex -4.655835e+01 2.883784e+02 2.635024e+01
         vertex -4.501823e+01 2.950520e+02 2.547859e+01
      endloop
   endfacet
   facet normal -8.680382e-01 2.413770e-01 4.338741e-01
      outer loop
         vertex -4.902095e+01 2.883784e+02 2.142341e+01
         vertex -5.207955e+01 2.749764e+02 2.276009e+01
         vertex -4.946330e+01 2.749764e+02 2.799433e+01
      endloop
   endfacet
   facet normal -8.680384e-01 2.413769e-01 4.338739e-01
      outer loop
         vertex -4.902095e+01 2.883784e+02 2.142341e+01
         vertex -4.946330e+01 2.749764e+02 2.799433e+01
         vertex -4.655835e+01 2.883784e+02 2.635024e+01
      endloop
   endfacet
   facet normal -8.735700e-01 2.149936e-01 4.366385e-01
      outer loop
         vertex -5.207955e+01 2.749764e+02 2.276009e+01
         vertex -5.670163e+01 2.520934e+02 2.478006e+01
         vertex -5.385319e+01 2.520934e+02 3.047884e+01
      endloop
   endfacet
   facet normal -8.735698e-01 2.149937e-01 4.366389e-01
      outer loop
         vertex -5.207955e+01 2.749764e+02 2.276009e+01
         vertex -5.385319e+01 2.520934e+02 3.047884e+01
         vertex -4.946330e+01 2.749764e+02 2.799433e+01
      endloop
   endfacet
   facet normal -8.796177e-01 1.815783e-01 4.396612e-01
      outer loop
         vertex -5.670163e+01 2.520934e+02 2.478006e+01
         vertex -6.060574e+01 2.290494e+02 2.648626e+01
         vertex -5.756118e+01 2.290494e+02 3.257742e+01
      endloop
   endfacet
   facet normal -8.796177e-01 1.815784e-01 4.396613e-01
      outer loop
         vertex -5.670163e+01 2.520934e+02 2.478006e+01
         vertex -5.756118e+01 2.290494e+02 3.257742e+01
         vertex -5.385319e+01 2.520934e+02 3.047884e+01
      endloop
   endfacet
   facet normal -8.830483e-01 1.594140e-01 4.413762e-01
      outer loop
         vertex -6.060574e+01 2.290494e+02 2.648626e+01
         vertex -6.169519e+01 2.216963e+02 2.696238e+01
         vertex -5.859591e+01 2.216963e+02 3.316303e+01
      endloop
   endfacet
   facet normal -8.830484e-01 1.594137e-01 4.413760e-01
      outer loop
         vertex -6.060574e+01 2.290494e+02 2.648626e+01
         vertex -5.859591e+01 2.216963e+02 3.316303e+01
         vertex -5.756118e+01 2.290494e+02 3.257742e+01
      endloop
   endfacet
   facet normal -8.839941e-01 1.527221e-01 4.418488e-01
      outer loop
         vertex -6.169519e+01 2.216963e+02 2.696238e+01
         vertex -6.195375e+01 2.198728e+02 2.707537e+01
         vertex -5.884147e+01 2.198728e+02 3.330202e+01
      endloop
   endfacet
   facet normal -8.839939e-01 1.527228e-01 4.418489e-01
      outer loop
         vertex -6.169519e+01 2.216963e+02 2.696238e+01
         vertex -5.884147e+01 2.198728e+02 3.330202e+01
         vertex -5.859591e+01 2.216963e+02 3.316303e+01
      endloop
   endfacet
   facet normal -8.845354e-01 1.487533e-01 4.421194e-01
      outer loop
         vertex -6.195375e+01 2.198728e+02 2.707537e+01
         vertex -6.245739e+01 2.162238e+02 2.729548e+01
         vertex -5.931982e+01 2.162238e+02 3.357274e+01
      endloop
   endfacet
   facet normal -8.845354e-01 1.487533e-01 4.421194e-01
      outer loop
         vertex -6.195375e+01 2.198728e+02 2.707537e+01
         vertex -5.931982e+01 2.162238e+02 3.357274e+01
         vertex -5.884147e+01 2.198728e+02 3.330202e+01
      endloop
   endfacet
   facet normal -8.855684e-01 1.408622e-01 4.426359e-01
      outer loop
         vertex -6.245739e+01 2.162238e+02 2.729548e+01
         vertex -6.341115e+01 2.089180e+02 2.771229e+01
         vertex -6.022566e+01 2.089180e+02 3.408541e+01
      endloop
   endfacet
   facet normal -8.855685e-01 1.408620e-01 4.426357e-01
      outer loop
         vertex -6.245739e+01 2.162238e+02 2.729548e+01
         vertex -6.022566e+01 2.089180e+02 3.408541e+01
         vertex -5.931982e+01 2.162238e+02 3.357274e+01
      endloop
   endfacet
   facet normal -8.874399e-01 1.252783e-01 4.435717e-01
      outer loop
         vertex -6.341115e+01 2.089180e+02 2.771229e+01
         vertex -6.510733e+01 1.942780e+02 2.845357e+01
         vertex -6.183663e+01 1.942780e+02 3.499716e+01
      endloop
   endfacet
   facet normal -8.874400e-01 1.252781e-01 4.435714e-01
      outer loop
         vertex -6.341115e+01 2.089180e+02 2.771229e+01
         vertex -6.183663e+01 1.942780e+02 3.499716e+01
         vertex -6.022566e+01 2.089180e+02 3.408541e+01
      endloop
   endfacet
   facet normal -8.901245e-01 9.864221e-02 4.449136e-01
      outer loop
         vertex -6.510733e+01 1.942780e+02 2.845357e+01
         vertex -6.727529e+01 1.704415e+02 2.940102e+01
         vertex -6.389568e+01 1.704415e+02 3.616250e+01
      endloop
   endfacet
   facet normal -8.901245e-01 9.864221e-02 4.449136e-01
      outer loop
         vertex -6.510733e+01 1.942780e+02 2.845357e+01
         vertex -6.389568e+01 1.704415e+02 3.616250e+01
         vertex -6.183663e+01 1.942780e+02 3.499716e+01
      endloop
   endfacet
   facet normal -8.925588e-01 6.562676e-02 4.461300e-01
      outer loop
         vertex -6.727529e+01 1.704415e+02 2.940102e+01
         vertex -6.882024e+01 1.448394e+02 3.007621e+01
         vertex -6.536302e+01 1.448394e+02 3.699297e+01
      endloop
   endfacet
   facet normal -8.925586e-01 6.562685e-02 4.461303e-01
      outer loop
         vertex -6.727529e+01 1.704415e+02 2.940102e+01
         vertex -6.536302e+01 1.448394e+02 3.699297e+01
         vertex -6.389568e+01 1.704415e+02 3.616250e+01
      endloop
   endfacet
   facet normal -7.919553e-01 3.450473e-01 5.037352e-01
      outer loop
         vertex -2.499673e+01 3.650903e+02 1.414719e+01
         vertex -3.222300e+01 3.425338e+02 1.823698e+01
         vertex -3.017706e+01 3.425338e+02 2.145352e+01
      endloop
   endfacet
   facet normal -7.919552e-01 3.450473e-01 5.037354e-01
      outer loop
         vertex -2.499673e+01 3.650903e+02 1.414719e+01
         vertex -3.017706e+01 3.425338e+02 2.145352e+01
         vertex -2.340961e+01 3.650903e+02 1.664239e+01
      endloop
   endfacet
   facet normal -8.013270e-01 3.131860e-01 5.096956e-01
      outer loop
         vertex -3.222300e+01 3.425338e+02 1.823698e+01
         vertex -3.871858e+01 3.199311e+02 2.191323e+01
         vertex -3.626023e+01 3.199311e+02 2.577817e+01
      endloop
   endfacet
   facet normal -8.013267e-01 3.131860e-01 5.096960e-01
      outer loop
         vertex -3.222300e+01 3.425338e+02 1.823698e+01
         vertex -3.626023e+01 3.199311e+02 2.577817e+01
         vertex -3.017706e+01 3.425338e+02 2.145352e+01
      endloop
   endfacet
   facet normal -8.093710e-01 2.826411e-01 5.148131e-01
      outer loop
         vertex -3.871858e+01 3.199311e+02 2.191323e+01
         vertex -4.382494e+01 3.000446e+02 2.480323e+01
         vertex -4.104237e+01 3.000446e+02 2.917790e+01
      endloop
   endfacet
   facet normal -8.093715e-01 2.826409e-01 5.148124e-01
      outer loop
         vertex -3.871858e+01 3.199311e+02 2.191323e+01
         vertex -4.104237e+01 3.000446e+02 2.917790e+01
         vertex -3.626023e+01 3.199311e+02 2.577817e+01
      endloop
   endfacet
   facet normal -8.131592e-01 2.669336e-01 5.172220e-01
      outer loop
         vertex -4.382494e+01 3.000446e+02 2.480323e+01
         vertex -4.422634e+01 2.983816e+02 2.503041e+01
         vertex -4.141828e+01 2.983816e+02 2.944514e+01
      endloop
   endfacet
   facet normal -8.131585e-01 2.669352e-01 5.172222e-01
      outer loop
         vertex -4.382494e+01 3.000446e+02 2.480323e+01
         vertex -4.141828e+01 2.983816e+02 2.944514e+01
         vertex -4.104237e+01 3.000446e+02 2.917790e+01
      endloop
   endfacet
   facet normal -8.140036e-01 2.632931e-01 5.177594e-01
      outer loop
         vertex -4.422634e+01 2.983816e+02 2.503041e+01
         vertex -4.501823e+01 2.950520e+02 2.547859e+01
         vertex -4.215990e+01 2.950520e+02 2.997237e+01
      endloop
   endfacet
   facet normal -8.140039e-01 2.632927e-01 5.177593e-01
      outer loop
         vertex -4.422634e+01 2.983816e+02 2.503041e+01
         vertex -4.215990e+01 2.950520e+02 2.997237e+01
         vertex -4.141828e+01 2.983816e+02 2.944514e+01
      endloop
   endfacet
   facet normal -8.156589e-01 2.559971e-01 5.188122e-01
      outer loop
         vertex -4.501823e+01 2.950520e+02 2.547859e+01
         vertex -4.655835e+01 2.883784e+02 2.635024e+01
         vertex -4.360223e+01 2.883784e+02 3.099776e+01
      endloop
   endfacet
   facet normal -8.156588e-01 2.559971e-01 5.188122e-01
      outer loop
         vertex -4.501823e+01 2.950520e+02 2.547859e+01
         vertex -4.360223e+01 2.883784e+02 3.099776e+01
         vertex -4.215990e+01 2.950520e+02 2.997237e+01
      endloop
   endfacet
   facet normal -8.188266e-01 2.413769e-01 5.208264e-01
      outer loop
         vertex -4.655835e+01 2.883784e+02 2.635024e+01
         vertex -4.946330e+01 2.749764e+02 2.799433e+01
         vertex -4.632274e+01 2.749764e+02 3.293183e+01
      endloop
   endfacet
   facet normal -8.188262e-01 2.413772e-01 5.208269e-01
      outer loop
         vertex -4.655835e+01 2.883784e+02 2.635024e+01
         vertex -4.632274e+01 2.749764e+02 3.293183e+01
         vertex -4.360223e+01 2.883784e+02 3.099776e+01
      endloop
   endfacet
   facet normal -8.240443e-01 2.149937e-01 5.241456e-01
      outer loop
         vertex -4.946330e+01 2.749764e+02 2.799433e+01
         vertex -5.385319e+01 2.520934e+02 3.047884e+01
         vertex -5.043390e+01 2.520934e+02 3.585454e+01
      endloop
   endfacet
   facet normal -8.240445e-01 2.149936e-01 5.241453e-01
      outer loop
         vertex -4.946330e+01 2.749764e+02 2.799433e+01
         vertex -5.043390e+01 2.520934e+02 3.585454e+01
         vertex -4.632274e+01 2.749764e+02 3.293183e+01
      endloop
   endfacet
   facet normal -8.297491e-01 1.815784e-01 5.277743e-01
      outer loop
         vertex -5.385319e+01 2.520934e+02 3.047884e+01
         vertex -5.756118e+01 2.290494e+02 3.257742e+01
         vertex -5.390646e+01 2.290494e+02 3.832326e+01
      endloop
   endfacet
   facet normal -8.297492e-01 1.815783e-01 5.277742e-01
      outer loop
         vertex -5.385319e+01 2.520934e+02 3.047884e+01
         vertex -5.390646e+01 2.290494e+02 3.832326e+01
         vertex -5.043390e+01 2.520934e+02 3.585454e+01
      endloop
   endfacet
   facet normal -8.329851e-01 1.594137e-01 5.298331e-01
      outer loop
         vertex -5.756118e+01 2.290494e+02 3.257742e+01
         vertex -5.859591e+01 2.216963e+02 3.316303e+01
         vertex -5.487548e+01 2.216963e+02 3.901215e+01
      endloop
   endfacet
   facet normal -8.329853e-01 1.594133e-01 5.298328e-01
      outer loop
         vertex -5.756118e+01 2.290494e+02 3.257742e+01
         vertex -5.487548e+01 2.216963e+02 3.901215e+01
         vertex -5.390646e+01 2.290494e+02 3.832326e+01
      endloop
   endfacet
   facet normal -8.338772e-01 1.527229e-01 5.304004e-01
      outer loop
         vertex -5.859591e+01 2.216963e+02 3.316303e+01
         vertex -5.884147e+01 2.198728e+02 3.330202e+01
         vertex -5.510546e+01 2.198728e+02 3.917565e+01
      endloop
   endfacet
   facet normal -8.338770e-01 1.527235e-01 5.304005e-01
      outer loop
         vertex -5.859591e+01 2.216963e+02 3.316303e+01
         vertex -5.510546e+01 2.198728e+02 3.917565e+01
         vertex -5.487548e+01 2.216963e+02 3.901215e+01
      endloop
   endfacet
   facet normal -8.343878e-01 1.487532e-01 5.307254e-01
      outer loop
         vertex -5.884147e+01 2.198728e+02 3.330202e+01
         vertex -5.931982e+01 2.162238e+02 3.357274e+01
         vertex -5.555343e+01 2.162238e+02 3.949412e+01
      endloop
   endfacet
   facet normal -8.343880e-01 1.487529e-01 5.307253e-01
      outer loop
         vertex -5.884147e+01 2.198728e+02 3.330202e+01
         vertex -5.555343e+01 2.162238e+02 3.949412e+01
         vertex -5.510546e+01 2.198728e+02 3.917565e+01
      endloop
   endfacet
   facet normal -8.353625e-01 1.408620e-01 5.313450e-01
      outer loop
         vertex -5.931982e+01 2.162238e+02 3.357274e+01
         vertex -6.022566e+01 2.089180e+02 3.408541e+01
         vertex -5.640176e+01 2.089180e+02 4.009722e+01
      endloop
   endfacet
   facet normal -8.353623e-01 1.408623e-01 5.313452e-01
      outer loop
         vertex -5.931982e+01 2.162238e+02 3.357274e+01
         vertex -5.640176e+01 2.089180e+02 4.009722e+01
         vertex -5.555343e+01 2.162238e+02 3.949412e+01
      endloop
   endfacet
   facet normal -8.371280e-01 1.252781e-01 5.324680e-01
      outer loop
         vertex -6.022566e+01 2.089180e+02 3.408541e+01
         vertex -6.183663e+01 1.942780e+02 3.499716e+01
         vertex -5.791044e+01 1.942780e+02 4.116977e+01
      endloop
   endfacet
   facet normal -8.371280e-01 1.252781e-01 5.324680e-01
      outer loop
         vertex -6.022566e+01 2.089180e+02 3.408541e+01
         vertex -5.791044e+01 1.942780e+02 4.116977e+01
         vertex -5.640176e+01 2.089180e+02 4.009722e+01
      endloop
   endfacet
   facet normal -8.396606e-01 9.864221e-02 5.340785e-01
      outer loop
         vertex -6.183663e+01 1.942780e+02 3.499716e+01
         vertex -6.389568e+01 1.704415e+02 3.616250e+01
         vertex -5.983876e+01 1.704415e+02 4.254066e+01
      endloop
   endfacet
   facet normal -8.396604e-01 9.864231e-02 5.340788e-01
      outer loop
         vertex -6.183663e+01 1.942780e+02 3.499716e+01
         vertex -5.983876e+01 1.704415e+02 4.254066e+01
         vertex -5.791044e+01 1.942780e+02 4.116977e+01
      endloop
   endfacet
   facet normal -8.419566e-01 6.562686e-02 5.355392e-01
      outer loop
         vertex -6.389568e+01 1.704415e+02 3.616250e+01
         vertex -6.536302e+01 1.448394e+02 3.699297e+01
         vertex -6.121294e+01 1.448394e+02 4.351759e+01
      endloop
   endfacet
   facet normal -8.419567e-01 6.562678e-02 5.355390e-01
      outer loop
         vertex -6.389568e+01 1.704415e+02 3.616250e+01
         vertex -6.121294e+01 1.448394e+02 4.351759e+01
         vertex -5.983876e+01 1.704415e+02 4.254066e+01
      endloop
   endfacet
   facet normal -7.359634e-01 3.450473e-01 5.824948e-01
      outer loop
         vertex -2.340961e+01 3.650903e+02 1.664239e+01
         vertex -3.017706e+01 3.425338e+02 2.145352e+01
         vertex -2.781125e+01 3.425338e+02 2.444265e+01
      endloop
   endfacet
   facet normal -7.359631e-01 3.450474e-01 5.824952e-01
      outer loop
         vertex -2.340961e+01 3.650903e+02 1.664239e+01
         vertex -2.781125e+01 3.425338e+02 2.444265e+01
         vertex -2.157435e+01 3.650903e+02 1.896119e+01
      endloop
   endfacet
   facet normal -7.446718e-01 3.131860e-01 5.893882e-01
      outer loop
         vertex -3.017706e+01 3.425338e+02 2.145352e+01
         vertex -3.626023e+01 3.199311e+02 2.577817e+01
         vertex -3.341750e+01 3.199311e+02 2.936986e+01
      endloop
   endfacet
   facet normal -7.446723e-01 3.131859e-01 5.893876e-01
      outer loop
         vertex -3.017706e+01 3.425338e+02 2.145352e+01
         vertex -3.341750e+01 3.199311e+02 2.936986e+01
         vertex -2.781125e+01 3.425338e+02 2.444265e+01
      endloop
   endfacet
   facet normal -7.521479e-01 2.826409e-01 5.953046e-01
      outer loop
         vertex -3.626023e+01 3.199311e+02 2.577817e+01
         vertex -4.104237e+01 3.000446e+02 2.917790e+01
         vertex -3.782474e+01 3.000446e+02 3.324327e+01
      endloop
   endfacet
   facet normal -7.521476e-01 2.826411e-01 5.953050e-01
      outer loop
         vertex -3.626023e+01 3.199311e+02 2.577817e+01
         vertex -3.782474e+01 3.000446e+02 3.324327e+01
         vertex -3.341750e+01 3.199311e+02 2.936986e+01
      endloop
   endfacet
   facet normal -7.556676e-01 2.669351e-01 5.980904e-01
      outer loop
         vertex -4.104237e+01 3.000446e+02 2.917790e+01
         vertex -4.141828e+01 2.983816e+02 2.944514e+01
         vertex -3.817118e+01 2.983816e+02 3.354775e+01
      endloop
   endfacet
   facet normal -7.556677e-01 2.669351e-01 5.980904e-01
      outer loop
         vertex -4.104237e+01 3.000446e+02 2.917790e+01
         vertex -3.817118e+01 2.983816e+02 3.354775e+01
         vertex -3.782474e+01 3.000446e+02 3.324327e+01
      endloop
   endfacet
   facet normal -7.564529e-01 2.632927e-01 5.987119e-01
      outer loop
         vertex -4.141828e+01 2.983816e+02 2.944514e+01
         vertex -4.215990e+01 2.950520e+02 2.997237e+01
         vertex -3.885466e+01 2.950520e+02 3.414844e+01
      endloop
   endfacet
   facet normal -7.564529e-01 2.632927e-01 5.987119e-01
      outer loop
         vertex -4.141828e+01 2.983816e+02 2.944514e+01
         vertex -3.885466e+01 2.950520e+02 3.414844e+01
         vertex -3.817118e+01 2.983816e+02 3.354775e+01
      endloop
   endfacet
   facet normal -7.579909e-01 2.559971e-01 5.999294e-01
      outer loop
         vertex -4.215990e+01 2.950520e+02 2.997237e+01
         vertex -4.360223e+01 2.883784e+02 3.099776e+01
         vertex -4.018391e+01 2.883784e+02 3.531669e+01
      endloop
   endfacet
   facet normal -7.579910e-01 2.559970e-01 5.999293e-01
      outer loop
         vertex -4.215990e+01 2.950520e+02 2.997237e+01
         vertex -4.018391e+01 2.883784e+02 3.531669e+01
         vertex -3.885466e+01 2.950520e+02 3.414844e+01
      endloop
   endfacet
   facet normal -7.609344e-01 2.413772e-01 6.022590e-01
      outer loop
         vertex -4.360223e+01 2.883784e+02 3.099776e+01
         vertex -4.632274e+01 2.749764e+02 3.293183e+01
         vertex -4.269114e+01 2.749764e+02 3.752023e+01
      endloop
   endfacet
   facet normal -7.609343e-01 2.413772e-01 6.022591e-01
      outer loop
         vertex -4.360223e+01 2.883784e+02 3.099776e+01
         vertex -4.269114e+01 2.749764e+02 3.752023e+01
         vertex -4.018391e+01 2.883784e+02 3.531669e+01
      endloop
   endfacet
   facet normal -7.657833e-01 2.149936e-01 6.060971e-01
      outer loop
         vertex -4.632274e+01 2.749764e+02 3.293183e+01
         vertex -5.043390e+01 2.520934e+02 3.585454e+01
         vertex -4.647999e+01 2.520934e+02 4.085017e+01
      endloop
   endfacet
   facet normal -7.657834e-01 2.149935e-01 6.060970e-01
      outer loop
         vertex -4.632274e+01 2.749764e+02 3.293183e+01
         vertex -4.647999e+01 2.520934e+02 4.085017e+01
         vertex -4.269114e+01 2.749764e+02 3.752023e+01
      endloop
   endfacet
   facet normal -7.710848e-01 1.815783e-01 6.102929e-01
      outer loop
         vertex -5.043390e+01 2.520934e+02 3.585454e+01
         vertex -5.390646e+01 2.290494e+02 3.832326e+01
         vertex -4.968031e+01 2.290494e+02 4.366285e+01
      endloop
   endfacet
   facet normal -7.710847e-01 1.815784e-01 6.102931e-01
      outer loop
         vertex -5.043390e+01 2.520934e+02 3.585454e+01
         vertex -4.968031e+01 2.290494e+02 4.366285e+01
         vertex -4.647999e+01 2.520934e+02 4.085017e+01
      endloop
   endfacet
   facet normal -7.740928e-01 1.594133e-01 6.126727e-01
      outer loop
         vertex -5.390646e+01 2.290494e+02 3.832326e+01
         vertex -5.487548e+01 2.216963e+02 3.901215e+01
         vertex -5.057337e+01 2.216963e+02 4.444774e+01
      endloop
   endfacet
   facet normal -7.740922e-01 1.594140e-01 6.126732e-01
      outer loop
         vertex -5.390646e+01 2.290494e+02 3.832326e+01
         vertex -5.057337e+01 2.216963e+02 4.444774e+01
         vertex -4.968031e+01 2.290494e+02 4.366285e+01
      endloop
   endfacet
   facet normal -7.749213e-01 1.527237e-01 6.133290e-01
      outer loop
         vertex -5.487548e+01 2.216963e+02 3.901215e+01
         vertex -5.510546e+01 2.198728e+02 3.917565e+01
         vertex -5.078531e+01 2.198728e+02 4.463401e+01
      endloop
   endfacet
   facet normal -7.749218e-01 1.527219e-01 6.133288e-01
      outer loop
         vertex -5.487548e+01 2.216963e+02 3.901215e+01
         vertex -5.078531e+01 2.198728e+02 4.463401e+01
         vertex -5.057337e+01 2.216963e+02 4.444774e+01
      endloop
   endfacet
   facet normal -7.753962e-01 1.487529e-01 6.137046e-01
      outer loop
         vertex -5.510546e+01 2.198728e+02 3.917565e+01
         vertex -5.555343e+01 2.162238e+02 3.949412e+01
         vertex -5.119817e+01 2.162238e+02 4.499686e+01
      endloop
   endfacet
   facet normal -7.753960e-01 1.487532e-01 6.137047e-01
      outer loop
         vertex -5.510546e+01 2.198728e+02 3.917565e+01
         vertex -5.119817e+01 2.162238e+02 4.499686e+01
         vertex -5.078531e+01 2.198728e+02 4.463401e+01
      endloop
   endfacet
   facet normal -7.763015e-01 1.408623e-01 6.144215e-01
      outer loop
         vertex -5.555343e+01 2.162238e+02 3.949412e+01
         vertex -5.640176e+01 2.089180e+02 4.009722e+01
         vertex -5.197999e+01 2.089180e+02 4.568398e+01
      endloop
   endfacet
   facet normal -7.763017e-01 1.408621e-01 6.144213e-01
      outer loop
         vertex -5.555343e+01 2.162238e+02 3.949412e+01
         vertex -5.197999e+01 2.089180e+02 4.568398e+01
         vertex -5.119817e+01 2.162238e+02 4.499686e+01
      endloop
   endfacet
   facet normal -7.779423e-01 1.252781e-01 6.157201e-01
      outer loop
         vertex -5.640176e+01 2.089180e+02 4.009722e+01
         vertex -5.791044e+01 1.942780e+02 4.116977e+01
         vertex -5.337039e+01 1.942780e+02 4.690598e+01
      endloop
   endfacet
   facet normal -7.779423e-01 1.252781e-01 6.157201e-01
      outer loop
         vertex -5.640176e+01 2.089180e+02 4.009722e+01
         vertex -5.337039e+01 1.942780e+02 4.690598e+01
         vertex -5.197999e+01 2.089180e+02 4.568398e+01
      endloop
   endfacet
   facet normal -7.802954e-01 9.864232e-02 6.175830e-01
      outer loop
         vertex -5.791044e+01 1.942780e+02 4.116977e+01
         vertex -5.983876e+01 1.704415e+02 4.254066e+01
         vertex -5.514753e+01 1.704415e+02 4.846786e+01
      endloop
   endfacet
   facet normal -7.802957e-01 9.864220e-02 6.175827e-01
      outer loop
         vertex -5.791044e+01 1.942780e+02 4.116977e+01
         vertex -5.514753e+01 1.704415e+02 4.846786e+01
         vertex -5.337039e+01 1.942780e+02 4.690598e+01
      endloop
   endfacet
   facet normal -7.824293e-01 6.562679e-02 6.192718e-01
      outer loop
         vertex -5.983876e+01 1.704415e+02 4.254066e+01
         vertex -6.121294e+01 1.448394e+02 4.351759e+01
         vertex -5.641398e+01 1.448394e+02 4.958091e+01
      endloop
   endfacet
   facet normal -7.824292e-01 6.562683e-02 6.192719e-01
      outer loop
         vertex -5.983876e+01 1.704415e+02 4.254066e+01
         vertex -5.641398e+01 1.448394e+02 4.958091e+01
         vertex -5.514753e+01 1.704415e+02 4.846786e+01
      endloop
   endfacet
   facet normal -6.721696e-01 3.450474e-01 6.550804e-01
      outer loop
         vertex -2.157435e+01 3.650903e+02 1.896119e+01
         vertex -2.781125e+01 3.425338e+02 2.444265e+01
         vertex -2.515063e+01 3.425338e+02 2.717268e+01
      endloop
   endfacet
   facet normal -6.721702e-01 3.450473e-01 6.550798e-01
      outer loop
         vertex -2.157435e+01 3.650903e+02 1.896119e+01
         vertex -2.515063e+01 3.425338e+02 2.717268e+01
         vertex -1.951040e+01 3.650903e+02 2.107899e+01
      endloop
   endfacet
   facet normal -6.801243e-01 3.131859e-01 6.628314e-01
      outer loop
         vertex -2.781125e+01 3.425338e+02 2.444265e+01
         vertex -3.341750e+01 3.199311e+02 2.936986e+01
         vertex -3.022055e+01 3.199311e+02 3.265022e+01
      endloop
   endfacet
   facet normal -6.801236e-01 3.131861e-01 6.628321e-01
      outer loop
         vertex -2.781125e+01 3.425338e+02 2.444265e+01
         vertex -3.022055e+01 3.199311e+02 3.265022e+01
         vertex -2.515063e+01 3.425338e+02 2.717268e+01
      endloop
   endfacet
   facet normal -6.869517e-01 2.826410e-01 6.694860e-01
      outer loop
         vertex -3.341750e+01 3.199311e+02 2.936986e+01
         vertex -3.782474e+01 3.000446e+02 3.324327e+01
         vertex -3.420615e+01 3.000446e+02 3.695625e+01
      endloop
   endfacet
   facet normal -6.869521e-01 2.826409e-01 6.694856e-01
      outer loop
         vertex -3.341750e+01 3.199311e+02 2.936986e+01
         vertex -3.420615e+01 3.000446e+02 3.695625e+01
         vertex -3.022055e+01 3.199311e+02 3.265022e+01
      endloop
   endfacet
   facet normal -6.901661e-01 2.669351e-01 6.726191e-01
      outer loop
         vertex -3.782474e+01 3.000446e+02 3.324327e+01
         vertex -3.817118e+01 2.983816e+02 3.354775e+01
         vertex -3.451945e+01 2.983816e+02 3.729474e+01
      endloop
   endfacet
   facet normal -6.901665e-01 2.669342e-01 6.726191e-01
      outer loop
         vertex -3.782474e+01 3.000446e+02 3.324327e+01
         vertex -3.451945e+01 2.983816e+02 3.729474e+01
         vertex -3.420615e+01 3.000446e+02 3.695625e+01
      endloop
   endfacet
   facet normal -6.908832e-01 2.632926e-01 6.733182e-01
      outer loop
         vertex -3.817118e+01 2.983816e+02 3.354775e+01
         vertex -3.885466e+01 2.950520e+02 3.414844e+01
         vertex -3.513754e+01 2.950520e+02 3.796252e+01
      endloop
   endfacet
   facet normal -6.908833e-01 2.632925e-01 6.733181e-01
      outer loop
         vertex -3.817118e+01 2.983816e+02 3.354775e+01
         vertex -3.513754e+01 2.950520e+02 3.796252e+01
         vertex -3.451945e+01 2.983816e+02 3.729474e+01
      endloop
   endfacet
   facet normal -6.922881e-01 2.559970e-01 6.746871e-01
      outer loop
         vertex -3.885466e+01 2.950520e+02 3.414844e+01
         vertex -4.018391e+01 2.883784e+02 3.531669e+01
         vertex -3.633963e+01 2.883784e+02 3.926126e+01
      endloop
   endfacet
   facet normal -6.922880e-01 2.559972e-01 6.746872e-01
      outer loop
         vertex -3.885466e+01 2.950520e+02 3.414844e+01
         vertex -3.633963e+01 2.883784e+02 3.926126e+01
         vertex -3.513754e+01 2.950520e+02 3.796252e+01
      endloop
   endfacet
   facet normal -6.949766e-01 2.413772e-01 6.773068e-01
      outer loop
         vertex -4.018391e+01 2.883784e+02 3.531669e+01
         vertex -4.269114e+01 2.749764e+02 3.752023e+01
         vertex -3.860700e+01 2.749764e+02 4.171092e+01
      endloop
   endfacet
   facet normal -6.949764e-01 2.413773e-01 6.773070e-01
      outer loop
         vertex -4.018391e+01 2.883784e+02 3.531669e+01
         vertex -3.860700e+01 2.749764e+02 4.171092e+01
         vertex -3.633963e+01 2.883784e+02 3.926126e+01
      endloop
   endfacet
   facet normal -6.994054e-01 2.149935e-01 6.816229e-01
      outer loop
         vertex -4.269114e+01 2.749764e+02 3.752023e+01
         vertex -4.647999e+01 2.520934e+02 4.085017e+01
         vertex -4.203339e+01 2.520934e+02 4.541278e+01
      endloop
   endfacet
   facet normal -6.994054e-01 2.149936e-01 6.816230e-01
      outer loop
         vertex -4.269114e+01 2.749764e+02 3.752023e+01
         vertex -4.203339e+01 2.520934e+02 4.541278e+01
         vertex -3.860700e+01 2.749764e+02 4.171092e+01
      endloop
   endfacet
   facet normal -7.042474e-01 1.815784e-01 6.863417e-01
      outer loop
         vertex -4.647999e+01 2.520934e+02 4.085017e+01
         vertex -4.968031e+01 2.290494e+02 4.366285e+01
         vertex -4.492754e+01 2.290494e+02 4.853962e+01
      endloop
   endfacet
   facet normal -7.042473e-01 1.815784e-01 6.863417e-01
      outer loop
         vertex -4.647999e+01 2.520934e+02 4.085017e+01
         vertex -4.492754e+01 2.290494e+02 4.853962e+01
         vertex -4.203339e+01 2.520934e+02 4.541278e+01
      endloop
   endfacet
   facet normal -7.069937e-01 1.594140e-01 6.890189e-01
      outer loop
         vertex -4.968031e+01 2.290494e+02 4.366285e+01
         vertex -5.057337e+01 2.216963e+02 4.444774e+01
         vertex -4.573516e+01 2.216963e+02 4.941216e+01
      endloop
   endfacet
   facet normal -7.069941e-01 1.594135e-01 6.890186e-01
      outer loop
         vertex -4.968031e+01 2.290494e+02 4.366285e+01
         vertex -4.573516e+01 2.216963e+02 4.941216e+01
         vertex -4.492754e+01 2.290494e+02 4.853962e+01
      endloop
   endfacet
   facet normal -7.077510e-01 1.527220e-01 6.897568e-01
      outer loop
         vertex -5.057337e+01 2.216963e+02 4.444774e+01
         vertex -5.078531e+01 2.198728e+02 4.463401e+01
         vertex -4.592683e+01 2.198728e+02 4.961924e+01
      endloop
   endfacet
   facet normal -7.077509e-01 1.527225e-01 6.897568e-01
      outer loop
         vertex -5.057337e+01 2.216963e+02 4.444774e+01
         vertex -4.592683e+01 2.198728e+02 4.961924e+01
         vertex -4.573516e+01 2.216963e+02 4.941216e+01
      endloop
   endfacet
   facet normal -7.081847e-01 1.487531e-01 6.901789e-01
      outer loop
         vertex -5.078531e+01 2.198728e+02 4.463401e+01
         vertex -5.119817e+01 2.162238e+02 4.499686e+01
         vertex -4.630019e+01 2.162238e+02 5.002262e+01
      endloop
   endfacet
   facet normal -7.081844e-01 1.487537e-01 6.901791e-01
      outer loop
         vertex -5.078531e+01 2.198728e+02 4.463401e+01
         vertex -4.630019e+01 2.162238e+02 5.002262e+01
         vertex -4.592683e+01 2.198728e+02 4.961924e+01
      endloop
   endfacet
   facet normal -7.090116e-01 1.408621e-01 6.909851e-01
      outer loop
         vertex -5.119817e+01 2.162238e+02 4.499686e+01
         vertex -5.197999e+01 2.089180e+02 4.568398e+01
         vertex -4.700721e+01 2.089180e+02 5.078649e+01
      endloop
   endfacet
   facet normal -7.090117e-01 1.408619e-01 6.909850e-01
      outer loop
         vertex -5.119817e+01 2.162238e+02 4.499686e+01
         vertex -4.700721e+01 2.089180e+02 5.078649e+01
         vertex -4.630019e+01 2.162238e+02 5.002262e+01
      endloop
   endfacet
   facet normal -7.105102e-01 1.252781e-01 6.924454e-01
      outer loop
         vertex -5.197999e+01 2.089180e+02 4.568398e+01
         vertex -5.337039e+01 1.942780e+02 4.690598e+01
         vertex -4.826460e+01 1.942780e+02 5.214497e+01
      endloop
   endfacet
   facet normal -7.105101e-01 1.252782e-01 6.924455e-01
      outer loop
         vertex -5.197999e+01 2.089180e+02 4.568398e+01
         vertex -4.826460e+01 1.942780e+02 5.214497e+01
         vertex -4.700721e+01 2.089180e+02 5.078649e+01
      endloop
   endfacet
   facet normal -7.126596e-01 9.864220e-02 6.945401e-01
      outer loop
         vertex -5.337039e+01 1.942780e+02 4.690598e+01
         vertex -5.514753e+01 1.704415e+02 4.846786e+01
         vertex -4.987173e+01 1.704415e+02 5.388131e+01
      endloop
   endfacet
   facet normal -7.126596e-01 9.864223e-02 6.945402e-01
      outer loop
         vertex -5.337039e+01 1.942780e+02 4.690598e+01
         vertex -4.987173e+01 1.704415e+02 5.388131e+01
         vertex -4.826460e+01 1.942780e+02 5.214497e+01
      endloop
   endfacet
   facet normal -7.146083e-01 6.562682e-02 6.964395e-01
      outer loop
         vertex -5.514753e+01 1.704415e+02 4.846786e+01
         vertex -5.641398e+01 1.448394e+02 4.958091e+01
         vertex -5.101702e+01 1.448394e+02 5.511867e+01
      endloop
   endfacet
   facet normal -7.146085e-01 6.562676e-02 6.964394e-01
      outer loop
         vertex -5.514753e+01 1.704415e+02 4.846786e+01
         vertex -5.101702e+01 1.448394e+02 5.511867e+01
         vertex -4.987173e+01 1.704415e+02 5.388131e+01
      endloop
   endfacet
   facet normal -6.012516e-01 3.450473e-01 7.207211e-01
      outer loop
         vertex -1.951040e+01 3.650903e+02 2.107899e+01
         vertex -2.515063e+01 3.425338e+02 2.717268e+01
         vertex -2.222341e+01 3.425338e+02 2.961468e+01
      endloop
   endfacet
   facet normal -6.012513e-01 3.450474e-01 7.207213e-01
      outer loop
         vertex -1.951040e+01 3.650903e+02 2.107899e+01
         vertex -2.222341e+01 3.425338e+02 2.961468e+01
         vertex -1.723962e+01 3.650903e+02 2.297334e+01
      endloop
   endfacet
   facet normal -6.083657e-01 3.131861e-01 7.292500e-01
      outer loop
         vertex -2.515063e+01 3.425338e+02 2.717268e+01
         vertex -3.022055e+01 3.199311e+02 3.265022e+01
         vertex -2.670325e+01 3.199311e+02 3.558447e+01
      endloop
   endfacet
   facet normal -6.083664e-01 3.131859e-01 7.292495e-01
      outer loop
         vertex -2.515063e+01 3.425338e+02 2.717268e+01
         vertex -2.670325e+01 3.199311e+02 3.558447e+01
         vertex -2.222341e+01 3.425338e+02 2.961468e+01
      endloop
   endfacet
   facet normal -6.144737e-01 2.826409e-01 7.365705e-01
      outer loop
         vertex -3.022055e+01 3.199311e+02 3.265022e+01
         vertex -3.420615e+01 3.000446e+02 3.695625e+01
         vertex -3.022498e+01 3.000446e+02 4.027749e+01
      endloop
   endfacet
   facet normal -6.144731e-01 2.826411e-01 7.365710e-01
      outer loop
         vertex -3.022055e+01 3.199311e+02 3.265022e+01
         vertex -3.022498e+01 3.000446e+02 4.027749e+01
         vertex -2.670325e+01 3.199311e+02 3.558447e+01
      endloop
   endfacet
   facet normal -6.173490e-01 2.669340e-01 7.400179e-01
      outer loop
         vertex -3.420615e+01 3.000446e+02 3.695625e+01
         vertex -3.451945e+01 2.983816e+02 3.729474e+01
         vertex -3.050181e+01 2.983816e+02 4.064640e+01
      endloop
   endfacet
   facet normal -6.173496e-01 2.669326e-01 7.400179e-01
      outer loop
         vertex -3.420615e+01 3.000446e+02 3.695625e+01
         vertex -3.050181e+01 2.983816e+02 4.064640e+01
         vertex -3.022498e+01 3.000446e+02 4.027749e+01
      endloop
   endfacet
   facet normal -6.179905e-01 2.632925e-01 7.407866e-01
      outer loop
         vertex -3.451945e+01 2.983816e+02 3.729474e+01
         vertex -3.513754e+01 2.950520e+02 3.796252e+01
         vertex -3.104797e+01 2.950520e+02 4.137419e+01
      endloop
   endfacet
   facet normal -6.179903e-01 2.632929e-01 7.407866e-01
      outer loop
         vertex -3.451945e+01 2.983816e+02 3.729474e+01
         vertex -3.104797e+01 2.950520e+02 4.137419e+01
         vertex -3.050181e+01 2.983816e+02 4.064640e+01
      endloop
   endfacet
   facet normal -6.192473e-01 2.559972e-01 7.422926e-01
      outer loop
         vertex -3.513754e+01 2.950520e+02 3.796252e+01
         vertex -3.633963e+01 2.883784e+02 3.926126e+01
         vertex -3.211015e+01 2.883784e+02 4.278965e+01
      endloop
   endfacet
   facet normal -6.192470e-01 2.559974e-01 7.422927e-01
      outer loop
         vertex -3.513754e+01 2.950520e+02 3.796252e+01
         vertex -3.211015e+01 2.883784e+02 4.278965e+01
         vertex -3.104797e+01 2.950520e+02 4.137419e+01
      endloop
   endfacet
   facet normal -6.216514e-01 2.413773e-01 7.451755e-01
      outer loop
         vertex -3.633963e+01 2.883784e+02 3.926126e+01
         vertex -3.860700e+01 2.749764e+02 4.171092e+01
         vertex -3.411362e+01 2.749764e+02 4.545945e+01
      endloop
   endfacet
   facet normal -6.216520e-01 2.413770e-01 7.451751e-01
      outer loop
         vertex -3.633963e+01 2.883784e+02 3.926126e+01
         vertex -3.411362e+01 2.749764e+02 4.545945e+01
         vertex -3.211015e+01 2.883784e+02 4.278965e+01
      endloop
   endfacet
   facet normal -6.256132e-01 2.149936e-01 7.499239e-01
      outer loop
         vertex -3.860700e+01 2.749764e+02 4.171092e+01
         vertex -4.203339e+01 2.520934e+02 4.541278e+01
         vertex -3.714122e+01 2.520934e+02 4.949400e+01
      endloop
   endfacet
   facet normal -6.256128e-01 2.149937e-01 7.499242e-01
      outer loop
         vertex -3.860700e+01 2.749764e+02 4.171092e+01
         vertex -3.714122e+01 2.520934e+02 4.949400e+01
         vertex -3.411362e+01 2.749764e+02 4.545945e+01
      endloop
   endfacet
   facet normal -6.299441e-01 1.815784e-01 7.551157e-01
      outer loop
         vertex -4.203339e+01 2.520934e+02 4.541278e+01
         vertex -4.492754e+01 2.290494e+02 4.853962e+01
         vertex -3.969853e+01 2.290494e+02 5.290184e+01
      endloop
   endfacet
   facet normal -6.299442e-01 1.815783e-01 7.551156e-01
      outer loop
         vertex -4.203339e+01 2.520934e+02 4.541278e+01
         vertex -3.969853e+01 2.290494e+02 5.290184e+01
         vertex -3.714122e+01 2.520934e+02 4.949400e+01
      endloop
   endfacet
   facet normal -6.324012e-01 1.594135e-01 7.580607e-01
      outer loop
         vertex -4.492754e+01 2.290494e+02 4.853962e+01
         vertex -4.573516e+01 2.216963e+02 4.941216e+01
         vertex -4.041215e+01 2.216963e+02 5.385281e+01
      endloop
   endfacet
   facet normal -6.324010e-01 1.594137e-01 7.580608e-01
      outer loop
         vertex -4.492754e+01 2.290494e+02 4.853962e+01
         vertex -4.041215e+01 2.216963e+02 5.385281e+01
         vertex -3.969853e+01 2.290494e+02 5.290184e+01
      endloop
   endfacet
   facet normal -6.330785e-01 1.527225e-01 7.588725e-01
      outer loop
         vertex -4.573516e+01 2.216963e+02 4.941216e+01
         vertex -4.592683e+01 2.198728e+02 4.961924e+01
         vertex -4.058151e+01 2.198728e+02 5.407850e+01
      endloop
   endfacet
   facet normal -6.330783e-01 1.527231e-01 7.588725e-01
      outer loop
         vertex -4.573516e+01 2.216963e+02 4.941216e+01
         vertex -4.058151e+01 2.198728e+02 5.407850e+01
         vertex -4.041215e+01 2.216963e+02 5.385281e+01
      endloop
   endfacet
   facet normal -6.334659e-01 1.487537e-01 7.593374e-01
      outer loop
         vertex -4.592683e+01 2.198728e+02 4.961924e+01
         vertex -4.630019e+01 2.162238e+02 5.002262e+01
         vertex -4.091142e+01 2.162238e+02 5.451812e+01
      endloop
   endfacet
   facet normal -6.334663e-01 1.487531e-01 7.593372e-01
      outer loop
         vertex -4.592683e+01 2.198728e+02 4.961924e+01
         vertex -4.091142e+01 2.162238e+02 5.451812e+01
         vertex -4.058151e+01 2.198728e+02 5.407850e+01
      endloop
   endfacet
   facet normal -6.342058e-01 1.408619e-01 7.602243e-01
      outer loop
         vertex -4.630019e+01 2.162238e+02 5.002262e+01
         vertex -4.700721e+01 2.089180e+02 5.078649e+01
         vertex -4.153615e+01 2.089180e+02 5.535064e+01
      endloop
   endfacet
   facet normal -6.342058e-01 1.408619e-01 7.602242e-01
      outer loop
         vertex -4.630019e+01 2.162238e+02 5.002262e+01
         vertex -4.153615e+01 2.089180e+02 5.535064e+01
         vertex -4.091142e+01 2.162238e+02 5.451812e+01
      endloop
   endfacet
   facet normal -6.355462e-01 1.252782e-01 7.618309e-01
      outer loop
         vertex -4.700721e+01 2.089180e+02 5.078649e+01
         vertex -4.826460e+01 1.942780e+02 5.214497e+01
         vertex -4.264720e+01 1.942780e+02 5.683121e+01
      endloop
   endfacet
   facet normal -6.355462e-01 1.252782e-01 7.618310e-01
      outer loop
         vertex -4.700721e+01 2.089180e+02 5.078649e+01
         vertex -4.264720e+01 1.942780e+02 5.683121e+01
         vertex -4.153615e+01 2.089180e+02 5.535064e+01
      endloop
   endfacet
   facet normal -6.374689e-01 9.864222e-02 7.641355e-01
      outer loop
         vertex -4.826460e+01 1.942780e+02 5.214497e+01
         vertex -4.987173e+01 1.704415e+02 5.388131e+01
         vertex -4.406728e+01 1.704415e+02 5.872359e+01
      endloop
   endfacet
   facet normal -6.374688e-01 9.864224e-02 7.641356e-01
      outer loop
         vertex -4.826460e+01 1.942780e+02 5.214497e+01
         vertex -4.406728e+01 1.704415e+02 5.872359e+01
         vertex -4.264720e+01 1.942780e+02 5.683121e+01
      endloop
   endfacet
   facet normal -6.392122e-01 6.562677e-02 7.662251e-01
      outer loop
         vertex -4.987173e+01 1.704415e+02 5.388131e+01
         vertex -5.101702e+01 1.448394e+02 5.511867e+01
         vertex -4.507927e+01 1.448394e+02 6.007215e+01
      endloop
   endfacet
   facet normal -6.392121e-01 6.562680e-02 7.662252e-01
      outer loop
         vertex -4.987173e+01 1.704415e+02 5.388131e+01
         vertex -4.507927e+01 1.448394e+02 6.007215e+01
         vertex -4.406728e+01 1.704415e+02 5.872359e+01
      endloop
   endfacet
   facet normal -5.239592e-01 3.450474e-01 7.787227e-01
      outer loop
         vertex -1.723962e+01 3.650903e+02 2.297334e+01
         vertex -2.222341e+01 3.425338e+02 2.961468e+01
         vertex -1.906061e+01 3.425338e+02 3.174275e+01
      endloop
   endfacet
   facet normal -5.239593e-01 3.450473e-01 7.787226e-01
      outer loop
         vertex -1.723962e+01 3.650903e+02 2.297334e+01
         vertex -1.906061e+01 3.425338e+02 3.174275e+01
         vertex -1.478611e+01 3.650903e+02 2.462418e+01
      endloop
   endfacet
   facet normal -5.301595e-01 3.131859e-01 7.879375e-01
      outer loop
         vertex -2.222341e+01 3.425338e+02 2.961468e+01
         vertex -2.670325e+01 3.199311e+02 3.558447e+01
         vertex -2.290289e+01 3.199311e+02 3.814152e+01
      endloop
   endfacet
   facet normal -5.301594e-01 3.131860e-01 7.879376e-01
      outer loop
         vertex -2.222341e+01 3.425338e+02 2.961468e+01
         vertex -2.290289e+01 3.199311e+02 3.814152e+01
         vertex -1.906061e+01 3.425338e+02 3.174275e+01
      endloop
   endfacet
   facet normal -5.354814e-01 2.826411e-01 7.958478e-01
      outer loop
         vertex -2.670325e+01 3.199311e+02 3.558447e+01
         vertex -3.022498e+01 3.000446e+02 4.027749e+01
         vertex -2.592341e+01 3.000446e+02 4.317178e+01
      endloop
   endfacet
   facet normal -5.354817e-01 2.826410e-01 7.958476e-01
      outer loop
         vertex -2.670325e+01 3.199311e+02 3.558447e+01
         vertex -2.592341e+01 3.000446e+02 4.317178e+01
         vertex -2.290289e+01 3.199311e+02 3.814152e+01
      endloop
   endfacet
   facet normal -5.379880e-01 2.669325e-01 7.995723e-01
      outer loop
         vertex -3.022498e+01 3.000446e+02 4.027749e+01
         vertex -3.050181e+01 2.983816e+02 4.064640e+01
         vertex -2.616085e+01 2.983816e+02 4.356719e+01
      endloop
   endfacet
   facet normal -5.379874e-01 2.669340e-01 7.995723e-01
      outer loop
         vertex -3.022498e+01 3.000446e+02 4.027749e+01
         vertex -2.616085e+01 2.983816e+02 4.356719e+01
         vertex -2.592341e+01 3.000446e+02 4.317178e+01
      endloop
   endfacet
   facet normal -5.385467e-01 2.632928e-01 8.004026e-01
      outer loop
         vertex -3.050181e+01 2.983816e+02 4.064640e+01
         vertex -3.104797e+01 2.950520e+02 4.137419e+01
         vertex -2.662927e+01 2.950520e+02 4.434729e+01
      endloop
   endfacet
   facet normal -5.385466e-01 2.632929e-01 8.004026e-01
      outer loop
         vertex -3.050181e+01 2.983816e+02 4.064640e+01
         vertex -2.662927e+01 2.950520e+02 4.434729e+01
         vertex -2.616085e+01 2.983816e+02 4.356719e+01
      endloop
   endfacet
   facet normal -5.396415e-01 2.559974e-01 8.020302e-01
      outer loop
         vertex -3.104797e+01 2.950520e+02 4.137419e+01
         vertex -3.211015e+01 2.883784e+02 4.278965e+01
         vertex -2.754029e+01 2.883784e+02 4.586445e+01
      endloop
   endfacet
   facet normal -5.396418e-01 2.559972e-01 8.020301e-01
      outer loop
         vertex -3.104797e+01 2.950520e+02 4.137419e+01
         vertex -2.754029e+01 2.883784e+02 4.586445e+01
         vertex -2.662927e+01 2.950520e+02 4.434729e+01
      endloop
   endfacet
   facet normal -5.417372e-01 2.413770e-01 8.051447e-01
      outer loop
         vertex -3.211015e+01 2.883784e+02 4.278965e+01
         vertex -3.411362e+01 2.749764e+02 4.545945e+01
         vertex -2.925863e+01 2.749764e+02 4.872611e+01
      endloop
   endfacet
   facet normal -5.417371e-01 2.413770e-01 8.051447e-01
      outer loop
         vertex -3.211015e+01 2.883784e+02 4.278965e+01
         vertex -2.925863e+01 2.749764e+02 4.872611e+01
         vertex -2.754029e+01 2.883784e+02 4.586445e+01
      endloop
   endfacet
   facet normal -5.451896e-01 2.149937e-01 8.102753e-01
      outer loop
         vertex -3.411362e+01 2.749764e+02 4.545945e+01
         vertex -3.714122e+01 2.520934e+02 4.949400e+01
         vertex -3.185534e+01 2.520934e+02 5.305057e+01
      endloop
   endfacet
   facet normal -5.451894e-01 2.149937e-01 8.102754e-01
      outer loop
         vertex -3.411362e+01 2.749764e+02 4.545945e+01
         vertex -3.185534e+01 2.520934e+02 5.305057e+01
         vertex -2.925863e+01 2.749764e+02 4.872611e+01
      endloop
   endfacet
   facet normal -5.489639e-01 1.815783e-01 8.158848e-01
      outer loop
         vertex -3.714122e+01 2.520934e+02 4.949400e+01
         vertex -3.969853e+01 2.290494e+02 5.290184e+01
         vertex -3.404870e+01 2.290494e+02 5.670330e+01
      endloop
   endfacet
   facet normal -5.489639e-01 1.815783e-01 8.158847e-01
      outer loop
         vertex -3.714122e+01 2.520934e+02 4.949400e+01
         vertex -3.404870e+01 2.290494e+02 5.670330e+01
         vertex -3.185534e+01 2.520934e+02 5.305057e+01
      endloop
   endfacet
   facet normal -5.511050e-01 1.594137e-01 8.190669e-01
      outer loop
         vertex -3.969853e+01 2.290494e+02 5.290184e+01
         vertex -4.041215e+01 2.216963e+02 5.385281e+01
         vertex -3.466076e+01 2.216963e+02 5.772260e+01
      endloop
   endfacet
   facet normal -5.511050e-01 1.594137e-01 8.190669e-01
      outer loop
         vertex -3.969853e+01 2.290494e+02 5.290184e+01
         vertex -3.466076e+01 2.216963e+02 5.772260e+01
         vertex -3.404870e+01 2.290494e+02 5.670330e+01
      endloop
   endfacet
   facet normal -5.516951e-01 1.527233e-01 8.199439e-01
      outer loop
         vertex -4.041215e+01 2.216963e+02 5.385281e+01
         vertex -4.058151e+01 2.198728e+02 5.407850e+01
         vertex -3.480602e+01 2.198728e+02 5.796451e+01
      endloop
   endfacet
   facet normal -5.516952e-01 1.527232e-01 8.199439e-01
      outer loop
         vertex -4.041215e+01 2.216963e+02 5.385281e+01
         vertex -3.480602e+01 2.198728e+02 5.796451e+01
         vertex -3.466076e+01 2.216963e+02 5.772260e+01
      endloop
   endfacet
   facet normal -5.520331e-01 1.487531e-01 8.204462e-01
      outer loop
         vertex -4.058151e+01 2.198728e+02 5.407850e+01
         vertex -4.091142e+01 2.162238e+02 5.451812e+01
         vertex -3.508897e+01 2.162238e+02 5.843572e+01
      endloop
   endfacet
   facet normal -5.520331e-01 1.487530e-01 8.204462e-01
      outer loop
         vertex -4.058151e+01 2.198728e+02 5.407850e+01
         vertex -3.508897e+01 2.162238e+02 5.843572e+01
         vertex -3.480602e+01 2.198728e+02 5.796451e+01
      endloop
   endfacet
   facet normal -5.526778e-01 1.408619e-01 8.214044e-01
      outer loop
         vertex -4.091142e+01 2.162238e+02 5.451812e+01
         vertex -4.153615e+01 2.089180e+02 5.535064e+01
         vertex -3.562480e+01 2.089180e+02 5.932806e+01
      endloop
   endfacet
   facet normal -5.526778e-01 1.408619e-01 8.214044e-01
      outer loop
         vertex -4.091142e+01 2.162238e+02 5.451812e+01
         vertex -3.562480e+01 2.089180e+02 5.932806e+01
         vertex -3.508897e+01 2.162238e+02 5.843572e+01
      endloop
   endfacet
   facet normal -5.538458e-01 1.252782e-01 8.231404e-01
      outer loop
         vertex -4.153615e+01 2.089180e+02 5.535064e+01
         vertex -4.264720e+01 1.942780e+02 5.683121e+01
         vertex -3.657772e+01 1.942780e+02 6.091502e+01
      endloop
   endfacet
   facet normal -5.538459e-01 1.252782e-01 8.231404e-01
      outer loop
         vertex -4.153615e+01 2.089180e+02 5.535064e+01
         vertex -3.657772e+01 1.942780e+02 6.091502e+01
         vertex -3.562480e+01 2.089180e+02 5.932806e+01
      endloop
   endfacet
   facet normal -5.555212e-01 9.864223e-02 8.256306e-01
      outer loop
         vertex -4.264720e+01 1.942780e+02 5.683121e+01
         vertex -4.406728e+01 1.704415e+02 5.872359e+01
         vertex -3.779570e+01 1.704415e+02 6.294339e+01
      endloop
   endfacet
   facet normal -5.555213e-01 9.864219e-02 8.256306e-01
      outer loop
         vertex -4.264720e+01 1.942780e+02 5.683121e+01
         vertex -3.779570e+01 1.704415e+02 6.294339e+01
         vertex -3.657772e+01 1.942780e+02 6.091502e+01
      endloop
   endfacet
   facet normal -5.570406e-01 6.562681e-02 8.278882e-01
      outer loop
         vertex -4.406728e+01 1.704415e+02 5.872359e+01
         vertex -4.507927e+01 1.448394e+02 6.007215e+01
         vertex -3.866366e+01 1.448394e+02 6.438886e+01
      endloop
   endfacet
   facet normal -5.570403e-01 6.562690e-02 8.278884e-01
      outer loop
         vertex -4.406728e+01 1.704415e+02 5.872359e+01
         vertex -3.866366e+01 1.448394e+02 6.438886e+01
         vertex -3.779570e+01 1.704415e+02 6.294339e+01
      endloop
   endfacet
   facet normal -4.411136e-01 3.450473e-01 8.284692e-01
      outer loop
         vertex -1.478611e+01 3.650903e+02 2.462418e+01
         vertex -1.906061e+01 3.425338e+02 3.174275e+01
         vertex -1.569576e+01 3.425338e+02 3.353434e+01
      endloop
   endfacet
   facet normal -4.411134e-01 3.450474e-01 8.284692e-01
      outer loop
         vertex -1.478611e+01 3.650903e+02 2.462418e+01
         vertex -1.569576e+01 3.425338e+02 3.353434e+01
         vertex -1.217586e+01 3.650903e+02 2.601399e+01
      endloop
   endfacet
   facet normal -4.463332e-01 3.131860e-01 8.382728e-01
      outer loop
         vertex -1.906061e+01 3.425338e+02 3.174275e+01
         vertex -2.290289e+01 3.199311e+02 3.814152e+01
         vertex -1.885975e+01 3.199311e+02 4.029427e+01
      endloop
   endfacet
   facet normal -4.463334e-01 3.131859e-01 8.382727e-01
      outer loop
         vertex -1.906061e+01 3.425338e+02 3.174275e+01
         vertex -1.885975e+01 3.199311e+02 4.029427e+01
         vertex -1.569576e+01 3.425338e+02 3.353434e+01
      endloop
   endfacet
   facet normal -4.508140e-01 2.826410e-01 8.466881e-01
      outer loop
         vertex -2.290289e+01 3.199311e+02 3.814152e+01
         vertex -2.592341e+01 3.000446e+02 4.317178e+01
         vertex -2.134705e+01 3.000446e+02 4.560843e+01
      endloop
   endfacet
   facet normal -4.508139e-01 2.826410e-01 8.466882e-01
      outer loop
         vertex -2.290289e+01 3.199311e+02 3.814152e+01
         vertex -2.134705e+01 3.000446e+02 4.560843e+01
         vertex -1.885975e+01 3.199311e+02 4.029427e+01
      endloop
   endfacet
   facet normal -4.529235e-01 2.669340e-01 8.506507e-01
      outer loop
         vertex -2.592341e+01 3.000446e+02 4.317178e+01
         vertex -2.616085e+01 2.983816e+02 4.356719e+01
         vertex -2.154257e+01 2.983816e+02 4.602617e+01
      endloop
   endfacet
   facet normal -4.529239e-01 2.669331e-01 8.506507e-01
      outer loop
         vertex -2.592341e+01 3.000446e+02 4.317178e+01
         vertex -2.154257e+01 2.983816e+02 4.602617e+01
         vertex -2.134705e+01 3.000446e+02 4.560843e+01
      endloop
   endfacet
   facet normal -4.533940e-01 2.632929e-01 8.515343e-01
      outer loop
         vertex -2.616085e+01 2.983816e+02 4.356719e+01
         vertex -2.662927e+01 2.950520e+02 4.434729e+01
         vertex -2.192830e+01 2.950520e+02 4.685029e+01
      endloop
   endfacet
   facet normal -4.533940e-01 2.632929e-01 8.515343e-01
      outer loop
         vertex -2.616085e+01 2.983816e+02 4.356719e+01
         vertex -2.192830e+01 2.950520e+02 4.685029e+01
         vertex -2.154257e+01 2.983816e+02 4.602617e+01
      endloop
   endfacet
   facet normal -4.543163e-01 2.559972e-01 8.532656e-01
      outer loop
         vertex -2.662927e+01 2.950520e+02 4.434729e+01
         vertex -2.754029e+01 2.883784e+02 4.586445e+01
         vertex -2.267849e+01 2.883784e+02 4.845309e+01
      endloop
   endfacet
   facet normal -4.543159e-01 2.559975e-01 8.532657e-01
      outer loop
         vertex -2.662927e+01 2.950520e+02 4.434729e+01
         vertex -2.267849e+01 2.883784e+02 4.845309e+01
         vertex -2.192830e+01 2.950520e+02 4.685029e+01
      endloop
   endfacet
   facet normal -4.560804e-01 2.413770e-01 8.565791e-01
      outer loop
         vertex -2.754029e+01 2.883784e+02 4.586445e+01
         vertex -2.925863e+01 2.749764e+02 4.872611e+01
         vertex -2.409349e+01 2.749764e+02 5.147626e+01
      endloop
   endfacet
   facet normal -4.560805e-01 2.413770e-01 8.565791e-01
      outer loop
         vertex -2.754029e+01 2.883784e+02 4.586445e+01
         vertex -2.409349e+01 2.749764e+02 5.147626e+01
         vertex -2.267849e+01 2.883784e+02 4.845309e+01
      endloop
   endfacet
   facet normal -4.589862e-01 2.149937e-01 8.620379e-01
      outer loop
         vertex -2.925863e+01 2.749764e+02 4.872611e+01
         vertex -3.185534e+01 2.520934e+02 5.305057e+01
         vertex -2.623179e+01 2.520934e+02 5.604479e+01
      endloop
   endfacet
   facet normal -4.589868e-01 2.149936e-01 8.620377e-01
      outer loop
         vertex -2.925863e+01 2.749764e+02 4.872611e+01
         vertex -2.623179e+01 2.520934e+02 5.604479e+01
         vertex -2.409349e+01 2.749764e+02 5.147626e+01
      endloop
   endfacet
   facet normal -4.621640e-01 1.815783e-01 8.680056e-01
      outer loop
         vertex -3.185534e+01 2.520934e+02 5.305057e+01
         vertex -3.404870e+01 2.290494e+02 5.670330e+01
         vertex -2.803795e+01 2.290494e+02 5.990369e+01
      endloop
   endfacet
   facet normal -4.621637e-01 1.815784e-01 8.680058e-01
      outer loop
         vertex -3.185534e+01 2.520934e+02 5.305057e+01
         vertex -2.803795e+01 2.290494e+02 5.990369e+01
         vertex -2.623179e+01 2.520934e+02 5.604479e+01
      endloop
   endfacet
   facet normal -4.639663e-01 1.594137e-01 8.713911e-01
      outer loop
         vertex -3.404870e+01 2.290494e+02 5.670330e+01
         vertex -3.466076e+01 2.216963e+02 5.772260e+01
         vertex -2.854196e+01 2.216963e+02 6.098051e+01
      endloop
   endfacet
   facet normal -4.639666e-01 1.594135e-01 8.713911e-01
      outer loop
         vertex -3.404870e+01 2.290494e+02 5.670330e+01
         vertex -2.854196e+01 2.216963e+02 6.098051e+01
         vertex -2.803795e+01 2.290494e+02 5.990369e+01
      endloop
   endfacet
   facet normal -4.644630e-01 1.527232e-01 8.723243e-01
      outer loop
         vertex -3.466076e+01 2.216963e+02 5.772260e+01
         vertex -3.480602e+01 2.198728e+02 5.796451e+01
         vertex -2.866158e+01 2.198728e+02 6.123608e+01
      endloop
   endfacet
   facet normal -4.644632e-01 1.527226e-01 8.723243e-01
      outer loop
         vertex -3.466076e+01 2.216963e+02 5.772260e+01
         vertex -2.866158e+01 2.198728e+02 6.123608e+01
         vertex -2.854196e+01 2.216963e+02 6.098051e+01
      endloop
   endfacet
   facet normal -4.647478e-01 1.487531e-01 8.728585e-01
      outer loop
         vertex -3.480602e+01 2.198728e+02 5.796451e+01
         vertex -3.508897e+01 2.162238e+02 5.843572e+01
         vertex -2.889458e+01 2.162238e+02 6.173389e+01
      endloop
   endfacet
   facet normal -4.647475e-01 1.487537e-01 8.728586e-01
      outer loop
         vertex -3.480602e+01 2.198728e+02 5.796451e+01
         vertex -2.889458e+01 2.162238e+02 6.173389e+01
         vertex -2.866158e+01 2.198728e+02 6.123608e+01
      endloop
   endfacet
   facet normal -4.652906e-01 1.408619e-01 8.738779e-01
      outer loop
         vertex -3.508897e+01 2.162238e+02 5.843572e+01
         vertex -3.562480e+01 2.089180e+02 5.932806e+01
         vertex -2.933581e+01 2.089180e+02 6.267659e+01
      endloop
   endfacet
   facet normal -4.652906e-01 1.408619e-01 8.738779e-01
      outer loop
         vertex -3.508897e+01 2.162238e+02 5.843572e+01
         vertex -2.933581e+01 2.089180e+02 6.267659e+01
         vertex -2.889458e+01 2.162238e+02 6.173389e+01
      endloop
   endfacet
   facet normal -4.662744e-01 1.252782e-01 8.757246e-01
      outer loop
         vertex -3.562480e+01 2.089180e+02 5.932806e+01
         vertex -3.657772e+01 1.942780e+02 6.091502e+01
         vertex -3.012051e+01 1.942780e+02 6.435313e+01
      endloop
   endfacet
   facet normal -4.662740e-01 1.252784e-01 8.757248e-01
      outer loop
         vertex -3.562480e+01 2.089180e+02 5.932806e+01
         vertex -3.012051e+01 1.942780e+02 6.435313e+01
         vertex -2.933581e+01 2.089180e+02 6.267659e+01
      endloop
   endfacet
   facet normal -4.676849e-01 9.864218e-02 8.783738e-01
      outer loop
         vertex -3.657772e+01 1.942780e+02 6.091502e+01
         vertex -3.779570e+01 1.704415e+02 6.294339e+01
         vertex -3.112347e+01 1.704415e+02 6.649597e+01
      endloop
   endfacet
   facet normal -4.676850e-01 9.864215e-02 8.783738e-01
      outer loop
         vertex -3.657772e+01 1.942780e+02 6.091502e+01
         vertex -3.112347e+01 1.704415e+02 6.649597e+01
         vertex -3.012051e+01 1.942780e+02 6.435313e+01
      endloop
   endfacet
   facet normal -4.689631e-01 6.562690e-02 8.807762e-01
      outer loop
         vertex -3.779570e+01 1.704415e+02 6.294339e+01
         vertex -3.866366e+01 1.448394e+02 6.438886e+01
         vertex -3.183821e+01 1.448394e+02 6.802303e+01
      endloop
   endfacet
   facet normal -4.689638e-01 6.562665e-02 8.807758e-01
      outer loop
         vertex -3.779570e+01 1.704415e+02 6.294339e+01
         vertex -3.183821e+01 1.448394e+02 6.802303e+01
         vertex -3.112347e+01 1.704415e+02 6.649597e+01
      endloop
   endfacet
   facet normal -3.535907e-01 3.450474e-01 8.694343e-01
      outer loop
         vertex -1.217586e+01 3.650903e+02 2.601399e+01
         vertex -1.569576e+01 3.425338e+02 3.353434e+01
         vertex -1.216454e+01 3.425338e+02 3.497046e+01
      endloop
   endfacet
   facet normal -3.535911e-01 3.450473e-01 8.694341e-01
      outer loop
         vertex -1.217586e+01 3.650903e+02 2.601399e+01
         vertex -1.216454e+01 3.425338e+02 3.497046e+01
         vertex -9.436543e+00 3.650903e+02 2.712804e+01
      endloop
   endfacet
   facet normal -3.577752e-01 3.131859e-01 8.797224e-01
      outer loop
         vertex -1.569576e+01 3.425338e+02 3.353434e+01
         vertex -1.885975e+01 3.199311e+02 4.029427e+01
         vertex -1.461670e+01 3.199311e+02 4.201988e+01
      endloop
   endfacet
   facet normal -3.577749e-01 3.131860e-01 8.797225e-01
      outer loop
         vertex -1.569576e+01 3.425338e+02 3.353434e+01
         vertex -1.461670e+01 3.199311e+02 4.201988e+01
         vertex -1.216454e+01 3.425338e+02 3.497046e+01
      endloop
   endfacet
   facet normal -3.613670e-01 2.826410e-01 8.885539e-01
      outer loop
         vertex -1.885975e+01 3.199311e+02 4.029427e+01
         vertex -2.134705e+01 3.000446e+02 4.560843e+01
         vertex -1.654440e+01 3.000446e+02 4.756163e+01
      endloop
   endfacet
   facet normal -3.613669e-01 2.826411e-01 8.885539e-01
      outer loop
         vertex -1.885975e+01 3.199311e+02 4.029427e+01
         vertex -1.654440e+01 3.000446e+02 4.756163e+01
         vertex -1.461670e+01 3.199311e+02 4.201988e+01
      endloop
   endfacet
   facet normal -3.630583e-01 2.669331e-01 8.927124e-01
      outer loop
         vertex -2.134705e+01 3.000446e+02 4.560843e+01
         vertex -2.154257e+01 2.983816e+02 4.602617e+01
         vertex -1.669593e+01 2.983816e+02 4.799725e+01
      endloop
   endfacet
   facet normal -3.630582e-01 2.669335e-01 8.927123e-01
      outer loop
         vertex -2.134705e+01 3.000446e+02 4.560843e+01
         vertex -1.669593e+01 2.983816e+02 4.799725e+01
         vertex -1.654440e+01 3.000446e+02 4.756163e+01
      endloop
   endfacet
   facet normal -3.634355e-01 2.632929e-01 8.936395e-01
      outer loop
         vertex -2.154257e+01 2.983816e+02 4.602617e+01
         vertex -2.192830e+01 2.950520e+02 4.685029e+01
         vertex -1.699488e+01 2.950520e+02 4.885667e+01
      endloop
   endfacet
   facet normal -3.634354e-01 2.632931e-01 8.936395e-01
      outer loop
         vertex -2.154257e+01 2.983816e+02 4.602617e+01
         vertex -1.699488e+01 2.950520e+02 4.885667e+01
         vertex -1.669593e+01 2.983816e+02 4.799725e+01
      endloop
   endfacet
   facet normal -3.641741e-01 2.559975e-01 8.954566e-01
      outer loop
         vertex -2.192830e+01 2.950520e+02 4.685029e+01
         vertex -2.267849e+01 2.883784e+02 4.845309e+01
         vertex -1.757630e+01 2.883784e+02 5.052810e+01
      endloop
   endfacet
   facet normal -3.641745e-01 2.559972e-01 8.954565e-01
      outer loop
         vertex -2.192830e+01 2.950520e+02 4.685029e+01
         vertex -1.757630e+01 2.883784e+02 5.052810e+01
         vertex -1.699488e+01 2.950520e+02 4.885667e+01
      endloop
   endfacet
   facet normal -3.655888e-01 2.413770e-01 8.989338e-01
      outer loop
         vertex -2.267849e+01 2.883784e+02 4.845309e+01
         vertex -2.409349e+01 2.749764e+02 5.147626e+01
         vertex -1.867295e+01 2.749764e+02 5.368074e+01
      endloop
   endfacet
   facet normal -3.655883e-01 2.413772e-01 8.989340e-01
      outer loop
         vertex -2.267849e+01 2.883784e+02 4.845309e+01
         vertex -1.867295e+01 2.749764e+02 5.368074e+01
         vertex -1.757630e+01 2.883784e+02 5.052810e+01
      endloop
   endfacet
   facet normal -3.679183e-01 2.149936e-01 9.046623e-01
      outer loop
         vertex -2.409349e+01 2.749764e+02 5.147626e+01
         vertex -2.623179e+01 2.520934e+02 5.604479e+01
         vertex -2.033018e+01 2.520934e+02 5.844493e+01
      endloop
   endfacet
   facet normal -3.679185e-01 2.149935e-01 9.046623e-01
      outer loop
         vertex -2.409349e+01 2.749764e+02 5.147626e+01
         vertex -2.033018e+01 2.520934e+02 5.844493e+01
         vertex -1.867295e+01 2.749764e+02 5.368074e+01
      endloop
   endfacet
   facet normal -3.704651e-01 1.815784e-01 9.109253e-01
      outer loop
         vertex -2.623179e+01 2.520934e+02 5.604479e+01
         vertex -2.803795e+01 2.290494e+02 5.990369e+01
         vertex -2.172999e+01 2.290494e+02 6.246908e+01
      endloop
   endfacet
   facet normal -3.704654e-01 1.815783e-01 9.109252e-01
      outer loop
         vertex -2.623179e+01 2.520934e+02 5.604479e+01
         vertex -2.172999e+01 2.290494e+02 6.246908e+01
         vertex -2.033018e+01 2.520934e+02 5.844493e+01
      endloop
   endfacet
   facet normal -3.719106e-01 1.594135e-01 9.144779e-01
      outer loop
         vertex -2.803795e+01 2.290494e+02 5.990369e+01
         vertex -2.854196e+01 2.216963e+02 6.098051e+01
         vertex -2.212061e+01 2.216963e+02 6.359203e+01
      endloop
   endfacet
   facet normal -3.719100e-01 1.594141e-01 9.144780e-01
      outer loop
         vertex -2.803795e+01 2.290494e+02 5.990369e+01
         vertex -2.212061e+01 2.216963e+02 6.359203e+01
         vertex -2.172999e+01 2.290494e+02 6.246908e+01
      endloop
   endfacet
   facet normal -3.723089e-01 1.527226e-01 9.154572e-01
      outer loop
         vertex -2.854196e+01 2.216963e+02 6.098051e+01
         vertex -2.866158e+01 2.198728e+02 6.123608e+01
         vertex -2.221331e+01 2.198728e+02 6.385853e+01
      endloop
   endfacet
   facet normal -3.723089e-01 1.527226e-01 9.154572e-01
      outer loop
         vertex -2.854196e+01 2.216963e+02 6.098051e+01
         vertex -2.221331e+01 2.198728e+02 6.385853e+01
         vertex -2.212061e+01 2.216963e+02 6.359203e+01
      endloop
   endfacet
   facet normal -3.725370e-01 1.487537e-01 9.160177e-01
      outer loop
         vertex -2.866158e+01 2.198728e+02 6.123608e+01
         vertex -2.889458e+01 2.162238e+02 6.173389e+01
         vertex -2.239389e+01 2.162238e+02 6.437766e+01
      endloop
   endfacet
   facet normal -3.725369e-01 1.487539e-01 9.160178e-01
      outer loop
         vertex -2.866158e+01 2.198728e+02 6.123608e+01
         vertex -2.239389e+01 2.162238e+02 6.437766e+01
         vertex -2.221331e+01 2.198728e+02 6.385853e+01
      endloop
   endfacet
   facet normal -3.729720e-01 1.408619e-01 9.170877e-01
      outer loop
         vertex -2.889458e+01 2.162238e+02 6.173389e+01
         vertex -2.933581e+01 2.089180e+02 6.267659e+01
         vertex -2.273586e+01 2.089180e+02 6.536074e+01
      endloop
   endfacet
   facet normal -3.729721e-01 1.408617e-01 9.170877e-01
      outer loop
         vertex -2.889458e+01 2.162238e+02 6.173389e+01
         vertex -2.273586e+01 2.089180e+02 6.536074e+01
         vertex -2.239389e+01 2.162238e+02 6.437766e+01
      endloop
   endfacet
   facet normal -3.737592e-01 1.252784e-01 9.190263e-01
      outer loop
         vertex -2.933581e+01 2.089180e+02 6.267659e+01
         vertex -3.012051e+01 1.942780e+02 6.435313e+01
         vertex -2.334402e+01 1.942780e+02 6.710906e+01
      endloop
   endfacet
   facet normal -3.737602e-01 1.252779e-01 9.190260e-01
      outer loop
         vertex -2.933581e+01 2.089180e+02 6.267659e+01
         vertex -2.334402e+01 1.942780e+02 6.710906e+01
         vertex -2.273586e+01 2.089180e+02 6.536074e+01
      endloop
   endfacet
   facet normal -3.748906e-01 9.864215e-02 9.218062e-01
      outer loop
         vertex -3.012051e+01 1.942780e+02 6.435313e+01
         vertex -3.112347e+01 1.704415e+02 6.649597e+01
         vertex -2.412133e+01 1.704415e+02 6.934368e+01
      endloop
   endfacet
   facet normal -3.748899e-01 9.864239e-02 9.218065e-01
      outer loop
         vertex -3.012051e+01 1.942780e+02 6.435313e+01
         vertex -2.412133e+01 1.704415e+02 6.934368e+01
         vertex -2.334402e+01 1.942780e+02 6.710906e+01
      endloop
   endfacet
   facet normal -3.759161e-01 6.562665e-02 9.243269e-01
      outer loop
         vertex -3.112347e+01 1.704415e+02 6.649597e+01
         vertex -3.183821e+01 1.448394e+02 6.802303e+01
         vertex -2.467527e+01 1.448394e+02 7.093613e+01
      endloop
   endfacet
   facet normal -3.759158e-01 6.562675e-02 9.243270e-01
      outer loop
         vertex -3.112347e+01 1.704415e+02 6.649597e+01
         vertex -2.467527e+01 1.448394e+02 7.093613e+01
         vertex -2.412133e+01 1.704415e+02 6.934368e+01
      endloop
   endfacet
   facet normal -2.623210e-01 3.450473e-01 9.011826e-01
      outer loop
         vertex -9.436543e+00 3.650903e+02 2.712804e+01
         vertex -1.216454e+01 3.425338e+02 3.497046e+01
         vertex -8.504369e+00 3.425338e+02 3.603588e+01
      endloop
   endfacet
   facet normal -2.623210e-01 3.450473e-01 9.011826e-01
      outer loop
         vertex -9.436543e+00 3.650903e+02 2.712804e+01
         vertex -8.504369e+00 3.425338e+02 3.603588e+01
         vertex -6.597195e+00 3.650903e+02 2.795454e+01
      endloop
   endfacet
   facet normal -2.654254e-01 3.131860e-01 9.118464e-01
      outer loop
         vertex -1.216454e+01 3.425338e+02 3.497046e+01
         vertex -1.461670e+01 3.199311e+02 4.201988e+01
         vertex -1.021870e+01 3.199311e+02 4.330007e+01
      endloop
   endfacet
   facet normal -2.654251e-01 3.131860e-01 9.118465e-01
      outer loop
         vertex -1.216454e+01 3.425338e+02 3.497046e+01
         vertex -1.021870e+01 3.199311e+02 4.330007e+01
         vertex -8.504369e+00 3.425338e+02 3.603588e+01
      endloop
   endfacet
   facet normal -2.680902e-01 2.826411e-01 9.210004e-01
      outer loop
         vertex -1.461670e+01 3.199311e+02 4.201988e+01
         vertex -1.654440e+01 3.000446e+02 4.756163e+01
         vertex -1.156638e+01 3.000446e+02 4.901066e+01
      endloop
   endfacet
   facet normal -2.680900e-01 2.826411e-01 9.210004e-01
      outer loop
         vertex -1.461670e+01 3.199311e+02 4.201988e+01
         vertex -1.156638e+01 3.000446e+02 4.901066e+01
         vertex -1.021870e+01 3.199311e+02 4.330007e+01
      endloop
   endfacet
   facet normal -2.693448e-01 2.669336e-01 9.253107e-01
      outer loop
         vertex -1.654440e+01 3.000446e+02 4.756163e+01
         vertex -1.669593e+01 2.983816e+02 4.799725e+01
         vertex -1.167232e+01 2.983816e+02 4.945955e+01
      endloop
   endfacet
   facet normal -2.693449e-01 2.669335e-01 9.253107e-01
      outer loop
         vertex -1.654440e+01 3.000446e+02 4.756163e+01
         vertex -1.167232e+01 2.983816e+02 4.945955e+01
         vertex -1.156638e+01 3.000446e+02 4.901066e+01
      endloop
   endfacet
   facet normal -2.696241e-01 2.632931e-01 9.262719e-01
      outer loop
         vertex -1.669593e+01 2.983816e+02 4.799725e+01
         vertex -1.699488e+01 2.950520e+02 4.885667e+01
         vertex -1.188132e+01 2.950520e+02 5.034515e+01
      endloop
   endfacet
   facet normal -2.696246e-01 2.632923e-01 9.262719e-01
      outer loop
         vertex -1.669593e+01 2.983816e+02 4.799725e+01
         vertex -1.188132e+01 2.950520e+02 5.034515e+01
         vertex -1.167232e+01 2.983816e+02 4.945955e+01
      endloop
   endfacet
   facet normal -2.701729e-01 2.559972e-01 9.281552e-01
      outer loop
         vertex -1.699488e+01 2.950520e+02 4.885667e+01
         vertex -1.757630e+01 2.883784e+02 5.052810e+01
         vertex -1.228779e+01 2.883784e+02 5.206751e+01
      endloop
   endfacet
   facet normal -2.701723e-01 2.559976e-01 9.281552e-01
      outer loop
         vertex -1.699488e+01 2.950520e+02 4.885667e+01
         vertex -1.228779e+01 2.883784e+02 5.206751e+01
         vertex -1.188132e+01 2.950520e+02 5.034515e+01
      endloop
   endfacet
   facet normal -2.712216e-01 2.413772e-01 9.317596e-01
      outer loop
         vertex -1.757630e+01 2.883784e+02 5.052810e+01
         vertex -1.867295e+01 2.749764e+02 5.368074e+01
         vertex -1.305447e+01 2.749764e+02 5.531620e+01
      endloop
   endfacet
   facet normal -2.712220e-01 2.413770e-01 9.317595e-01
      outer loop
         vertex -1.757630e+01 2.883784e+02 5.052810e+01
         vertex -1.305447e+01 2.749764e+02 5.531620e+01
         vertex -1.228779e+01 2.883784e+02 5.206751e+01
      endloop
   endfacet
   facet normal -2.729502e-01 2.149935e-01 9.376972e-01
      outer loop
         vertex -1.867295e+01 2.749764e+02 5.368074e+01
         vertex -2.033018e+01 2.520934e+02 5.844493e+01
         vertex -1.421306e+01 2.520934e+02 6.022553e+01
      endloop
   endfacet
   facet normal -2.729499e-01 2.149936e-01 9.376972e-01
      outer loop
         vertex -1.867295e+01 2.749764e+02 5.368074e+01
         vertex -1.421306e+01 2.520934e+02 6.022553e+01
         vertex -1.305447e+01 2.749764e+02 5.531620e+01
      endloop
   endfacet
   facet normal -2.748397e-01 1.815783e-01 9.441888e-01
      outer loop
         vertex -2.033018e+01 2.520934e+02 5.844493e+01
         vertex -2.172999e+01 2.290494e+02 6.246908e+01
         vertex -1.519168e+01 2.290494e+02 6.437228e+01
      endloop
   endfacet
   facet normal -2.748398e-01 1.815783e-01 9.441888e-01
      outer loop
         vertex -2.033018e+01 2.520934e+02 5.844493e+01
         vertex -1.519168e+01 2.290494e+02 6.437228e+01
         vertex -1.421306e+01 2.520934e+02 6.022553e+01
      endloop
   endfacet
   facet normal -2.759113e-01 1.594141e-01 9.478713e-01
      outer loop
         vertex -2.172999e+01 2.290494e+02 6.246908e+01
         vertex -2.212061e+01 2.216963e+02 6.359203e+01
         vertex -1.546477e+01 2.216963e+02 6.552944e+01
      endloop
   endfacet
   facet normal -2.759116e-01 1.594139e-01 9.478713e-01
      outer loop
         vertex -2.172999e+01 2.290494e+02 6.246908e+01
         vertex -1.546477e+01 2.216963e+02 6.552944e+01
         vertex -1.519168e+01 2.290494e+02 6.437228e+01
      endloop
   endfacet
   facet normal -2.762071e-01 1.527226e-01 9.488864e-01
      outer loop
         vertex -2.212061e+01 2.216963e+02 6.359203e+01
         vertex -2.221331e+01 2.198728e+02 6.385853e+01
         vertex -1.552958e+01 2.198728e+02 6.580407e+01
      endloop
   endfacet
   facet normal -2.762068e-01 1.527237e-01 9.488863e-01
      outer loop
         vertex -2.212061e+01 2.216963e+02 6.359203e+01
         vertex -1.552958e+01 2.198728e+02 6.580407e+01
         vertex -1.546477e+01 2.216963e+02 6.552944e+01
      endloop
   endfacet
   facet normal -2.763757e-01 1.487540e-01 9.494676e-01
      outer loop
         vertex -2.221331e+01 2.198728e+02 6.385853e+01
         vertex -2.239389e+01 2.162238e+02 6.437766e+01
         vertex -1.565583e+01 2.162238e+02 6.633901e+01
      endloop
   endfacet
   facet normal -2.763763e-01 1.487529e-01 9.494676e-01
      outer loop
         vertex -2.221331e+01 2.198728e+02 6.385853e+01
         vertex -1.565583e+01 2.162238e+02 6.633901e+01
         vertex -1.552958e+01 2.198728e+02 6.580407e+01
      endloop
   endfacet
   facet normal -2.766989e-01 1.408617e-01 9.505765e-01
      outer loop
         vertex -2.239389e+01 2.162238e+02 6.437766e+01
         vertex -2.273586e+01 2.089180e+02 6.536074e+01
         vertex -1.589490e+01 2.089180e+02 6.735204e+01
      endloop
   endfacet
   facet normal -2.766985e-01 1.408620e-01 9.505766e-01
      outer loop
         vertex -2.239389e+01 2.162238e+02 6.437766e+01
         vertex -1.589490e+01 2.089180e+02 6.735204e+01
         vertex -1.565583e+01 2.162238e+02 6.633901e+01
      endloop
   endfacet
   facet normal -2.772840e-01 1.252779e-01 9.525854e-01
      outer loop
         vertex -2.273586e+01 2.089180e+02 6.536074e+01
         vertex -2.334402e+01 1.942780e+02 6.710906e+01
         vertex -1.632007e+01 1.942780e+02 6.915363e+01
      endloop
   endfacet
   facet normal -2.772836e-01 1.252781e-01 9.525855e-01
      outer loop
         vertex -2.273586e+01 2.089180e+02 6.536074e+01
         vertex -1.632007e+01 1.942780e+02 6.915363e+01
         vertex -1.589490e+01 2.089180e+02 6.735204e+01
      endloop
   endfacet
   facet normal -2.781224e-01 9.864239e-02 9.554672e-01
      outer loop
         vertex -2.334402e+01 1.942780e+02 6.710906e+01
         vertex -2.412133e+01 1.704415e+02 6.934368e+01
         vertex -1.686350e+01 1.704415e+02 7.145633e+01
      endloop
   endfacet
   facet normal -2.781228e-01 9.864226e-02 9.554671e-01
      outer loop
         vertex -2.334402e+01 1.942780e+02 6.710906e+01
         vertex -1.686350e+01 1.704415e+02 7.145633e+01
         vertex -1.632007e+01 1.942780e+02 6.915363e+01
      endloop
   endfacet
   facet normal -2.788828e-01 6.562675e-02 9.580801e-01
      outer loop
         vertex -2.412133e+01 1.704415e+02 6.934368e+01
         vertex -2.467527e+01 1.448394e+02 7.093613e+01
         vertex -1.725076e+01 1.448394e+02 7.309730e+01
      endloop
   endfacet
   facet normal -2.788829e-01 6.562671e-02 9.580801e-01
      outer loop
         vertex -2.412133e+01 1.704415e+02 6.934368e+01
         vertex -1.725076e+01 1.448394e+02 7.309730e+01
         vertex -1.686350e+01 1.704415e+02 7.145633e+01
      endloop
   endfacet
   facet normal -1.682704e-01 3.450473e-01 9.233783e-01
      outer loop
         vertex -6.597195e+00 3.650903e+02 2.795454e+01
         vertex -8.504369e+00 3.425338e+02 3.603588e+01
         vertex -4.754050e+00 3.425338e+02 3.671931e+01
      endloop
   endfacet
   facet normal -1.682706e-01 3.450473e-01 9.233782e-01
      outer loop
         vertex -6.597195e+00 3.650903e+02 2.795454e+01
         vertex -4.754050e+00 3.425338e+02 3.671931e+01
         vertex -3.687915e+00 3.650903e+02 2.848470e+01
      endloop
   endfacet
   facet normal -1.702615e-01 3.131860e-01 9.343048e-01
      outer loop
         vertex -8.504369e+00 3.425338e+02 3.603588e+01
         vertex -1.021870e+01 3.199311e+02 4.330007e+01
         vertex -5.712382e+00 3.199311e+02 4.412127e+01
      endloop
   endfacet
   facet normal -1.702616e-01 3.131860e-01 9.343048e-01
      outer loop
         vertex -8.504369e+00 3.425338e+02 3.603588e+01
         vertex -5.712382e+00 3.199311e+02 4.412127e+01
         vertex -4.754050e+00 3.425338e+02 3.671931e+01
      endloop
   endfacet
   facet normal -1.719707e-01 2.826411e-01 9.436843e-01
      outer loop
         vertex -1.021870e+01 3.199311e+02 4.330007e+01
         vertex -1.156638e+01 3.000446e+02 4.901066e+01
         vertex -6.465754e+00 3.000446e+02 4.994016e+01
      endloop
   endfacet
   facet normal -1.719708e-01 2.826411e-01 9.436843e-01
      outer loop
         vertex -1.021870e+01 3.199311e+02 4.330007e+01
         vertex -6.465754e+00 3.000446e+02 4.994016e+01
         vertex -5.712382e+00 3.199311e+02 4.412127e+01
      endloop
   endfacet
   facet normal -1.727751e-01 2.669335e-01 9.481009e-01
      outer loop
         vertex -1.156638e+01 3.000446e+02 4.901066e+01
         vertex -1.167232e+01 2.983816e+02 4.945955e+01
         vertex -6.524974e+00 2.983816e+02 5.039757e+01
      endloop
   endfacet
   facet normal -1.727756e-01 2.669320e-01 9.481012e-01
      outer loop
         vertex -1.156638e+01 3.000446e+02 4.901066e+01
         vertex -6.524974e+00 2.983816e+02 5.039757e+01
         vertex -6.465754e+00 3.000446e+02 4.994016e+01
      endloop
   endfacet
   facet normal -1.729553e-01 2.632923e-01 9.490857e-01
      outer loop
         vertex -1.167232e+01 2.983816e+02 4.945955e+01
         vertex -1.188132e+01 2.950520e+02 5.034515e+01
         vertex -6.641808e+00 2.950520e+02 5.129996e+01
      endloop
   endfacet
   facet normal -1.729545e-01 2.632934e-01 9.490855e-01
      outer loop
         vertex -1.167232e+01 2.983816e+02 4.945955e+01
         vertex -6.641808e+00 2.950520e+02 5.129996e+01
         vertex -6.524974e+00 2.983816e+02 5.039757e+01
      endloop
   endfacet
   facet normal -1.733063e-01 2.559976e-01 9.510153e-01
      outer loop
         vertex -1.188132e+01 2.950520e+02 5.034515e+01
         vertex -1.228779e+01 2.883784e+02 5.206751e+01
         vertex -6.869030e+00 2.883784e+02 5.305499e+01
      endloop
   endfacet
   facet normal -1.733069e-01 2.559971e-01 9.510153e-01
      outer loop
         vertex -1.188132e+01 2.950520e+02 5.034515e+01
         vertex -6.869030e+00 2.883784e+02 5.305499e+01
         vertex -6.641808e+00 2.950520e+02 5.129996e+01
      endloop
   endfacet
   facet normal -1.739797e-01 2.413770e-01 9.547084e-01
      outer loop
         vertex -1.228779e+01 2.883784e+02 5.206751e+01
         vertex -1.305447e+01 2.749764e+02 5.531620e+01
         vertex -7.297616e+00 2.749764e+02 5.636529e+01
      endloop
   endfacet
   facet normal -1.739793e-01 2.413772e-01 9.547085e-01
      outer loop
         vertex -1.228779e+01 2.883784e+02 5.206751e+01
         vertex -7.297616e+00 2.749764e+02 5.636529e+01
         vertex -6.869030e+00 2.883784e+02 5.305499e+01
      endloop
   endfacet
   facet normal -1.750881e-01 2.149936e-01 9.607923e-01
      outer loop
         vertex -1.305447e+01 2.749764e+02 5.531620e+01
         vertex -1.421306e+01 2.520934e+02 6.022553e+01
         vertex -7.945282e+00 2.520934e+02 6.136773e+01
      endloop
   endfacet
   facet normal -1.750884e-01 2.149935e-01 9.607923e-01
      outer loop
         vertex -1.305447e+01 2.749764e+02 5.531620e+01
         vertex -7.945282e+00 2.520934e+02 6.136773e+01
         vertex -7.297616e+00 2.749764e+02 5.636529e+01
      endloop
   endfacet
   facet normal -1.763001e-01 1.815783e-01 9.674438e-01
      outer loop
         vertex -1.421306e+01 2.520934e+02 6.022553e+01
         vertex -1.519168e+01 2.290494e+02 6.437228e+01
         vertex -8.492344e+00 2.290494e+02 6.559312e+01
      endloop
   endfacet
   facet normal -1.763002e-01 1.815783e-01 9.674438e-01
      outer loop
         vertex -1.421306e+01 2.520934e+02 6.022553e+01
         vertex -8.492344e+00 2.290494e+02 6.559312e+01
         vertex -7.945282e+00 2.520934e+02 6.136773e+01
      endloop
   endfacet
   facet normal -1.769883e-01 1.594139e-01 9.712169e-01
      outer loop
         vertex -1.519168e+01 2.290494e+02 6.437228e+01
         vertex -1.546477e+01 2.216963e+02 6.552944e+01
         vertex -8.645002e+00 2.216963e+02 6.677223e+01
      endloop
   endfacet
   facet normal -1.769877e-01 1.594144e-01 9.712170e-01
      outer loop
         vertex -1.519168e+01 2.290494e+02 6.437228e+01
         vertex -8.645002e+00 2.216963e+02 6.677223e+01
         vertex -8.492344e+00 2.290494e+02 6.559312e+01
      endloop
   endfacet
   facet normal -1.771771e-01 1.527237e-01 9.722570e-01
      outer loop
         vertex -1.546477e+01 2.216963e+02 6.552944e+01
         vertex -1.552958e+01 2.198728e+02 6.580407e+01
         vertex -8.681232e+00 2.198728e+02 6.705206e+01
      endloop
   endfacet
   facet normal -1.771779e-01 1.527209e-01 9.722573e-01
      outer loop
         vertex -1.546477e+01 2.216963e+02 6.552944e+01
         vertex -8.681232e+00 2.198728e+02 6.705206e+01
         vertex -8.645002e+00 2.216963e+02 6.677223e+01
      endloop
   endfacet
   facet normal -1.772859e-01 1.487529e-01 9.728527e-01
      outer loop
         vertex -1.552958e+01 2.198728e+02 6.580407e+01
         vertex -1.565583e+01 2.162238e+02 6.633901e+01
         vertex -8.751805e+00 2.162238e+02 6.759715e+01
      endloop
   endfacet
   facet normal -1.772856e-01 1.487533e-01 9.728526e-01
      outer loop
         vertex -1.552958e+01 2.198728e+02 6.580407e+01
         vertex -8.751805e+00 2.162238e+02 6.759715e+01
         vertex -8.681232e+00 2.198728e+02 6.705206e+01
      endloop
   endfacet
   facet normal -1.774927e-01 1.408620e-01 9.739888e-01
      outer loop
         vertex -1.565583e+01 2.162238e+02 6.633901e+01
         vertex -1.589490e+01 2.089180e+02 6.735204e+01
         vertex -8.885449e+00 2.089180e+02 6.862939e+01
      endloop
   endfacet
   facet normal -1.774929e-01 1.408618e-01 9.739888e-01
      outer loop
         vertex -1.565583e+01 2.162238e+02 6.633901e+01
         vertex -8.885449e+00 2.089180e+02 6.862939e+01
         vertex -8.751805e+00 2.162238e+02 6.759715e+01
      endloop
   endfacet
   facet normal -1.778684e-01 1.252781e-01 9.760473e-01
      outer loop
         vertex -1.589490e+01 2.089180e+02 6.735204e+01
         vertex -1.632007e+01 1.942780e+02 6.915363e+01
         vertex -9.123125e+00 1.942780e+02 7.046516e+01
      endloop
   endfacet
   facet normal -1.778678e-01 1.252784e-01 9.760473e-01
      outer loop
         vertex -1.589490e+01 2.089180e+02 6.735204e+01
         vertex -9.123125e+00 1.942780e+02 7.046516e+01
         vertex -8.885449e+00 2.089180e+02 6.862939e+01
      endloop
   endfacet
   facet normal -1.784064e-01 9.864226e-02 9.789999e-01
      outer loop
         vertex -1.632007e+01 1.942780e+02 6.915363e+01
         vertex -1.686350e+01 1.704415e+02 7.145633e+01
         vertex -9.426909e+00 1.704415e+02 7.281152e+01
      endloop
   endfacet
   facet normal -1.784065e-01 9.864222e-02 9.789999e-01
      outer loop
         vertex -1.632007e+01 1.942780e+02 6.915363e+01
         vertex -9.426909e+00 1.704415e+02 7.281152e+01
         vertex -9.123125e+00 1.942780e+02 7.046516e+01
      endloop
   endfacet
   facet normal -1.788941e-01 6.562671e-02 9.816772e-01
      outer loop
         vertex -1.686350e+01 1.704415e+02 7.145633e+01
         vertex -1.725076e+01 1.448394e+02 7.309730e+01
         vertex -9.643395e+00 1.448394e+02 7.448361e+01
      endloop
   endfacet
   facet normal -1.788942e-01 6.562667e-02 9.816771e-01
      outer loop
         vertex -1.686350e+01 1.704415e+02 7.145633e+01
         vertex -9.643395e+00 1.448394e+02 7.448361e+01
         vertex -9.426909e+00 1.704415e+02 7.281152e+01
      endloop
   endfacet
   facet normal -7.243615e-02 3.450473e-01 9.357860e-01
      outer loop
         vertex -3.687915e+00 3.650903e+02 2.848470e+01
         vertex -4.754050e+00 3.425338e+02 3.671931e+01
         vertex -9.533368e-01 3.425338e+02 3.701351e+01
      endloop
   endfacet
   facet normal -7.243551e-02 3.450474e-01 9.357860e-01
      outer loop
         vertex -3.687915e+00 3.650903e+02 2.848470e+01
         vertex -9.533368e-01 3.425338e+02 3.701351e+01
         vertex -7.395431e-01 3.650903e+02 2.871293e+01
      endloop
   endfacet
   facet normal -7.329282e-02 3.131860e-01 9.468594e-01
      outer loop
         vertex -4.754050e+00 3.425338e+02 3.671931e+01
         vertex -5.712382e+00 3.199311e+02 4.412127e+01
         vertex -1.145513e+00 3.199311e+02 4.447478e+01
      endloop
   endfacet
   facet normal -7.329331e-02 3.131859e-01 9.468594e-01
      outer loop
         vertex -4.754050e+00 3.425338e+02 3.671931e+01
         vertex -1.145513e+00 3.199311e+02 4.447478e+01
         vertex -9.533368e-01 3.425338e+02 3.701351e+01
      endloop
   endfacet
   facet normal -7.402822e-02 2.826411e-01 9.563649e-01
      outer loop
         vertex -5.712382e+00 3.199311e+02 4.412127e+01
         vertex -6.465754e+00 3.000446e+02 4.994016e+01
         vertex -1.296587e+00 3.000446e+02 5.034029e+01
      endloop
   endfacet
   facet normal -7.402860e-02 2.826410e-01 9.563649e-01
      outer loop
         vertex -5.712382e+00 3.199311e+02 4.412127e+01
         vertex -1.296587e+00 3.000446e+02 5.034029e+01
         vertex -1.145513e+00 3.199311e+02 4.447478e+01
      endloop
   endfacet
   facet normal -7.437561e-02 2.669320e-01 9.608411e-01
      outer loop
         vertex -6.465754e+00 3.000446e+02 4.994016e+01
         vertex -6.524974e+00 2.983816e+02 5.039757e+01
         vertex -1.308463e+00 2.983816e+02 5.080136e+01
      endloop
   endfacet
   facet normal -7.437465e-02 2.669346e-01 9.608404e-01
      outer loop
         vertex -6.465754e+00 3.000446e+02 4.994016e+01
         vertex -1.308463e+00 2.983816e+02 5.080136e+01
         vertex -1.296587e+00 3.000446e+02 5.034029e+01
      endloop
   endfacet
   facet normal -7.445259e-02 2.632934e-01 9.618386e-01
      outer loop
         vertex -6.524974e+00 2.983816e+02 5.039757e+01
         vertex -6.641808e+00 2.950520e+02 5.129996e+01
         vertex -1.331892e+00 2.950520e+02 5.171099e+01
      endloop
   endfacet
   facet normal -7.445283e-02 2.632930e-01 9.618386e-01
      outer loop
         vertex -6.524974e+00 2.983816e+02 5.039757e+01
         vertex -1.331892e+00 2.950520e+02 5.171099e+01
         vertex -1.308463e+00 2.983816e+02 5.080136e+01
      endloop
   endfacet
   facet normal -7.460390e-02 2.559971e-01 9.637944e-01
      outer loop
         vertex -6.641808e+00 2.950520e+02 5.129996e+01
         vertex -6.869030e+00 2.883784e+02 5.305499e+01
         vertex -1.377457e+00 2.883784e+02 5.348007e+01
      endloop
   endfacet
   facet normal -7.460399e-02 2.559971e-01 9.637945e-01
      outer loop
         vertex -6.641808e+00 2.950520e+02 5.129996e+01
         vertex -1.377457e+00 2.883784e+02 5.348007e+01
         vertex -1.331892e+00 2.950520e+02 5.171099e+01
      endloop
   endfacet
   facet normal -7.489314e-02 2.413772e-01 9.675371e-01
      outer loop
         vertex -6.869030e+00 2.883784e+02 5.305499e+01
         vertex -7.297616e+00 2.749764e+02 5.636529e+01
         vertex -1.463402e+00 2.749764e+02 5.681689e+01
      endloop
   endfacet
   facet normal -7.489360e-02 2.413770e-01 9.675371e-01
      outer loop
         vertex -6.869030e+00 2.883784e+02 5.305499e+01
         vertex -1.463402e+00 2.749764e+02 5.681689e+01
         vertex -1.377457e+00 2.883784e+02 5.348007e+01
      endloop
   endfacet
   facet normal -7.537115e-02 2.149935e-01 9.737027e-01
      outer loop
         vertex -7.297616e+00 2.749764e+02 5.636529e+01
         vertex -7.945282e+00 2.520934e+02 6.136773e+01
         vertex -1.593279e+00 2.520934e+02 6.185942e+01
      endloop
   endfacet
   facet normal -7.537040e-02 2.149937e-01 9.737027e-01
      outer loop
         vertex -7.297616e+00 2.749764e+02 5.636529e+01
         vertex -1.593279e+00 2.520934e+02 6.185942e+01
         vertex -1.463402e+00 2.749764e+02 5.681689e+01
      endloop
   endfacet
   facet normal -7.589306e-02 1.815783e-01 9.804436e-01
      outer loop
         vertex -7.945282e+00 2.520934e+02 6.136773e+01
         vertex -8.492344e+00 2.290494e+02 6.559312e+01
         vertex -1.702982e+00 2.290494e+02 6.611867e+01
      endloop
   endfacet
   facet normal -7.589294e-02 1.815783e-01 9.804436e-01
      outer loop
         vertex -7.945282e+00 2.520934e+02 6.136773e+01
         vertex -1.702982e+00 2.290494e+02 6.611867e+01
         vertex -1.593279e+00 2.520934e+02 6.185942e+01
      endloop
   endfacet
   facet normal -7.618769e-02 1.594144e-01 9.842675e-01
      outer loop
         vertex -8.492344e+00 2.290494e+02 6.559312e+01
         vertex -8.645002e+00 2.216963e+02 6.677223e+01
         vertex -1.733595e+00 2.216963e+02 6.730721e+01
      endloop
   endfacet
   facet normal -7.618907e-02 1.594131e-01 9.842676e-01
      outer loop
         vertex -8.492344e+00 2.290494e+02 6.559312e+01
         vertex -1.733595e+00 2.216963e+02 6.730721e+01
         vertex -1.702982e+00 2.290494e+02 6.611867e+01
      endloop
   endfacet
   facet normal -7.627053e-02 1.527209e-01 9.853218e-01
      outer loop
         vertex -8.645002e+00 2.216963e+02 6.677223e+01
         vertex -8.681232e+00 2.198728e+02 6.705206e+01
         vertex -1.740860e+00 2.198728e+02 6.758929e+01
      endloop
   endfacet
   facet normal -7.626926e-02 1.527255e-01 9.853212e-01
      outer loop
         vertex -8.645002e+00 2.216963e+02 6.677223e+01
         vertex -1.740860e+00 2.198728e+02 6.758929e+01
         vertex -1.733595e+00 2.216963e+02 6.730721e+01
      endloop
   endfacet
   facet normal -7.631676e-02 1.487533e-01 9.859250e-01
      outer loop
         vertex -8.681232e+00 2.198728e+02 6.705206e+01
         vertex -8.751805e+00 2.162238e+02 6.759715e+01
         vertex -1.755013e+00 2.162238e+02 6.813875e+01
      endloop
   endfacet
   facet normal -7.631723e-02 1.487525e-01 9.859251e-01
      outer loop
         vertex -8.681232e+00 2.198728e+02 6.705206e+01
         vertex -1.755013e+00 2.162238e+02 6.813875e+01
         vertex -1.740860e+00 2.198728e+02 6.758929e+01
      endloop
   endfacet
   facet normal -7.640692e-02 1.408618e-01 9.870765e-01
      outer loop
         vertex -8.751805e+00 2.162238e+02 6.759715e+01
         vertex -8.885449e+00 2.089180e+02 6.862939e+01
         vertex -1.781812e+00 2.089180e+02 6.917927e+01
      endloop
   endfacet
   facet normal -7.640588e-02 1.408628e-01 9.870764e-01
      outer loop
         vertex -8.751805e+00 2.162238e+02 6.759715e+01
         vertex -1.781812e+00 2.089180e+02 6.917927e+01
         vertex -1.755013e+00 2.162238e+02 6.813875e+01
      endloop
   endfacet
   facet normal -7.656751e-02 1.252784e-01 9.891627e-01
      outer loop
         vertex -8.885449e+00 2.089180e+02 6.862939e+01
         vertex -9.123125e+00 1.942780e+02 7.046516e+01
         vertex -1.829474e+00 1.942780e+02 7.102973e+01
      endloop
   endfacet
   facet normal -7.656841e-02 1.252779e-01 9.891626e-01
      outer loop
         vertex -8.885449e+00 2.089180e+02 6.862939e+01
         vertex -1.829474e+00 1.942780e+02 7.102973e+01
         vertex -1.781812e+00 2.089180e+02 6.917927e+01
      endloop
   endfacet
   facet normal -7.679906e-02 9.864222e-02 9.921550e-01
      outer loop
         vertex -9.123125e+00 1.942780e+02 7.046516e+01
         vertex -9.426909e+00 1.704415e+02 7.281152e+01
         vertex -1.890392e+00 1.704415e+02 7.339490e+01
      endloop
   endfacet
   facet normal -7.679914e-02 9.864220e-02 9.921550e-01
      outer loop
         vertex -9.123125e+00 1.942780e+02 7.046516e+01
         vertex -1.890392e+00 1.704415e+02 7.339490e+01
         vertex -1.829474e+00 1.942780e+02 7.102973e+01
      endloop
   endfacet
   facet normal -7.700911e-02 6.562666e-02 9.948682e-01
      outer loop
         vertex -9.426909e+00 1.704415e+02 7.281152e+01
         vertex -9.643395e+00 1.448394e+02 7.448361e+01
         vertex -1.933804e+00 1.448394e+02 7.508038e+01
      endloop
   endfacet
   facet normal -7.700908e-02 6.562667e-02 9.948682e-01
      outer loop
         vertex -9.426909e+00 1.704415e+02 7.281152e+01
         vertex -1.933804e+00 1.448394e+02 7.508038e+01
         vertex -1.890392e+00 1.704415e+02 7.339490e+01
      endloop
   endfacet
   facet normal 2.416636e-02 3.450474e-01 9.382741e-01
      outer loop
         vertex -7.395431e-01 3.650903e+02 2.871293e+01
         vertex -9.533368e-01 3.425338e+02 3.701351e+01
         vertex 2.857482e+00 3.425338e+02 3.691536e+01
      endloop
   endfacet
   facet normal 2.416656e-02 3.450474e-01 9.382741e-01
      outer loop
         vertex -7.395431e-01 3.650903e+02 2.871293e+01
         vertex 2.857482e+00 3.425338e+02 3.691536e+01
         vertex 2.216668e+00 3.650903e+02 2.863679e+01
      endloop
   endfacet
   facet normal 2.445256e-02 3.131859e-01 9.493770e-01
      outer loop
         vertex -9.533368e-01 3.425338e+02 3.701351e+01
         vertex -1.145513e+00 3.199311e+02 4.447478e+01
         vertex 3.433500e+00 3.199311e+02 4.435684e+01
      endloop
   endfacet
   facet normal 2.445233e-02 3.131859e-01 9.493770e-01
      outer loop
         vertex -9.533368e-01 3.425338e+02 3.701351e+01
         vertex 3.433500e+00 3.199311e+02 4.435684e+01
         vertex 2.857482e+00 3.425338e+02 3.691536e+01
      endloop
   endfacet
   facet normal 2.469771e-02 2.826410e-01 9.589077e-01
      outer loop
         vertex -1.145513e+00 3.199311e+02 4.447478e+01
         vertex -1.296587e+00 3.000446e+02 5.034029e+01
         vertex 3.886323e+00 3.000446e+02 5.020679e+01
      endloop
   endfacet
   facet normal 2.469804e-02 2.826411e-01 9.589077e-01
      outer loop
         vertex -1.145513e+00 3.199311e+02 4.447478e+01
         vertex 3.886323e+00 3.000446e+02 5.020679e+01
         vertex 3.433500e+00 3.199311e+02 4.435684e+01
      endloop
   endfacet
   facet normal 2.481363e-02 2.669346e-01 9.633951e-01
      outer loop
         vertex -1.296587e+00 3.000446e+02 5.034029e+01
         vertex -1.308463e+00 2.983816e+02 5.080136e+01
         vertex 3.921919e+00 2.983816e+02 5.066665e+01
      endloop
   endfacet
   facet normal 2.481330e-02 2.669336e-01 9.633954e-01
      outer loop
         vertex -1.296587e+00 3.000446e+02 5.034029e+01
         vertex 3.921919e+00 2.983816e+02 5.066665e+01
         vertex 3.886323e+00 3.000446e+02 5.020679e+01
      endloop
   endfacet
   facet normal 2.483987e-02 2.632930e-01 9.643961e-01
      outer loop
         vertex -1.308463e+00 2.983816e+02 5.080136e+01
         vertex -1.331892e+00 2.950520e+02 5.171099e+01
         vertex 3.992143e+00 2.950520e+02 5.157386e+01
      endloop
   endfacet
   facet normal 2.483942e-02 2.632923e-01 9.643963e-01
      outer loop
         vertex -1.308463e+00 2.983816e+02 5.080136e+01
         vertex 3.992143e+00 2.950520e+02 5.157386e+01
         vertex 3.921919e+00 2.983816e+02 5.066665e+01
      endloop
   endfacet
   facet normal 2.488984e-02 2.559971e-01 9.663571e-01
      outer loop
         vertex -1.331892e+00 2.950520e+02 5.171099e+01
         vertex -1.377457e+00 2.883784e+02 5.348007e+01
         vertex 4.128718e+00 2.883784e+02 5.333825e+01
      endloop
   endfacet
   facet normal 2.489038e-02 2.559975e-01 9.663569e-01
      outer loop
         vertex -1.331892e+00 2.950520e+02 5.171099e+01
         vertex 4.128718e+00 2.883784e+02 5.333825e+01
         vertex 3.992143e+00 2.950520e+02 5.157386e+01
      endloop
   endfacet
   facet normal 2.498610e-02 2.413770e-01 9.701097e-01
      outer loop
         vertex -1.377457e+00 2.883784e+02 5.348007e+01
         vertex -1.463402e+00 2.749764e+02 5.681689e+01
         vertex 4.386324e+00 2.749764e+02 5.666623e+01
      endloop
   endfacet
   facet normal 2.498649e-02 2.413772e-01 9.701097e-01
      outer loop
         vertex -1.377457e+00 2.883784e+02 5.348007e+01
         vertex 4.386324e+00 2.749764e+02 5.666623e+01
         vertex 4.128718e+00 2.883784e+02 5.333825e+01
      endloop
   endfacet
   facet normal 2.514574e-02 2.149937e-01 9.762917e-01
      outer loop
         vertex -1.463402e+00 2.749764e+02 5.681689e+01
         vertex -1.593279e+00 2.520934e+02 6.185942e+01
         vertex 4.775612e+00 2.520934e+02 6.169538e+01
      endloop
   endfacet
   facet normal 2.514533e-02 2.149936e-01 9.762917e-01
      outer loop
         vertex -1.463402e+00 2.749764e+02 5.681689e+01
         vertex 4.775612e+00 2.520934e+02 6.169538e+01
         vertex 4.386324e+00 2.749764e+02 5.666623e+01
      endloop
   endfacet
   facet normal 2.532046e-02 1.815783e-01 9.830505e-01
      outer loop
         vertex -1.593279e+00 2.520934e+02 6.185942e+01
         vertex -1.702982e+00 2.290494e+02 6.611867e+01
         vertex 5.104431e+00 2.290494e+02 6.594333e+01
      endloop
   endfacet
   facet normal 2.531983e-02 1.815781e-01 9.830505e-01
      outer loop
         vertex -1.593279e+00 2.520934e+02 6.185942e+01
         vertex 5.104431e+00 2.290494e+02 6.594333e+01
         vertex 4.775612e+00 2.520934e+02 6.169538e+01
      endloop
   endfacet
   facet normal 2.541800e-02 1.594131e-01 9.868847e-01
      outer loop
         vertex -1.702982e+00 2.290494e+02 6.611867e+01
         vertex -1.733595e+00 2.216963e+02 6.730721e+01
         vertex 5.196188e+00 2.216963e+02 6.712873e+01
      endloop
   endfacet
   facet normal 2.541921e-02 1.594143e-01 9.868845e-01
      outer loop
         vertex -1.702982e+00 2.290494e+02 6.611867e+01
         vertex 5.196188e+00 2.216963e+02 6.712873e+01
         vertex 5.104431e+00 2.290494e+02 6.594333e+01
      endloop
   endfacet
   facet normal 2.544624e-02 1.527255e-01 9.879410e-01
      outer loop
         vertex -1.733595e+00 2.216963e+02 6.730721e+01
         vertex -1.740860e+00 2.198728e+02 6.758929e+01
         vertex 5.217965e+00 2.198728e+02 6.741006e+01
      endloop
   endfacet
   facet normal 2.544522e-02 1.527216e-01 9.879416e-01
      outer loop
         vertex -1.733595e+00 2.216963e+02 6.730721e+01
         vertex 5.217965e+00 2.198728e+02 6.741006e+01
         vertex 5.196188e+00 2.216963e+02 6.712873e+01
      endloop
   endfacet
   facet normal 2.546078e-02 1.487525e-01 9.885466e-01
      outer loop
         vertex -1.740860e+00 2.198728e+02 6.758929e+01
         vertex -1.755013e+00 2.162238e+02 6.813875e+01
         vertex 5.260384e+00 2.162238e+02 6.795806e+01
      endloop
   endfacet
   facet normal 2.546183e-02 1.487544e-01 9.885463e-01
      outer loop
         vertex -1.740860e+00 2.198728e+02 6.758929e+01
         vertex 5.260384e+00 2.162238e+02 6.795806e+01
         vertex 5.217965e+00 2.198728e+02 6.741006e+01
      endloop
   endfacet
   facet normal 2.549194e-02 1.408628e-01 9.897009e-01
      outer loop
         vertex -1.755013e+00 2.162238e+02 6.813875e+01
         vertex -1.781812e+00 2.089180e+02 6.917927e+01
         vertex 5.340712e+00 2.089180e+02 6.899581e+01
      endloop
   endfacet
   facet normal 2.549052e-02 1.408615e-01 9.897011e-01
      outer loop
         vertex -1.755013e+00 2.162238e+02 6.813875e+01
         vertex 5.340712e+00 2.089180e+02 6.899581e+01
         vertex 5.260384e+00 2.162238e+02 6.795806e+01
      endloop
   endfacet
   facet normal 2.554561e-02 1.252779e-01 9.917928e-01
      outer loop
         vertex -1.781812e+00 2.089180e+02 6.917927e+01
         vertex -1.829474e+00 1.942780e+02 7.102973e+01
         vertex 5.483570e+00 1.942780e+02 7.084137e+01
      endloop
   endfacet
   facet normal 2.554582e-02 1.252780e-01 9.917927e-01
      outer loop
         vertex -1.781812e+00 2.089180e+02 6.917927e+01
         vertex 5.483570e+00 1.942780e+02 7.084137e+01
         vertex 5.340712e+00 2.089180e+02 6.899581e+01
      endloop
   endfacet
   facet normal 2.562279e-02 9.864220e-02 9.947930e-01
      outer loop
         vertex -1.829474e+00 1.942780e+02 7.102973e+01
         vertex -1.890392e+00 1.704415e+02 7.339490e+01
         vertex 5.666163e+00 1.704415e+02 7.320026e+01
      endloop
   endfacet
   facet normal 2.562289e-02 9.864223e-02 9.947930e-01
      outer loop
         vertex -1.829474e+00 1.942780e+02 7.102973e+01
         vertex 5.666163e+00 1.704415e+02 7.320026e+01
         vertex 5.483570e+00 1.942780e+02 7.084137e+01
      endloop
   endfacet
   facet normal 2.569202e-02 6.562667e-02 9.975134e-01
      outer loop
         vertex -1.890392e+00 1.704415e+02 7.339490e+01
         vertex -1.933804e+00 1.448394e+02 7.508038e+01
         vertex 5.796285e+00 1.448394e+02 7.488129e+01
      endloop
   endfacet
   facet normal 2.569286e-02 6.562692e-02 9.975134e-01
      outer loop
         vertex -1.890392e+00 1.704415e+02 7.339490e+01
         vertex 5.796285e+00 1.448394e+02 7.488129e+01
         vertex 5.666163e+00 1.704415e+02 7.320026e+01
      endloop
   endfacet
   facet normal 1.205134e-01 3.450474e-01 9.308162e-01
      outer loop
         vertex 2.216668e+00 3.650903e+02 2.863679e+01
         vertex 2.857482e+00 3.425338e+02 3.691536e+01
         vertex 6.638011e+00 3.425338e+02 3.642589e+01
      endloop
   endfacet
   facet normal 1.205126e-01 3.450473e-01 9.308164e-01
      outer loop
         vertex 2.216668e+00 3.650903e+02 2.863679e+01
         vertex 6.638011e+00 3.425338e+02 3.642589e+01
         vertex 5.149383e+00 3.650903e+02 2.825709e+01
      endloop
   endfacet
   facet normal 1.219385e-01 3.131859e-01 9.418310e-01
      outer loop
         vertex 2.857482e+00 3.425338e+02 3.691536e+01
         vertex 3.433500e+00 3.199311e+02 4.435684e+01
         vertex 7.976116e+00 3.199311e+02 4.376871e+01
      endloop
   endfacet
   facet normal 1.219395e-01 3.131861e-01 9.418308e-01
      outer loop
         vertex 2.857482e+00 3.425338e+02 3.691536e+01
         vertex 7.976116e+00 3.199311e+02 4.376871e+01
         vertex 6.638011e+00 3.425338e+02 3.642589e+01
      endloop
   endfacet
   facet normal 1.231632e-01 2.826411e-01 9.512859e-01
      outer loop
         vertex 3.433500e+00 3.199311e+02 4.435684e+01
         vertex 3.886323e+00 3.000446e+02 5.020679e+01
         vertex 9.028038e+00 3.000446e+02 4.954110e+01
      endloop
   endfacet
   facet normal 1.231627e-01 2.826410e-01 9.512860e-01
      outer loop
         vertex 3.433500e+00 3.199311e+02 4.435684e+01
         vertex 9.028038e+00 3.000446e+02 4.954110e+01
         vertex 7.976116e+00 3.199311e+02 4.376871e+01
      endloop
   endfacet
   facet normal 1.237394e-01 2.669336e-01 9.557379e-01
      outer loop
         vertex 3.886323e+00 3.000446e+02 5.020679e+01
         vertex 3.921919e+00 2.983816e+02 5.066665e+01
         vertex 9.110727e+00 2.983816e+02 4.999485e+01
      endloop
   endfacet
   facet normal 1.237396e-01 2.669343e-01 9.557377e-01
      outer loop
         vertex 3.886323e+00 3.000446e+02 5.020679e+01
         vertex 9.110727e+00 2.983816e+02 4.999485e+01
         vertex 9.028038e+00 3.000446e+02 4.954110e+01
      endloop
   endfacet
   facet normal 1.238677e-01 2.632924e-01 9.567309e-01
      outer loop
         vertex 3.921919e+00 2.983816e+02 5.066665e+01
         vertex 3.992143e+00 2.950520e+02 5.157386e+01
         vertex 9.273859e+00 2.950520e+02 5.089003e+01
      endloop
   endfacet
   facet normal 1.238679e-01 2.632926e-01 9.567308e-01
      outer loop
         vertex 3.921919e+00 2.983816e+02 5.066665e+01
         vertex 9.273859e+00 2.950520e+02 5.089003e+01
         vertex 9.110727e+00 2.983816e+02 4.999485e+01
      endloop
   endfacet
   facet normal 1.241198e-01 2.559975e-01 9.586759e-01
      outer loop
         vertex 3.992143e+00 2.950520e+02 5.157386e+01
         vertex 4.128718e+00 2.883784e+02 5.333825e+01
         vertex 9.591127e+00 2.883784e+02 5.263103e+01
      endloop
   endfacet
   facet normal 1.241196e-01 2.559973e-01 9.586760e-01
      outer loop
         vertex 3.992143e+00 2.950520e+02 5.157386e+01
         vertex 9.591127e+00 2.883784e+02 5.263103e+01
         vertex 9.273859e+00 2.950520e+02 5.089003e+01
      endloop
   endfacet
   facet normal 1.246022e-01 2.413772e-01 9.623988e-01
      outer loop
         vertex 4.128718e+00 2.883784e+02 5.333825e+01
         vertex 4.386324e+00 2.749764e+02 5.666623e+01
         vertex 1.018955e+01 2.749764e+02 5.591488e+01
      endloop
   endfacet
   facet normal 1.246018e-01 2.413770e-01 9.623988e-01
      outer loop
         vertex 4.128718e+00 2.883784e+02 5.333825e+01
         vertex 1.018955e+01 2.749764e+02 5.591488e+01
         vertex 9.591127e+00 2.883784e+02 5.263103e+01
      endloop
   endfacet
   facet normal 1.253960e-01 2.149936e-01 9.685317e-01
      outer loop
         vertex 4.386324e+00 2.749764e+02 5.666623e+01
         vertex 4.775612e+00 2.520934e+02 6.169538e+01
         vertex 1.109388e+01 2.520934e+02 6.087735e+01
      endloop
   endfacet
   facet normal 1.253962e-01 2.149937e-01 9.685316e-01
      outer loop
         vertex 4.386324e+00 2.749764e+02 5.666623e+01
         vertex 1.109388e+01 2.520934e+02 6.087735e+01
         vertex 1.018955e+01 2.749764e+02 5.591488e+01
      endloop
   endfacet
   facet normal 1.262630e-01 1.815781e-01 9.752369e-01
      outer loop
         vertex 4.775612e+00 2.520934e+02 6.169538e+01
         vertex 5.104431e+00 2.290494e+02 6.594333e+01
         vertex 1.185774e+01 2.290494e+02 6.506898e+01
      endloop
   endfacet
   facet normal 1.262641e-01 1.815785e-01 9.752367e-01
      outer loop
         vertex 4.775612e+00 2.520934e+02 6.169538e+01
         vertex 1.185774e+01 2.290494e+02 6.506898e+01
         vertex 1.109388e+01 2.520934e+02 6.087735e+01
      endloop
   endfacet
   facet normal 1.267564e-01 1.594143e-01 9.790403e-01
      outer loop
         vertex 5.104431e+00 2.290494e+02 6.594333e+01
         vertex 5.196188e+00 2.216963e+02 6.712873e+01
         vertex 1.207089e+01 2.216963e+02 6.623866e+01
      endloop
   endfacet
   facet normal 1.267554e-01 1.594134e-01 9.790406e-01
      outer loop
         vertex 5.104431e+00 2.290494e+02 6.594333e+01
         vertex 1.207089e+01 2.216963e+02 6.623866e+01
         vertex 1.185774e+01 2.290494e+02 6.506898e+01
      endloop
   endfacet
   facet normal 1.268923e-01 1.527216e-01 9.800890e-01
      outer loop
         vertex 5.196188e+00 2.216963e+02 6.712873e+01
         vertex 5.217965e+00 2.198728e+02 6.741006e+01
         vertex 1.212148e+01 2.198728e+02 6.651626e+01
      endloop
   endfacet
   facet normal 1.268922e-01 1.527213e-01 9.800891e-01
      outer loop
         vertex 5.196188e+00 2.216963e+02 6.712873e+01
         vertex 1.212148e+01 2.198728e+02 6.651626e+01
         vertex 1.207089e+01 2.216963e+02 6.623866e+01
      endloop
   endfacet
   facet normal 1.269706e-01 1.487544e-01 9.806888e-01
      outer loop
         vertex 5.217965e+00 2.198728e+02 6.741006e+01
         vertex 5.260384e+00 2.162238e+02 6.795806e+01
         vertex 1.222002e+01 2.162238e+02 6.705699e+01
      endloop
   endfacet
   facet normal 1.269700e-01 1.487532e-01 9.806891e-01
      outer loop
         vertex 5.217965e+00 2.198728e+02 6.741006e+01
         vertex 1.222002e+01 2.162238e+02 6.705699e+01
         vertex 1.212148e+01 2.198728e+02 6.651626e+01
      endloop
   endfacet
   facet normal 1.271184e-01 1.408615e-01 9.818345e-01
      outer loop
         vertex 5.260384e+00 2.162238e+02 6.795806e+01
         vertex 5.340712e+00 2.089180e+02 6.899581e+01
         vertex 1.240662e+01 2.089180e+02 6.808099e+01
      endloop
   endfacet
   facet normal 1.271189e-01 1.408620e-01 9.818343e-01
      outer loop
         vertex 5.260384e+00 2.162238e+02 6.795806e+01
         vertex 1.240662e+01 2.089180e+02 6.808099e+01
         vertex 1.222002e+01 2.162238e+02 6.705699e+01
      endloop
   endfacet
   facet normal 1.273866e-01 1.252780e-01 9.839096e-01
      outer loop
         vertex 5.340712e+00 2.089180e+02 6.899581e+01
         vertex 5.483570e+00 1.942780e+02 7.084137e+01
         vertex 1.273849e+01 1.942780e+02 6.990208e+01
      endloop
   endfacet
   facet normal 1.273870e-01 1.252782e-01 9.839095e-01
      outer loop
         vertex 5.340712e+00 2.089180e+02 6.899581e+01
         vertex 1.273849e+01 1.942780e+02 6.990208e+01
         vertex 1.240662e+01 2.089180e+02 6.808099e+01
      endloop
   endfacet
   facet normal 1.277715e-01 9.864223e-02 9.868861e-01
      outer loop
         vertex 5.483570e+00 1.942780e+02 7.084137e+01
         vertex 5.666163e+00 1.704415e+02 7.320026e+01
         vertex 1.316266e+01 1.704415e+02 7.222970e+01
      endloop
   endfacet
   facet normal 1.277720e-01 9.864239e-02 9.868860e-01
      outer loop
         vertex 5.483570e+00 1.942780e+02 7.084137e+01
         vertex 1.316266e+01 1.704415e+02 7.222970e+01
         vertex 1.273849e+01 1.942780e+02 6.990208e+01
      endloop
   endfacet
   facet normal 1.281214e-01 6.562692e-02 9.895848e-01
      outer loop
         vertex 5.666163e+00 1.704415e+02 7.320026e+01
         vertex 5.796285e+00 1.448394e+02 7.488129e+01
         vertex 1.346493e+01 1.448394e+02 7.388843e+01
      endloop
   endfacet
   facet normal 1.281209e-01 6.562675e-02 9.895848e-01
      outer loop
         vertex 5.666163e+00 1.704415e+02 7.320026e+01
         vertex 1.346493e+01 1.448394e+02 7.388843e+01
         vertex 1.316266e+01 1.704415e+02 7.222970e+01
      endloop
   endfacet
   facet normal 2.155813e-01 3.450473e-01 9.134917e-01
      outer loop
         vertex 5.149383e+00 3.650903e+02 2.825709e+01
         vertex 6.638011e+00 3.425338e+02 3.642589e+01
         vertex 1.034818e+01 3.425338e+02 3.555030e+01
      endloop
   endfacet
   facet normal 2.155818e-01 3.450474e-01 9.134916e-01
      outer loop
         vertex 5.149383e+00 3.650903e+02 2.825709e+01
         vertex 1.034818e+01 3.425338e+02 3.555030e+01
         vertex 8.027513e+00 3.650903e+02 2.757786e+01
      endloop
   endfacet
   facet normal 2.181329e-01 3.131860e-01 9.243011e-01
      outer loop
         vertex 6.638011e+00 3.425338e+02 3.642589e+01
         vertex 7.976116e+00 3.199311e+02 4.376871e+01
         vertex 1.243418e+01 3.199311e+02 4.271661e+01
      endloop
   endfacet
   facet normal 2.181323e-01 3.131859e-01 9.243013e-01
      outer loop
         vertex 6.638011e+00 3.425338e+02 3.642589e+01
         vertex 1.243418e+01 3.199311e+02 4.271661e+01
         vertex 1.034818e+01 3.425338e+02 3.555030e+01
      endloop
   endfacet
   facet normal 2.203224e-01 2.826410e-01 9.335803e-01
      outer loop
         vertex 7.976116e+00 3.199311e+02 4.376871e+01
         vertex 9.028038e+00 3.000446e+02 4.954110e+01
         vertex 1.407405e+01 3.000446e+02 4.835025e+01
      endloop
   endfacet
   facet normal 2.203227e-01 2.826411e-01 9.335802e-01
      outer loop
         vertex 7.976116e+00 3.199311e+02 4.376871e+01
         vertex 1.407405e+01 3.000446e+02 4.835025e+01
         vertex 1.243418e+01 3.199311e+02 4.271661e+01
      endloop
   endfacet
   facet normal 2.213539e-01 2.669343e-01 9.379491e-01
      outer loop
         vertex 9.028038e+00 3.000446e+02 4.954110e+01
         vertex 9.110727e+00 2.983816e+02 4.999485e+01
         vertex 1.420296e+01 2.983816e+02 4.879309e+01
      endloop
   endfacet
   facet normal 2.213535e-01 2.669328e-01 9.379496e-01
      outer loop
         vertex 9.028038e+00 3.000446e+02 4.954110e+01
         vertex 1.420296e+01 2.983816e+02 4.879309e+01
         vertex 1.407405e+01 3.000446e+02 4.835025e+01
      endloop
   endfacet
   facet normal 2.215833e-01 2.632926e-01 9.389238e-01
      outer loop
         vertex 9.110727e+00 2.983816e+02 4.999485e+01
         vertex 9.273859e+00 2.950520e+02 5.089003e+01
         vertex 1.445727e+01 2.950520e+02 4.966676e+01
      endloop
   endfacet
   facet normal 2.215839e-01 2.632935e-01 9.389234e-01
      outer loop
         vertex 9.110727e+00 2.983816e+02 4.999485e+01
         vertex 1.445727e+01 2.950520e+02 4.966676e+01
         vertex 1.420296e+01 2.983816e+02 4.879309e+01
      endloop
   endfacet
   facet normal 2.220341e-01 2.559973e-01 9.408327e-01
      outer loop
         vertex 9.273859e+00 2.950520e+02 5.089003e+01
         vertex 9.591127e+00 2.883784e+02 5.263103e+01
         vertex 1.495187e+01 2.883784e+02 5.136591e+01
      endloop
   endfacet
   facet normal 2.220339e-01 2.559971e-01 9.408328e-01
      outer loop
         vertex 9.273859e+00 2.950520e+02 5.089003e+01
         vertex 1.495187e+01 2.883784e+02 5.136591e+01
         vertex 1.445727e+01 2.950520e+02 4.966676e+01
      endloop
   endfacet
   facet normal 2.228961e-01 2.413770e-01 9.444864e-01
      outer loop
         vertex 9.591127e+00 2.883784e+02 5.263103e+01
         vertex 1.018955e+01 2.749764e+02 5.591488e+01
         vertex 1.588477e+01 2.749764e+02 5.457083e+01
      endloop
   endfacet
   facet normal 2.228964e-01 2.413771e-01 9.444863e-01
      outer loop
         vertex 9.591127e+00 2.883784e+02 5.263103e+01
         vertex 1.588477e+01 2.749764e+02 5.457083e+01
         vertex 1.495187e+01 2.883784e+02 5.136591e+01
      endloop
   endfacet
   facet normal 2.243165e-01 2.149937e-01 9.505050e-01
      outer loop
         vertex 1.018955e+01 2.749764e+02 5.591488e+01
         vertex 1.109388e+01 2.520934e+02 6.087735e+01
         vertex 1.729455e+01 2.520934e+02 5.941401e+01
      endloop
   endfacet
   facet normal 2.243165e-01 2.149937e-01 9.505050e-01
      outer loop
         vertex 1.018955e+01 2.749764e+02 5.591488e+01
         vertex 1.729455e+01 2.520934e+02 5.941401e+01
         vertex 1.588477e+01 2.749764e+02 5.457083e+01
      endloop
   endfacet
   facet normal 2.258701e-01 1.815784e-01 9.570851e-01
      outer loop
         vertex 1.109388e+01 2.520934e+02 6.087735e+01
         vertex 1.185774e+01 2.290494e+02 6.506898e+01
         vertex 1.848535e+01 2.290494e+02 6.350488e+01
      endloop
   endfacet
   facet normal 2.258694e-01 1.815782e-01 9.570853e-01
      outer loop
         vertex 1.109388e+01 2.520934e+02 6.087735e+01
         vertex 1.848535e+01 2.290494e+02 6.350488e+01
         vertex 1.729455e+01 2.520934e+02 5.941401e+01
      endloop
   endfacet
   facet normal 2.267508e-01 1.594134e-01 9.608181e-01
      outer loop
         vertex 1.185774e+01 2.290494e+02 6.506898e+01
         vertex 1.207089e+01 2.216963e+02 6.623866e+01
         vertex 1.881764e+01 2.216963e+02 6.464645e+01
      endloop
   endfacet
   facet normal 2.267510e-01 1.594136e-01 9.608180e-01
      outer loop
         vertex 1.185774e+01 2.290494e+02 6.506898e+01
         vertex 1.881764e+01 2.216963e+02 6.464645e+01
         vertex 1.848535e+01 2.290494e+02 6.350488e+01
      endloop
   endfacet
   facet normal 2.269930e-01 1.527213e-01 9.618474e-01
      outer loop
         vertex 1.207089e+01 2.216963e+02 6.623866e+01
         vertex 1.212148e+01 2.198728e+02 6.651626e+01
         vertex 1.889650e+01 2.198728e+02 6.491737e+01
      endloop
   endfacet
   facet normal 2.269936e-01 1.527238e-01 9.618468e-01
      outer loop
         vertex 1.207089e+01 2.216963e+02 6.623866e+01
         vertex 1.889650e+01 2.198728e+02 6.491737e+01
         vertex 1.881764e+01 2.216963e+02 6.464645e+01
      endloop
   endfacet
   facet normal 2.271324e-01 1.487532e-01 9.624362e-01
      outer loop
         vertex 1.212148e+01 2.198728e+02 6.651626e+01
         vertex 1.222002e+01 2.162238e+02 6.705699e+01
         vertex 1.905012e+01 2.162238e+02 6.544511e+01
      endloop
   endfacet
   facet normal 2.271320e-01 1.487525e-01 9.624364e-01
      outer loop
         vertex 1.212148e+01 2.198728e+02 6.651626e+01
         vertex 1.905012e+01 2.162238e+02 6.544511e+01
         vertex 1.889650e+01 2.198728e+02 6.491737e+01
      endloop
   endfacet
   facet normal 2.273974e-01 1.408620e-01 9.635602e-01
      outer loop
         vertex 1.222002e+01 2.162238e+02 6.705699e+01
         vertex 1.240662e+01 2.089180e+02 6.808099e+01
         vertex 1.934102e+01 2.089180e+02 6.644449e+01
      endloop
   endfacet
   facet normal 2.273976e-01 1.408622e-01 9.635601e-01
      outer loop
         vertex 1.222002e+01 2.162238e+02 6.705699e+01
         vertex 1.934102e+01 2.089180e+02 6.644449e+01
         vertex 1.905012e+01 2.162238e+02 6.544511e+01
      endloop
   endfacet
   facet normal 2.278783e-01 1.252782e-01 9.655966e-01
      outer loop
         vertex 1.240662e+01 2.089180e+02 6.808099e+01
         vertex 1.273849e+01 1.942780e+02 6.990208e+01
         vertex 1.985837e+01 1.942780e+02 6.822180e+01
      endloop
   endfacet
   facet normal 2.278780e-01 1.252780e-01 9.655967e-01
      outer loop
         vertex 1.240662e+01 2.089180e+02 6.808099e+01
         vertex 1.985837e+01 1.942780e+02 6.822180e+01
         vertex 1.934102e+01 2.089180e+02 6.644449e+01
      endloop
   endfacet
   facet normal 2.285682e-01 9.864238e-02 9.685176e-01
      outer loop
         vertex 1.273849e+01 1.942780e+02 6.990208e+01
         vertex 1.316266e+01 1.704415e+02 7.222970e+01
         vertex 2.051962e+01 1.704415e+02 7.049347e+01
      endloop
   endfacet
   facet normal 2.285677e-01 9.864223e-02 9.685177e-01
      outer loop
         vertex 1.273849e+01 1.942780e+02 6.990208e+01
         vertex 2.051962e+01 1.704415e+02 7.049347e+01
         vertex 1.985837e+01 1.942780e+02 6.822180e+01
      endloop
   endfacet
   facet normal 2.291922e-01 6.562676e-02 9.711663e-01
      outer loop
         vertex 1.316266e+01 1.704415e+02 7.222970e+01
         vertex 1.346493e+01 1.448394e+02 7.388843e+01
         vertex 2.099085e+01 1.448394e+02 7.211234e+01
      endloop
   endfacet
   facet normal 2.291932e-01 6.562707e-02 9.711661e-01
      outer loop
         vertex 1.316266e+01 1.704415e+02 7.222970e+01
         vertex 2.099085e+01 1.448394e+02 7.211234e+01
         vertex 2.051962e+01 1.704415e+02 7.049347e+01
      endloop
   endfacet
   facet normal 3.083648e-01 3.450474e-01 8.864838e-01
      outer loop
         vertex 8.027513e+00 3.650903e+02 2.757786e+01
         vertex 1.034818e+01 3.425338e+02 3.555030e+01
         vertex 1.394865e+01 3.425338e+02 3.429787e+01
      endloop
   endfacet
   facet normal 3.083647e-01 3.450473e-01 8.864838e-01
      outer loop
         vertex 8.027513e+00 3.650903e+02 2.757786e+01
         vertex 1.394865e+01 3.425338e+02 3.429787e+01
         vertex 1.082055e+01 3.650903e+02 2.660629e+01
      endloop
   endfacet
   facet normal 3.120139e-01 3.131860e-01 8.969737e-01
      outer loop
         vertex 1.034818e+01 3.425338e+02 3.555030e+01
         vertex 1.243418e+01 3.199311e+02 4.271661e+01
         vertex 1.676045e+01 3.199311e+02 4.121172e+01
      endloop
   endfacet
   facet normal 3.120138e-01 3.131859e-01 8.969738e-01
      outer loop
         vertex 1.034818e+01 3.425338e+02 3.555030e+01
         vertex 1.676045e+01 3.199311e+02 4.121172e+01
         vertex 1.394865e+01 3.425338e+02 3.429787e+01
      endloop
   endfacet
   facet normal 3.151460e-01 2.826411e-01 9.059785e-01
      outer loop
         vertex 1.243418e+01 3.199311e+02 4.271661e+01
         vertex 1.407405e+01 3.000446e+02 4.835025e+01
         vertex 1.897088e+01 3.000446e+02 4.664688e+01
      endloop
   endfacet
   facet normal 3.151462e-01 2.826411e-01 9.059784e-01
      outer loop
         vertex 1.243418e+01 3.199311e+02 4.271661e+01
         vertex 1.897088e+01 3.000446e+02 4.664688e+01
         vertex 1.676045e+01 3.199311e+02 4.121172e+01
      endloop
   endfacet
   facet normal 3.166212e-01 2.669328e-01 9.102186e-01
      outer loop
         vertex 1.407405e+01 3.000446e+02 4.835025e+01
         vertex 1.420296e+01 2.983816e+02 4.879309e+01
         vertex 1.914464e+01 2.983816e+02 4.707412e+01
      endloop
   endfacet
   facet normal 3.166210e-01 2.669322e-01 9.102188e-01
      outer loop
         vertex 1.407405e+01 3.000446e+02 4.835025e+01
         vertex 1.914464e+01 2.983816e+02 4.707412e+01
         vertex 1.897088e+01 3.000446e+02 4.664688e+01
      endloop
   endfacet
   facet normal 3.169501e-01 2.632935e-01 9.111636e-01
      outer loop
         vertex 1.420296e+01 2.983816e+02 4.879309e+01
         vertex 1.445727e+01 2.950520e+02 4.966676e+01
         vertex 1.948743e+01 2.950520e+02 4.791701e+01
      endloop
   endfacet
   facet normal 3.169500e-01 2.632931e-01 9.111638e-01
      outer loop
         vertex 1.420296e+01 2.983816e+02 4.879309e+01
         vertex 1.948743e+01 2.950520e+02 4.791701e+01
         vertex 1.914464e+01 2.983816e+02 4.707412e+01
      endloop
   endfacet
   facet normal 3.175946e-01 2.559971e-01 9.130165e-01
      outer loop
         vertex 1.445727e+01 2.950520e+02 4.966676e+01
         vertex 1.495187e+01 2.883784e+02 5.136591e+01
         vertex 2.015412e+01 2.883784e+02 4.955630e+01
      endloop
   endfacet
   facet normal 3.175946e-01 2.559972e-01 9.130165e-01
      outer loop
         vertex 1.445727e+01 2.950520e+02 4.966676e+01
         vertex 2.015412e+01 2.883784e+02 4.955630e+01
         vertex 1.948743e+01 2.950520e+02 4.791701e+01
      endloop
   endfacet
   facet normal 3.188278e-01 2.413771e-01 9.165620e-01
      outer loop
         vertex 1.495187e+01 2.883784e+02 5.136591e+01
         vertex 1.588477e+01 2.749764e+02 5.457083e+01
         vertex 2.141161e+01 2.749764e+02 5.264831e+01
      endloop
   endfacet
   facet normal 3.188279e-01 2.413772e-01 9.165620e-01
      outer loop
         vertex 1.495187e+01 2.883784e+02 5.136591e+01
         vertex 2.141161e+01 2.749764e+02 5.264831e+01
         vertex 2.015412e+01 2.883784e+02 4.955630e+01
      endloop
   endfacet
   facet normal 3.208600e-01 2.149936e-01 9.224026e-01
      outer loop
         vertex 1.588477e+01 2.749764e+02 5.457083e+01
         vertex 1.729455e+01 2.520934e+02 5.941401e+01
         vertex 2.331190e+01 2.520934e+02 5.732086e+01
      endloop
   endfacet
   facet normal 3.208595e-01 2.149935e-01 9.224028e-01
      outer loop
         vertex 1.588477e+01 2.749764e+02 5.457083e+01
         vertex 2.331190e+01 2.520934e+02 5.732086e+01
         vertex 2.141161e+01 2.749764e+02 5.264831e+01
      endloop
   endfacet
   facet normal 3.230810e-01 1.815782e-01 9.287885e-01
      outer loop
         vertex 1.729455e+01 2.520934e+02 5.941401e+01
         vertex 1.848535e+01 2.290494e+02 6.350488e+01
         vertex 2.491701e+01 2.290494e+02 6.126762e+01
      endloop
   endfacet
   facet normal 3.230812e-01 1.815783e-01 9.287884e-01
      outer loop
         vertex 1.729455e+01 2.520934e+02 5.941401e+01
         vertex 2.491701e+01 2.290494e+02 6.126762e+01
         vertex 2.331190e+01 2.520934e+02 5.732086e+01
      endloop
   endfacet
   facet normal 3.243407e-01 1.594136e-01 9.324111e-01
      outer loop
         vertex 1.848535e+01 2.290494e+02 6.350488e+01
         vertex 1.881764e+01 2.216963e+02 6.464645e+01
         vertex 2.536492e+01 2.216963e+02 6.236897e+01
      endloop
   endfacet
   facet normal 3.243410e-01 1.594139e-01 9.324109e-01
      outer loop
         vertex 1.848535e+01 2.290494e+02 6.350488e+01
         vertex 2.536492e+01 2.216963e+02 6.236897e+01
         vertex 2.491701e+01 2.290494e+02 6.126762e+01
      endloop
   endfacet
   facet normal 3.246885e-01 1.527238e-01 9.334092e-01
      outer loop
         vertex 1.881764e+01 2.216963e+02 6.464645e+01
         vertex 1.889650e+01 2.198728e+02 6.491737e+01
         vertex 2.547122e+01 2.198728e+02 6.263034e+01
      endloop
   endfacet
   facet normal 3.246881e-01 1.527218e-01 9.334097e-01
      outer loop
         vertex 1.881764e+01 2.216963e+02 6.464645e+01
         vertex 2.547122e+01 2.198728e+02 6.263034e+01
         vertex 2.536492e+01 2.216963e+02 6.236897e+01
      endloop
   endfacet
   facet normal 3.248865e-01 1.487525e-01 9.339815e-01
      outer loop
         vertex 1.889650e+01 2.198728e+02 6.491737e+01
         vertex 1.905012e+01 2.162238e+02 6.544511e+01
         vertex 2.567828e+01 2.162238e+02 6.313949e+01
      endloop
   endfacet
   facet normal 3.248874e-01 1.487543e-01 9.339809e-01
      outer loop
         vertex 1.889650e+01 2.198728e+02 6.491737e+01
         vertex 2.567828e+01 2.162238e+02 6.313949e+01
         vertex 2.547122e+01 2.198728e+02 6.263034e+01
      endloop
   endfacet
   facet normal 3.252666e-01 1.408622e-01 9.350719e-01
      outer loop
         vertex 1.905012e+01 2.162238e+02 6.544511e+01
         vertex 1.934102e+01 2.089180e+02 6.644449e+01
         vertex 2.607040e+01 2.089180e+02 6.410366e+01
      endloop
   endfacet
   facet normal 3.252659e-01 1.408615e-01 9.350722e-01
      outer loop
         vertex 1.905012e+01 2.162238e+02 6.544511e+01
         vertex 2.607040e+01 2.089180e+02 6.410366e+01
         vertex 2.567828e+01 2.162238e+02 6.313949e+01
      endloop
   endfacet
   facet normal 3.259532e-01 1.252780e-01 9.370485e-01
      outer loop
         vertex 1.934102e+01 2.089180e+02 6.644449e+01
         vertex 1.985837e+01 1.942780e+02 6.822180e+01
         vertex 2.676776e+01 1.942780e+02 6.581837e+01
      endloop
   endfacet
   facet normal 3.259540e-01 1.252785e-01 9.370482e-01
      outer loop
         vertex 1.934102e+01 2.089180e+02 6.644449e+01
         vertex 2.676776e+01 1.942780e+02 6.581837e+01
         vertex 2.607040e+01 2.089180e+02 6.410366e+01
      endloop
   endfacet
   facet normal 3.269395e-01 9.864224e-02 9.398831e-01
      outer loop
         vertex 1.985837e+01 1.942780e+02 6.822180e+01
         vertex 2.051962e+01 1.704415e+02 7.049347e+01
         vertex 2.765907e+01 1.704415e+02 6.801000e+01
      endloop
   endfacet
   facet normal 3.269392e-01 9.864215e-02 9.398832e-01
      outer loop
         vertex 1.985837e+01 1.942780e+02 6.822180e+01
         vertex 2.765907e+01 1.704415e+02 6.801000e+01
         vertex 2.676776e+01 1.942780e+02 6.581837e+01
      endloop
   endfacet
   facet normal 3.278341e-01 6.562705e-02 9.424531e-01
      outer loop
         vertex 2.051962e+01 1.704415e+02 7.049347e+01
         vertex 2.099085e+01 1.448394e+02 7.211234e+01
         vertex 2.829426e+01 1.448394e+02 6.957183e+01
      endloop
   endfacet
   facet normal 3.278335e-01 6.562687e-02 9.424533e-01
      outer loop
         vertex 2.051962e+01 1.704415e+02 7.049347e+01
         vertex 2.829426e+01 1.448394e+02 6.957183e+01
         vertex 2.765907e+01 1.704415e+02 6.801000e+01
      endloop
   endfacet
   facet normal 3.978799e-01 3.450473e-01 8.500788e-01
      outer loop
         vertex 1.082055e+01 3.650903e+02 2.660629e+01
         vertex 1.394865e+01 3.425338e+02 3.429787e+01
         vertex 1.740126e+01 3.425338e+02 3.268188e+01
      endloop
   endfacet
   facet normal 3.978801e-01 3.450474e-01 8.500787e-01
      outer loop
         vertex 1.082055e+01 3.650903e+02 2.660629e+01
         vertex 1.740126e+01 3.425338e+02 3.268188e+01
         vertex 1.349888e+01 3.650903e+02 2.535270e+01
      endloop
   endfacet
   facet normal 4.025881e-01 3.131859e-01 8.601380e-01
      outer loop
         vertex 1.394865e+01 3.425338e+02 3.429787e+01
         vertex 1.676045e+01 3.199311e+02 4.121172e+01
         vertex 2.090904e+01 3.199311e+02 3.926996e+01
      endloop
   endfacet
   facet normal 4.025882e-01 3.131860e-01 8.601380e-01
      outer loop
         vertex 1.394865e+01 3.425338e+02 3.429787e+01
         vertex 2.090904e+01 3.199311e+02 3.926996e+01
         vertex 1.740126e+01 3.425338e+02 3.268188e+01
      endloop
   endfacet
   facet normal 4.066300e-01 2.826411e-01 8.687727e-01
      outer loop
         vertex 1.676045e+01 3.199311e+02 4.121172e+01
         vertex 1.897088e+01 3.000446e+02 4.664688e+01
         vertex 2.366661e+01 3.000446e+02 4.444904e+01
      endloop
   endfacet
   facet normal 4.066296e-01 2.826410e-01 8.687729e-01
      outer loop
         vertex 1.676045e+01 3.199311e+02 4.121172e+01
         vertex 2.366661e+01 3.000446e+02 4.444904e+01
         vertex 2.090904e+01 3.199311e+02 3.926996e+01
      endloop
   endfacet
   facet normal 4.085326e-01 2.669322e-01 8.728392e-01
      outer loop
         vertex 1.897088e+01 3.000446e+02 4.664688e+01
         vertex 1.914464e+01 2.983816e+02 4.707412e+01
         vertex 2.388338e+01 2.983816e+02 4.485616e+01
      endloop
   endfacet
   facet normal 4.085330e-01 2.669342e-01 8.728384e-01
      outer loop
         vertex 1.897088e+01 3.000446e+02 4.664688e+01
         vertex 2.388338e+01 2.983816e+02 4.485616e+01
         vertex 2.366661e+01 3.000446e+02 4.444904e+01
      endloop
   endfacet
   facet normal 4.089570e-01 2.632932e-01 8.737453e-01
      outer loop
         vertex 1.914464e+01 2.983816e+02 4.707412e+01
         vertex 1.948743e+01 2.950520e+02 4.791701e+01
         vertex 2.431102e+01 2.950520e+02 4.565933e+01
      endloop
   endfacet
   facet normal 4.089568e-01 2.632928e-01 8.737455e-01
      outer loop
         vertex 1.914464e+01 2.983816e+02 4.707412e+01
         vertex 2.431102e+01 2.950520e+02 4.565933e+01
         vertex 2.388338e+01 2.983816e+02 4.485616e+01
      endloop
   endfacet
   facet normal 4.097883e-01 2.559972e-01 8.755221e-01
      outer loop
         vertex 1.948743e+01 2.950520e+02 4.791701e+01
         vertex 2.015412e+01 2.883784e+02 4.955630e+01
         vertex 2.514272e+01 2.883784e+02 4.722138e+01
      endloop
   endfacet
   facet normal 4.097885e-01 2.559974e-01 8.755220e-01
      outer loop
         vertex 1.948743e+01 2.950520e+02 4.791701e+01
         vertex 2.514272e+01 2.883784e+02 4.722138e+01
         vertex 2.431102e+01 2.950520e+02 4.565933e+01
      endloop
   endfacet
   facet normal 4.113799e-01 2.413771e-01 8.789219e-01
      outer loop
         vertex 2.015412e+01 2.883784e+02 4.955630e+01
         vertex 2.141161e+01 2.749764e+02 5.264831e+01
         vertex 2.671148e+01 2.749764e+02 5.016770e+01
      endloop
   endfacet
   facet normal 4.113797e-01 2.413770e-01 8.789220e-01
      outer loop
         vertex 2.015412e+01 2.883784e+02 4.955630e+01
         vertex 2.671148e+01 2.749764e+02 5.016770e+01
         vertex 2.514272e+01 2.883784e+02 4.722138e+01
      endloop
   endfacet
   facet normal 4.140013e-01 2.149935e-01 8.845229e-01
      outer loop
         vertex 2.141161e+01 2.749764e+02 5.264831e+01
         vertex 2.331190e+01 2.520934e+02 5.732086e+01
         vertex 2.908213e+01 2.520934e+02 5.462010e+01
      endloop
   endfacet
   facet normal 4.140014e-01 2.149936e-01 8.845228e-01
      outer loop
         vertex 2.141161e+01 2.749764e+02 5.264831e+01
         vertex 2.908213e+01 2.520934e+02 5.462010e+01
         vertex 2.671148e+01 2.749764e+02 5.016770e+01
      endloop
   endfacet
   facet normal 4.168672e-01 1.815783e-01 8.906464e-01
      outer loop
         vertex 2.331190e+01 2.520934e+02 5.732086e+01
         vertex 2.491701e+01 2.290494e+02 6.126762e+01
         vertex 3.108454e+01 2.290494e+02 5.838090e+01
      endloop
   endfacet
   facet normal 4.168674e-01 1.815784e-01 8.906463e-01
      outer loop
         vertex 2.331190e+01 2.520934e+02 5.732086e+01
         vertex 3.108454e+01 2.290494e+02 5.838090e+01
         vertex 2.908213e+01 2.520934e+02 5.462010e+01
      endloop
   endfacet
   facet normal 4.184935e-01 1.594139e-01 8.941199e-01
      outer loop
         vertex 2.491701e+01 2.290494e+02 6.126762e+01
         vertex 2.536492e+01 2.216963e+02 6.236897e+01
         vertex 3.164332e+01 2.216963e+02 5.943036e+01
      endloop
   endfacet
   facet normal 4.184931e-01 1.594135e-01 8.941202e-01
      outer loop
         vertex 2.491701e+01 2.290494e+02 6.126762e+01
         vertex 3.164332e+01 2.216963e+02 5.943036e+01
         vertex 3.108454e+01 2.290494e+02 5.838090e+01
      endloop
   endfacet
   facet normal 4.189415e-01 1.527218e-01 8.950777e-01
      outer loop
         vertex 2.536492e+01 2.216963e+02 6.236897e+01
         vertex 2.547122e+01 2.198728e+02 6.263034e+01
         vertex 3.177593e+01 2.198728e+02 5.967942e+01
      endloop
   endfacet
   facet normal 4.189417e-01 1.527229e-01 8.950774e-01
      outer loop
         vertex 2.536492e+01 2.216963e+02 6.236897e+01
         vertex 3.177593e+01 2.198728e+02 5.967942e+01
         vertex 3.164332e+01 2.216963e+02 5.943036e+01
      endloop
   endfacet
   facet normal 4.191981e-01 1.487543e-01 8.956255e-01
      outer loop
         vertex 2.547122e+01 2.198728e+02 6.263034e+01
         vertex 2.567828e+01 2.162238e+02 6.313949e+01
         vertex 3.203425e+01 2.162238e+02 6.016458e+01
      endloop
   endfacet
   facet normal 4.191979e-01 1.487539e-01 8.956257e-01
      outer loop
         vertex 2.547122e+01 2.198728e+02 6.263034e+01
         vertex 3.203425e+01 2.162238e+02 6.016458e+01
         vertex 3.177593e+01 2.198728e+02 5.967942e+01
      endloop
   endfacet
   facet normal 4.196875e-01 1.408616e-01 8.966718e-01
      outer loop
         vertex 2.567828e+01 2.162238e+02 6.313949e+01
         vertex 2.607040e+01 2.089180e+02 6.410366e+01
         vertex 3.252343e+01 2.089180e+02 6.108332e+01
      endloop
   endfacet
   facet normal 4.196878e-01 1.408618e-01 8.966717e-01
      outer loop
         vertex 2.567828e+01 2.162238e+02 6.313949e+01
         vertex 3.252343e+01 2.089180e+02 6.108332e+01
         vertex 3.203425e+01 2.162238e+02 6.016458e+01
      endloop
   endfacet
   facet normal 4.205748e-01 1.252785e-01 8.985667e-01
      outer loop
         vertex 2.607040e+01 2.089180e+02 6.410366e+01
         vertex 2.676776e+01 1.942780e+02 6.581837e+01
         vertex 3.339339e+01 1.942780e+02 6.271723e+01
      endloop
   endfacet
   facet normal 4.205745e-01 1.252783e-01 8.985669e-01
      outer loop
         vertex 2.607040e+01 2.089180e+02 6.410366e+01
         vertex 3.339339e+01 1.942780e+02 6.271723e+01
         vertex 3.252343e+01 2.089180e+02 6.108332e+01
      endloop
   endfacet
   facet normal 4.218474e-01 9.864215e-02 9.012849e-01
      outer loop
         vertex 2.676776e+01 1.942780e+02 6.581837e+01
         vertex 2.765907e+01 1.704415e+02 6.801000e+01
         vertex 3.450533e+01 1.704415e+02 6.480560e+01
      endloop
   endfacet
   facet normal 4.218471e-01 9.864205e-02 9.012850e-01
      outer loop
         vertex 2.676776e+01 1.942780e+02 6.581837e+01
         vertex 3.450533e+01 1.704415e+02 6.480560e+01
         vertex 3.339339e+01 1.942780e+02 6.271723e+01
      endloop
   endfacet
   facet normal 4.230007e-01 6.562686e-02 9.037497e-01
      outer loop
         vertex 2.765907e+01 1.704415e+02 6.801000e+01
         vertex 2.829426e+01 1.448394e+02 6.957183e+01
         vertex 3.529774e+01 1.448394e+02 6.629385e+01
      endloop
   endfacet
   facet normal 4.230010e-01 6.562696e-02 9.037495e-01
      outer loop
         vertex 2.765907e+01 1.704415e+02 6.801000e+01
         vertex 3.529774e+01 1.448394e+02 6.629385e+01
         vertex 3.450533e+01 1.704415e+02 6.480560e+01
      endloop
   endfacet
   facet normal 4.831770e-01 3.450474e-01 8.046629e-01
      outer loop
         vertex 1.349888e+01 3.650903e+02 2.535270e+01
         vertex 1.740126e+01 3.425338e+02 3.268188e+01
         vertex 2.066941e+01 3.425338e+02 3.071944e+01
      endloop
   endfacet
   facet normal 4.831767e-01 3.450473e-01 8.046630e-01
      outer loop
         vertex 1.349888e+01 3.650903e+02 2.535270e+01
         vertex 2.066941e+01 3.425338e+02 3.071944e+01
         vertex 1.603413e+01 3.650903e+02 2.383036e+01
      endloop
   endfacet
   facet normal 4.888945e-01 3.131860e-01 8.141847e-01
      outer loop
         vertex 1.740126e+01 3.425338e+02 3.268188e+01
         vertex 2.090904e+01 3.199311e+02 3.926996e+01
         vertex 2.483600e+01 3.199311e+02 3.691194e+01
      endloop
   endfacet
   facet normal 4.888945e-01 3.131860e-01 8.141847e-01
      outer loop
         vertex 1.740126e+01 3.425338e+02 3.268188e+01
         vertex 2.483600e+01 3.199311e+02 3.691194e+01
         vertex 2.066941e+01 3.425338e+02 3.071944e+01
      endloop
   endfacet
   facet normal 4.938026e-01 2.826410e-01 8.223583e-01
      outer loop
         vertex 2.090904e+01 3.199311e+02 3.926996e+01
         vertex 2.366661e+01 3.000446e+02 4.444904e+01
         vertex 2.811147e+01 3.000446e+02 4.178003e+01
      endloop
   endfacet
   facet normal 4.938026e-01 2.826410e-01 8.223583e-01
      outer loop
         vertex 2.090904e+01 3.199311e+02 3.926996e+01
         vertex 2.811147e+01 3.000446e+02 4.178003e+01
         vertex 2.483600e+01 3.199311e+02 3.691194e+01
      endloop
   endfacet
   facet normal 4.961132e-01 2.669341e-01 8.262069e-01
      outer loop
         vertex 2.366661e+01 3.000446e+02 4.444904e+01
         vertex 2.388338e+01 2.983816e+02 4.485616e+01
         vertex 2.836895e+01 2.983816e+02 4.216270e+01
      endloop
   endfacet
   facet normal 4.961133e-01 2.669350e-01 8.262065e-01
      outer loop
         vertex 2.366661e+01 3.000446e+02 4.444904e+01
         vertex 2.836895e+01 2.983816e+02 4.216270e+01
         vertex 2.811147e+01 3.000446e+02 4.178003e+01
      endloop
   endfacet
   facet normal 4.966288e-01 2.632928e-01 8.270651e-01
      outer loop
         vertex 2.388338e+01 2.983816e+02 4.485616e+01
         vertex 2.431102e+01 2.950520e+02 4.565933e+01
         vertex 2.887691e+01 2.950520e+02 4.291764e+01
      endloop
   endfacet
   facet normal 4.966286e-01 2.632925e-01 8.270653e-01
      outer loop
         vertex 2.388338e+01 2.983816e+02 4.485616e+01
         vertex 2.887691e+01 2.950520e+02 4.291764e+01
         vertex 2.836895e+01 2.983816e+02 4.216270e+01
      endloop
   endfacet
   facet normal 4.976387e-01 2.559974e-01 8.287467e-01
      outer loop
         vertex 2.431102e+01 2.950520e+02 4.565933e+01
         vertex 2.514272e+01 2.883784e+02 4.722138e+01
         vertex 2.986481e+01 2.883784e+02 4.438590e+01
      endloop
   endfacet
   facet normal 4.976386e-01 2.559973e-01 8.287468e-01
      outer loop
         vertex 2.431102e+01 2.950520e+02 4.565933e+01
         vertex 2.986481e+01 2.883784e+02 4.438590e+01
         vertex 2.887691e+01 2.950520e+02 4.291764e+01
      endloop
   endfacet
   facet normal 4.995713e-01 2.413771e-01 8.319649e-01
      outer loop
         vertex 2.514272e+01 2.883784e+02 4.722138e+01
         vertex 2.671148e+01 2.749764e+02 5.016770e+01
         vertex 3.172820e+01 2.749764e+02 4.715530e+01
      endloop
   endfacet
   facet normal 4.995712e-01 2.413770e-01 8.319650e-01
      outer loop
         vertex 2.514272e+01 2.883784e+02 4.722138e+01
         vertex 3.172820e+01 2.749764e+02 4.715530e+01
         vertex 2.986481e+01 2.883784e+02 4.438590e+01
      endloop
   endfacet
   facet normal 5.027547e-01 2.149936e-01 8.372667e-01
      outer loop
         vertex 2.671148e+01 2.749764e+02 5.016770e+01
         vertex 2.908213e+01 2.520934e+02 5.462010e+01
         vertex 3.454408e+01 2.520934e+02 5.134035e+01
      endloop
   endfacet
   facet normal 5.027548e-01 2.149936e-01 8.372666e-01
      outer loop
         vertex 2.671148e+01 2.749764e+02 5.016770e+01
         vertex 3.454408e+01 2.520934e+02 5.134035e+01
         vertex 3.172820e+01 2.749764e+02 4.715530e+01
      endloop
   endfacet
   facet normal 5.062350e-01 1.815784e-01 8.430631e-01
      outer loop
         vertex 2.908213e+01 2.520934e+02 5.462010e+01
         vertex 3.108454e+01 2.290494e+02 5.838090e+01
         vertex 3.692257e+01 2.290494e+02 5.487533e+01
      endloop
   endfacet
   facet normal 5.062352e-01 1.815784e-01 8.430630e-01
      outer loop
         vertex 2.908213e+01 2.520934e+02 5.462010e+01
         vertex 3.692257e+01 2.290494e+02 5.487533e+01
         vertex 3.454408e+01 2.520934e+02 5.134035e+01
      endloop
   endfacet
   facet normal 5.082094e-01 1.594135e-01 8.463513e-01
      outer loop
         vertex 3.108454e+01 2.290494e+02 5.838090e+01
         vertex 3.164332e+01 2.216963e+02 5.943036e+01
         vertex 3.758629e+01 2.216963e+02 5.586177e+01
      endloop
   endfacet
   facet normal 5.082095e-01 1.594136e-01 8.463513e-01
      outer loop
         vertex 3.108454e+01 2.290494e+02 5.838090e+01
         vertex 3.758629e+01 2.216963e+02 5.586177e+01
         vertex 3.692257e+01 2.290494e+02 5.487533e+01
      endloop
   endfacet
   facet normal 5.087538e-01 1.527229e-01 8.472575e-01
      outer loop
         vertex 3.164332e+01 2.216963e+02 5.943036e+01
         vertex 3.177593e+01 2.198728e+02 5.967942e+01
         vertex 3.774381e+01 2.198728e+02 5.609588e+01
      endloop
   endfacet
   facet normal 5.087537e-01 1.527220e-01 8.472578e-01
      outer loop
         vertex 3.164332e+01 2.216963e+02 5.943036e+01
         vertex 3.774381e+01 2.198728e+02 5.609588e+01
         vertex 3.758629e+01 2.216963e+02 5.586177e+01
      endloop
   endfacet
   facet normal 5.090656e-01 1.487538e-01 8.477762e-01
      outer loop
         vertex 3.177593e+01 2.198728e+02 5.967942e+01
         vertex 3.203425e+01 2.162238e+02 6.016458e+01
         vertex 3.805064e+01 2.162238e+02 5.655190e+01
      endloop
   endfacet
   facet normal 5.090654e-01 1.487534e-01 8.477764e-01
      outer loop
         vertex 3.177593e+01 2.198728e+02 5.967942e+01
         vertex 3.805064e+01 2.162238e+02 5.655190e+01
         vertex 3.774381e+01 2.198728e+02 5.609588e+01
      endloop
   endfacet
   facet normal 5.096596e-01 1.408618e-01 8.487668e-01
      outer loop
         vertex 3.203425e+01 2.162238e+02 6.016458e+01
         vertex 3.252343e+01 2.089180e+02 6.108332e+01
         vertex 3.863170e+01 2.089180e+02 5.741548e+01
      endloop
   endfacet
   facet normal 5.096601e-01 1.408624e-01 8.487664e-01
      outer loop
         vertex 3.203425e+01 2.162238e+02 6.016458e+01
         vertex 3.863170e+01 2.089180e+02 5.741548e+01
         vertex 3.805064e+01 2.162238e+02 5.655190e+01
      endloop
   endfacet
   facet normal 5.107375e-01 1.252783e-01 8.505602e-01
      outer loop
         vertex 3.252343e+01 2.089180e+02 6.108332e+01
         vertex 3.339339e+01 1.942780e+02 6.271723e+01
         vertex 3.966505e+01 1.942780e+02 5.895128e+01
      endloop
   endfacet
   facet normal 5.107368e-01 1.252779e-01 8.505606e-01
      outer loop
         vertex 3.252343e+01 2.089180e+02 6.108332e+01
         vertex 3.966505e+01 1.942780e+02 5.895128e+01
         vertex 3.863170e+01 2.089180e+02 5.741548e+01
      endloop
   endfacet
   facet normal 5.122820e-01 9.864204e-02 8.531336e-01
      outer loop
         vertex 3.339339e+01 1.942780e+02 6.271723e+01
         vertex 3.450533e+01 1.704415e+02 6.480560e+01
         vertex 4.098583e+01 1.704415e+02 6.091425e+01
      endloop
   endfacet
   facet normal 5.122825e-01 9.864223e-02 8.531332e-01
      outer loop
         vertex 3.339339e+01 1.942780e+02 6.271723e+01
         vertex 4.098583e+01 1.704415e+02 6.091425e+01
         vertex 3.966505e+01 1.942780e+02 5.895128e+01
      endloop
   endfacet
   facet normal 5.136832e-01 6.562695e-02 8.554664e-01
      outer loop
         vertex 3.450533e+01 1.704415e+02 6.480560e+01
         vertex 3.529774e+01 1.448394e+02 6.629385e+01
         vertex 4.192706e+01 1.448394e+02 6.231313e+01
      endloop
   endfacet
   facet normal 5.136829e-01 6.562685e-02 8.554665e-01
      outer loop
         vertex 3.450533e+01 1.704415e+02 6.480560e+01
         vertex 4.192706e+01 1.448394e+02 6.231313e+01
         vertex 4.098583e+01 1.704415e+02 6.091425e+01
      endloop
   endfacet
   facet normal 5.633524e-01 3.450473e-01 7.507173e-01
      outer loop
         vertex 1.603413e+01 3.650903e+02 2.383036e+01
         vertex 2.066941e+01 3.425338e+02 3.071944e+01
         vertex 2.371847e+01 3.425338e+02 2.843138e+01
      endloop
   endfacet
   facet normal 5.633524e-01 3.450473e-01 7.507172e-01
      outer loop
         vertex 1.603413e+01 3.650903e+02 2.383036e+01
         vertex 2.371847e+01 3.425338e+02 2.843138e+01
         vertex 1.839940e+01 3.650903e+02 2.205541e+01
      endloop
   endfacet
   facet normal 5.700185e-01 3.131860e-01 7.596009e-01
      outer loop
         vertex 2.066941e+01 3.425338e+02 3.071944e+01
         vertex 2.483600e+01 3.199311e+02 3.691194e+01
         vertex 2.849969e+01 3.199311e+02 3.416264e+01
      endloop
   endfacet
   facet normal 5.700187e-01 3.131860e-01 7.596007e-01
      outer loop
         vertex 2.066941e+01 3.425338e+02 3.071944e+01
         vertex 2.849969e+01 3.199311e+02 3.416264e+01
         vertex 2.371847e+01 3.425338e+02 2.843138e+01
      endloop
   endfacet
   facet normal 5.757411e-01 2.826410e-01 7.672264e-01
      outer loop
         vertex 2.483600e+01 3.199311e+02 3.691194e+01
         vertex 2.811147e+01 3.000446e+02 4.178003e+01
         vertex 3.225834e+01 3.000446e+02 3.866814e+01
      endloop
   endfacet
   facet normal 5.757409e-01 2.826409e-01 7.672265e-01
      outer loop
         vertex 2.483600e+01 3.199311e+02 3.691194e+01
         vertex 3.225834e+01 3.000446e+02 3.866814e+01
         vertex 2.849969e+01 3.199311e+02 3.416264e+01
      endloop
   endfacet
   facet normal 5.784353e-01 2.669349e-01 7.708166e-01
      outer loop
         vertex 2.811147e+01 3.000446e+02 4.178003e+01
         vertex 2.836895e+01 2.983816e+02 4.216270e+01
         vertex 3.255380e+01 2.983816e+02 3.902231e+01
      endloop
   endfacet
   facet normal 5.784353e-01 2.669348e-01 7.708167e-01
      outer loop
         vertex 2.811147e+01 3.000446e+02 4.178003e+01
         vertex 3.255380e+01 2.983816e+02 3.902231e+01
         vertex 3.225834e+01 3.000446e+02 3.866814e+01
      endloop
   endfacet
   facet normal 5.790362e-01 2.632925e-01 7.716178e-01
      outer loop
         vertex 2.836895e+01 2.983816e+02 4.216270e+01
         vertex 2.887691e+01 2.950520e+02 4.291764e+01
         vertex 3.313669e+01 2.950520e+02 3.972102e+01
      endloop
   endfacet
   facet normal 5.790364e-01 2.632929e-01 7.716176e-01
      outer loop
         vertex 2.836895e+01 2.983816e+02 4.216270e+01
         vertex 3.313669e+01 2.950520e+02 3.972102e+01
         vertex 3.255380e+01 2.983816e+02 3.902231e+01
      endloop
   endfacet
   facet normal 5.802134e-01 2.559972e-01 7.731868e-01
      outer loop
         vertex 2.887691e+01 2.950520e+02 4.291764e+01
         vertex 2.986481e+01 2.883784e+02 4.438590e+01
         vertex 3.427033e+01 2.883784e+02 4.107992e+01
      endloop
   endfacet
   facet normal 5.802135e-01 2.559973e-01 7.731867e-01
      outer loop
         vertex 2.887691e+01 2.950520e+02 4.291764e+01
         vertex 3.427033e+01 2.883784e+02 4.107992e+01
         vertex 3.313669e+01 2.950520e+02 3.972102e+01
      endloop
   endfacet
   facet normal 5.824669e-01 2.413770e-01 7.761890e-01
      outer loop
         vertex 2.986481e+01 2.883784e+02 4.438590e+01
         vertex 3.172820e+01 2.749764e+02 4.715530e+01
         vertex 3.640858e+01 2.749764e+02 4.364305e+01
      endloop
   endfacet
   facet normal 5.824666e-01 2.413768e-01 7.761893e-01
      outer loop
         vertex 2.986481e+01 2.883784e+02 4.438590e+01
         vertex 3.640858e+01 2.749764e+02 4.364305e+01
         vertex 3.427033e+01 2.883784e+02 4.107992e+01
      endloop
   endfacet
   facet normal 5.861785e-01 2.149936e-01 7.811354e-01
      outer loop
         vertex 3.172820e+01 2.749764e+02 4.715530e+01
         vertex 3.454408e+01 2.520934e+02 5.134035e+01
         vertex 3.963986e+01 2.520934e+02 4.751639e+01
      endloop
   endfacet
   facet normal 5.861787e-01 2.149937e-01 7.811352e-01
      outer loop
         vertex 3.172820e+01 2.749764e+02 4.715530e+01
         vertex 3.963986e+01 2.520934e+02 4.751639e+01
         vertex 3.640858e+01 2.749764e+02 4.364305e+01
      endloop
   endfacet
   facet normal 5.902367e-01 1.815784e-01 7.865430e-01
      outer loop
         vertex 3.454408e+01 2.520934e+02 5.134035e+01
         vertex 3.692257e+01 2.290494e+02 5.487533e+01
         vertex 4.236921e+01 2.290494e+02 5.078807e+01
      endloop
   endfacet
   facet normal 5.902365e-01 1.815784e-01 7.865432e-01
      outer loop
         vertex 3.454408e+01 2.520934e+02 5.134035e+01
         vertex 4.236921e+01 2.290494e+02 5.078807e+01
         vertex 3.963986e+01 2.520934e+02 4.751639e+01
      endloop
   endfacet
   facet normal 5.925388e-01 1.594136e-01 7.896107e-01
      outer loop
         vertex 3.692257e+01 2.290494e+02 5.487533e+01
         vertex 3.758629e+01 2.216963e+02 5.586177e+01
         vertex 4.313084e+01 2.216963e+02 5.170103e+01
      endloop
   endfacet
   facet normal 5.925388e-01 1.594136e-01 7.896107e-01
      outer loop
         vertex 3.692257e+01 2.290494e+02 5.487533e+01
         vertex 4.313084e+01 2.216963e+02 5.170103e+01
         vertex 4.236921e+01 2.290494e+02 5.078807e+01
      endloop
   endfacet
   facet normal 5.931731e-01 1.527221e-01 7.904566e-01
      outer loop
         vertex 3.758629e+01 2.216963e+02 5.586177e+01
         vertex 3.774381e+01 2.198728e+02 5.609588e+01
         vertex 4.331160e+01 2.198728e+02 5.191771e+01
      endloop
   endfacet
   facet normal 5.931732e-01 1.527234e-01 7.904562e-01
      outer loop
         vertex 3.758629e+01 2.216963e+02 5.586177e+01
         vertex 4.331160e+01 2.198728e+02 5.191771e+01
         vertex 4.313084e+01 2.216963e+02 5.170103e+01
      endloop
   endfacet
   facet normal 5.935361e-01 1.487534e-01 7.909408e-01
      outer loop
         vertex 3.774381e+01 2.198728e+02 5.609588e+01
         vertex 3.805064e+01 2.162238e+02 5.655190e+01
         vertex 4.366370e+01 2.162238e+02 5.233977e+01
      endloop
   endfacet
   facet normal 5.935363e-01 1.487537e-01 7.909406e-01
      outer loop
         vertex 3.774381e+01 2.198728e+02 5.609588e+01
         vertex 4.366370e+01 2.162238e+02 5.233977e+01
         vertex 4.331160e+01 2.198728e+02 5.191771e+01
      endloop
   endfacet
   facet normal 5.942296e-01 1.408624e-01 7.918642e-01
      outer loop
         vertex 3.805064e+01 2.162238e+02 5.655190e+01
         vertex 3.863170e+01 2.089180e+02 5.741548e+01
         vertex 4.433046e+01 2.089180e+02 5.313902e+01
      endloop
   endfacet
   facet normal 5.942293e-01 1.408621e-01 7.918645e-01
      outer loop
         vertex 3.805064e+01 2.162238e+02 5.655190e+01
         vertex 4.433046e+01 2.089180e+02 5.313902e+01
         vertex 4.366370e+01 2.162238e+02 5.233977e+01
      endloop
   endfacet
   facet normal 5.954856e-01 1.252779e-01 7.935378e-01
      outer loop
         vertex 3.863170e+01 2.089180e+02 5.741548e+01
         vertex 3.966505e+01 1.942780e+02 5.895128e+01
         vertex 4.551625e+01 1.942780e+02 5.456043e+01
      endloop
   endfacet
   facet normal 5.954856e-01 1.252779e-01 7.935379e-01
      outer loop
         vertex 3.863170e+01 2.089180e+02 5.741548e+01
         vertex 4.551625e+01 1.942780e+02 5.456043e+01
         vertex 4.433046e+01 2.089180e+02 5.313902e+01
      endloop
   endfacet
   facet normal 5.972868e-01 9.864223e-02 7.959385e-01
      outer loop
         vertex 3.966505e+01 1.942780e+02 5.895128e+01
         vertex 4.098583e+01 1.704415e+02 6.091425e+01
         vertex 4.703186e+01 1.704415e+02 5.637720e+01
      endloop
   endfacet
   facet normal 5.972870e-01 9.864231e-02 7.959384e-01
      outer loop
         vertex 3.966505e+01 1.942780e+02 5.895128e+01
         vertex 4.703186e+01 1.704415e+02 5.637720e+01
         vertex 4.551625e+01 1.942780e+02 5.456043e+01
      endloop
   endfacet
   facet normal 5.989202e-01 6.562685e-02 7.981151e-01
      outer loop
         vertex 4.098583e+01 1.704415e+02 6.091425e+01
         vertex 4.192706e+01 1.448394e+02 6.231313e+01
         vertex 4.811193e+01 1.448394e+02 5.767188e+01
      endloop
   endfacet
   facet normal 5.989202e-01 6.562685e-02 7.981151e-01
      outer loop
         vertex 4.098583e+01 1.704415e+02 6.091425e+01
         vertex 4.811193e+01 1.448394e+02 5.767188e+01
         vertex 4.703186e+01 1.704415e+02 5.637720e+01
      endloop
   endfacet
   facet normal 6.375560e-01 3.450473e-01 6.888140e-01
      outer loop
         vertex 1.839940e+01 3.650903e+02 2.205541e+01
         vertex 2.371847e+01 3.425338e+02 2.843138e+01
         vertex 2.651610e+01 3.425338e+02 2.584193e+01
      endloop
   endfacet
   facet normal 6.375562e-01 3.450474e-01 6.888138e-01
      outer loop
         vertex 1.839940e+01 3.650903e+02 2.205541e+01
         vertex 2.651610e+01 3.425338e+02 2.584193e+01
         vertex 2.056964e+01 3.650903e+02 2.004667e+01
      endloop
   endfacet
   facet normal 6.451003e-01 3.131860e-01 6.969650e-01
      outer loop
         vertex 2.371847e+01 3.425338e+02 2.843138e+01
         vertex 2.849969e+01 3.199311e+02 3.416264e+01
         vertex 3.186127e+01 3.199311e+02 3.105121e+01
      endloop
   endfacet
   facet normal 6.451004e-01 3.131860e-01 6.969649e-01
      outer loop
         vertex 2.371847e+01 3.425338e+02 2.843138e+01
         vertex 3.186127e+01 3.199311e+02 3.105121e+01
         vertex 2.651610e+01 3.425338e+02 2.584193e+01
      endloop
   endfacet
   facet normal 6.515762e-01 2.826410e-01 7.039620e-01
      outer loop
         vertex 2.849969e+01 3.199311e+02 3.416264e+01
         vertex 3.225834e+01 3.000446e+02 3.866814e+01
         vertex 3.606326e+01 3.000446e+02 3.514636e+01
      endloop
   endfacet
   facet normal 6.515764e-01 2.826410e-01 7.039618e-01
      outer loop
         vertex 2.849969e+01 3.199311e+02 3.416264e+01
         vertex 3.606326e+01 3.000446e+02 3.514636e+01
         vertex 3.186127e+01 3.199311e+02 3.105121e+01
      endloop
   endfacet
   facet normal 6.546256e-01 2.669348e-01 7.072560e-01
      outer loop
         vertex 3.225834e+01 3.000446e+02 3.866814e+01
         vertex 3.255380e+01 2.983816e+02 3.902231e+01
         vertex 3.639357e+01 2.983816e+02 3.546827e+01
      endloop
   endfacet
   facet normal 6.546256e-01 2.669336e-01 7.072565e-01
      outer loop
         vertex 3.225834e+01 3.000446e+02 3.866814e+01
         vertex 3.639357e+01 2.983816e+02 3.546827e+01
         vertex 3.606326e+01 3.000446e+02 3.514636e+01
      endloop
   endfacet
   facet normal 6.553056e-01 2.632929e-01 7.079911e-01
      outer loop
         vertex 3.255380e+01 2.983816e+02 3.902231e+01
         vertex 3.313669e+01 2.950520e+02 3.972102e+01
         vertex 3.704522e+01 2.950520e+02 3.610335e+01
      endloop
   endfacet
   facet normal 6.553057e-01 2.632935e-01 7.079908e-01
      outer loop
         vertex 3.255380e+01 2.983816e+02 3.902231e+01
         vertex 3.704522e+01 2.950520e+02 3.610335e+01
         vertex 3.639357e+01 2.983816e+02 3.546827e+01
      endloop
   endfacet
   facet normal 6.566385e-01 2.559973e-01 7.094302e-01
      outer loop
         vertex 3.313669e+01 2.950520e+02 3.972102e+01
         vertex 3.427033e+01 2.883784e+02 4.107992e+01
         vertex 3.831257e+01 2.883784e+02 3.733848e+01
      endloop
   endfacet
   facet normal 6.566381e-01 2.559968e-01 7.094308e-01
      outer loop
         vertex 3.313669e+01 2.950520e+02 3.972102e+01
         vertex 3.831257e+01 2.883784e+02 3.733848e+01
         vertex 3.704522e+01 2.950520e+02 3.610335e+01
      endloop
   endfacet
   facet normal 6.591881e-01 2.413768e-01 7.121855e-01
      outer loop
         vertex 3.427033e+01 2.883784e+02 4.107992e+01
         vertex 3.640858e+01 2.749764e+02 4.364305e+01
         vertex 4.070304e+01 2.749764e+02 3.966817e+01
      endloop
   endfacet
   facet normal 6.591884e-01 2.413770e-01 7.121852e-01
      outer loop
         vertex 3.427033e+01 2.883784e+02 4.107992e+01
         vertex 4.070304e+01 2.749764e+02 3.966817e+01
         vertex 3.831257e+01 2.883784e+02 3.733848e+01
      endloop
   endfacet
   facet normal 6.633887e-01 2.149937e-01 7.167239e-01
      outer loop
         vertex 3.640858e+01 2.749764e+02 4.364305e+01
         vertex 3.963986e+01 2.520934e+02 4.751639e+01
         vertex 4.431545e+01 2.520934e+02 4.318874e+01
      endloop
   endfacet
   facet normal 6.633887e-01 2.149937e-01 7.167239e-01
      outer loop
         vertex 3.640858e+01 2.749764e+02 4.364305e+01
         vertex 4.431545e+01 2.520934e+02 4.318874e+01
         vertex 4.070304e+01 2.749764e+02 3.966817e+01
      endloop
   endfacet
   facet normal 6.679816e-01 1.815784e-01 7.216854e-01
      outer loop
         vertex 3.963986e+01 2.520934e+02 4.751639e+01
         vertex 4.236921e+01 2.290494e+02 5.078807e+01
         vertex 4.736673e+01 2.290494e+02 4.616244e+01
      endloop
   endfacet
   facet normal 6.679813e-01 1.815783e-01 7.216857e-01
      outer loop
         vertex 3.963986e+01 2.520934e+02 4.751639e+01
         vertex 4.736673e+01 2.290494e+02 4.616244e+01
         vertex 4.431545e+01 2.520934e+02 4.318874e+01
      endloop
   endfacet
   facet normal 6.705868e-01 1.594136e-01 7.245003e-01
      outer loop
         vertex 4.236921e+01 2.290494e+02 5.078807e+01
         vertex 4.313084e+01 2.216963e+02 5.170103e+01
         vertex 4.821820e+01 2.216963e+02 4.699226e+01
      endloop
   endfacet
   facet normal 6.705869e-01 1.594138e-01 7.245001e-01
      outer loop
         vertex 4.236921e+01 2.290494e+02 5.078807e+01
         vertex 4.821820e+01 2.216963e+02 4.699226e+01
         vertex 4.736673e+01 2.290494e+02 4.616244e+01
      endloop
   endfacet
   facet normal 6.713048e-01 1.527233e-01 7.252761e-01
      outer loop
         vertex 4.313084e+01 2.216963e+02 5.170103e+01
         vertex 4.331160e+01 2.198728e+02 5.191771e+01
         vertex 4.842027e+01 2.198728e+02 4.718920e+01
      endloop
   endfacet
   facet normal 6.713048e-01 1.527234e-01 7.252761e-01
      outer loop
         vertex 4.313084e+01 2.216963e+02 5.170103e+01
         vertex 4.842027e+01 2.198728e+02 4.718920e+01
         vertex 4.821820e+01 2.216963e+02 4.699226e+01
      endloop
   endfacet
   facet normal 6.717160e-01 1.487538e-01 7.257203e-01
      outer loop
         vertex 4.331160e+01 2.198728e+02 5.191771e+01
         vertex 4.366370e+01 2.162238e+02 5.233977e+01
         vertex 4.881390e+01 2.162238e+02 4.757281e+01
      endloop
   endfacet
   facet normal 6.717160e-01 1.487536e-01 7.257203e-01
      outer loop
         vertex 4.331160e+01 2.198728e+02 5.191771e+01
         vertex 4.881390e+01 2.162238e+02 4.757281e+01
         vertex 4.842027e+01 2.198728e+02 4.718920e+01
      endloop
   endfacet
   facet normal 6.725009e-01 1.408621e-01 7.265676e-01
      outer loop
         vertex 4.366370e+01 2.162238e+02 5.233977e+01
         vertex 4.433046e+01 2.089180e+02 5.313902e+01
         vertex 4.955931e+01 2.089180e+02 4.829927e+01
      endloop
   endfacet
   facet normal 6.725006e-01 1.408616e-01 7.265679e-01
      outer loop
         vertex 4.366370e+01 2.162238e+02 5.233977e+01
         vertex 4.955931e+01 2.089180e+02 4.829927e+01
         vertex 4.881390e+01 2.162238e+02 4.757281e+01
      endloop
   endfacet
   facet normal 6.739215e-01 1.252779e-01 7.281039e-01
      outer loop
         vertex 4.433046e+01 2.089180e+02 5.313902e+01
         vertex 4.551625e+01 1.942780e+02 5.456043e+01
         vertex 5.088497e+01 1.942780e+02 4.959123e+01
      endloop
   endfacet
   facet normal 6.739222e-01 1.252784e-01 7.281032e-01
      outer loop
         vertex 4.433046e+01 2.089180e+02 5.313902e+01
         vertex 5.088497e+01 1.942780e+02 4.959123e+01
         vertex 4.955931e+01 2.089180e+02 4.829927e+01
      endloop
   endfacet
   facet normal 6.759605e-01 9.864231e-02 7.303061e-01
      outer loop
         vertex 4.551625e+01 1.942780e+02 5.456043e+01
         vertex 4.703186e+01 1.704415e+02 5.637720e+01
         vertex 5.257935e+01 1.704415e+02 5.124253e+01
      endloop
   endfacet
   facet normal 6.759602e-01 9.864216e-02 7.303065e-01
      outer loop
         vertex 4.551625e+01 1.942780e+02 5.456043e+01
         vertex 5.257935e+01 1.704415e+02 5.124253e+01
         vertex 5.088497e+01 1.942780e+02 4.959123e+01
      endloop
   endfacet
   facet normal 6.778091e-01 6.562684e-02 7.323032e-01
      outer loop
         vertex 4.703186e+01 1.704415e+02 5.637720e+01
         vertex 4.811193e+01 1.448394e+02 5.767188e+01
         vertex 5.378682e+01 1.448394e+02 5.241930e+01
      endloop
   endfacet
   facet normal 6.778090e-01 6.562683e-02 7.323032e-01
      outer loop
         vertex 4.703186e+01 1.704415e+02 5.637720e+01
         vertex 5.378682e+01 1.448394e+02 5.241930e+01
         vertex 5.257935e+01 1.704415e+02 5.124253e+01
      endloop
   endfacet
   facet normal 7.050014e-01 3.450473e-01 6.196090e-01
      outer loop
         vertex 2.056964e+01 3.650903e+02 2.004667e+01
         vertex 2.651610e+01 3.425338e+02 2.584193e+01
         vertex 2.903265e+01 3.425338e+02 2.297855e+01
      endloop
   endfacet
   facet normal 7.050014e-01 3.450473e-01 6.196090e-01
      outer loop
         vertex 2.056964e+01 3.650903e+02 2.004667e+01
         vertex 2.903265e+01 3.425338e+02 2.297855e+01
         vertex 2.252184e+01 3.650903e+02 1.782542e+01
      endloop
   endfacet
   facet normal 7.133439e-01 3.131860e-01 6.269410e-01
      outer loop
         vertex 2.651610e+01 3.425338e+02 2.584193e+01
         vertex 3.186127e+01 3.199311e+02 3.105121e+01
         vertex 3.488512e+01 3.199311e+02 2.761062e+01
      endloop
   endfacet
   facet normal 7.133439e-01 3.131860e-01 6.269410e-01
      outer loop
         vertex 2.651610e+01 3.425338e+02 2.584193e+01
         vertex 3.488512e+01 3.199311e+02 2.761062e+01
         vertex 2.903265e+01 3.425338e+02 2.297855e+01
      endloop
   endfacet
   facet normal 7.205051e-01 2.826410e-01 6.332349e-01
      outer loop
         vertex 3.186127e+01 3.199311e+02 3.105121e+01
         vertex 3.606326e+01 3.000446e+02 3.514636e+01
         vertex 3.948591e+01 3.000446e+02 3.125202e+01
      endloop
   endfacet
   facet normal 7.205052e-01 2.826410e-01 6.332348e-01
      outer loop
         vertex 3.186127e+01 3.199311e+02 3.105121e+01
         vertex 3.948591e+01 3.000446e+02 3.125202e+01
         vertex 3.488512e+01 3.199311e+02 2.761062e+01
      endloop
   endfacet
   facet normal 7.238770e-01 2.669336e-01 6.361985e-01
      outer loop
         vertex 3.606326e+01 3.000446e+02 3.514636e+01
         vertex 3.639357e+01 2.983816e+02 3.546827e+01
         vertex 3.984756e+01 2.983816e+02 3.153826e+01
      endloop
   endfacet
   facet normal 7.238770e-01 2.669337e-01 6.361984e-01
      outer loop
         vertex 3.606326e+01 3.000446e+02 3.514636e+01
         vertex 3.984756e+01 2.983816e+02 3.153826e+01
         vertex 3.948591e+01 3.000446e+02 3.125202e+01
      endloop
   endfacet
   facet normal 7.246294e-01 2.632935e-01 6.368585e-01
      outer loop
         vertex 3.639357e+01 2.983816e+02 3.546827e+01
         vertex 3.704522e+01 2.950520e+02 3.610335e+01
         vertex 4.056105e+01 2.950520e+02 3.210297e+01
      endloop
   endfacet
   facet normal 7.246291e-01 2.632923e-01 6.368594e-01
      outer loop
         vertex 3.639357e+01 2.983816e+02 3.546827e+01
         vertex 4.056105e+01 2.950520e+02 3.210297e+01
         vertex 3.984756e+01 2.983816e+02 3.153826e+01
      endloop
   endfacet
   facet normal 7.261022e-01 2.559968e-01 6.381546e-01
      outer loop
         vertex 3.704522e+01 2.950520e+02 3.610335e+01
         vertex 3.831257e+01 2.883784e+02 3.733848e+01
         vertex 4.194869e+01 2.883784e+02 3.320125e+01
      endloop
   endfacet
   facet normal 7.261028e-01 2.559977e-01 6.381535e-01
      outer loop
         vertex 3.704522e+01 2.950520e+02 3.610335e+01
         vertex 4.194869e+01 2.883784e+02 3.320125e+01
         vertex 4.056105e+01 2.950520e+02 3.210297e+01
      endloop
   endfacet
   facet normal 7.289220e-01 2.413770e-01 6.406324e-01
      outer loop
         vertex 3.831257e+01 2.883784e+02 3.733848e+01
         vertex 4.070304e+01 2.749764e+02 3.966817e+01
         vertex 4.456603e+01 2.749764e+02 3.527280e+01
      endloop
   endfacet
   facet normal 7.289218e-01 2.413769e-01 6.406327e-01
      outer loop
         vertex 3.831257e+01 2.883784e+02 3.733848e+01
         vertex 4.456603e+01 2.749764e+02 3.527280e+01
         vertex 4.194869e+01 2.883784e+02 3.320125e+01
      endloop
   endfacet
   facet normal 7.335673e-01 2.149937e-01 6.447145e-01
      outer loop
         vertex 4.070304e+01 2.749764e+02 3.966817e+01
         vertex 4.431545e+01 2.520934e+02 4.318874e+01
         vertex 4.852128e+01 2.520934e+02 3.840327e+01
      endloop
   endfacet
   facet normal 7.335670e-01 2.149936e-01 6.447148e-01
      outer loop
         vertex 4.070304e+01 2.749764e+02 3.966817e+01
         vertex 4.852128e+01 2.520934e+02 3.840327e+01
         vertex 4.456603e+01 2.749764e+02 3.527280e+01
      endloop
   endfacet
   facet normal 7.386451e-01 1.815783e-01 6.491785e-01
      outer loop
         vertex 4.431545e+01 2.520934e+02 4.318874e+01
         vertex 4.736673e+01 2.290494e+02 4.616244e+01
         vertex 5.186215e+01 2.290494e+02 4.104748e+01
      endloop
   endfacet
   facet normal 7.386457e-01 1.815785e-01 6.491778e-01
      outer loop
         vertex 4.431545e+01 2.520934e+02 4.318874e+01
         vertex 5.186215e+01 2.290494e+02 4.104748e+01
         vertex 4.852128e+01 2.520934e+02 3.840327e+01
      endloop
   endfacet
   facet normal 7.415261e-01 1.594138e-01 6.517102e-01
      outer loop
         vertex 4.736673e+01 2.290494e+02 4.616244e+01
         vertex 4.821820e+01 2.216963e+02 4.699226e+01
         vertex 5.279443e+01 2.216963e+02 4.178535e+01
      endloop
   endfacet
   facet normal 7.415260e-01 1.594136e-01 6.517104e-01
      outer loop
         vertex 4.736673e+01 2.290494e+02 4.616244e+01
         vertex 5.279443e+01 2.216963e+02 4.178535e+01
         vertex 5.186215e+01 2.290494e+02 4.104748e+01
      endloop
   endfacet
   facet normal 7.423205e-01 1.527233e-01 6.524078e-01
      outer loop
         vertex 4.821820e+01 2.216963e+02 4.699226e+01
         vertex 4.842027e+01 2.198728e+02 4.718920e+01
         vertex 5.301568e+01 2.198728e+02 4.196047e+01
      endloop
   endfacet
   facet normal 7.423204e-01 1.527217e-01 6.524083e-01
      outer loop
         vertex 4.821820e+01 2.216963e+02 4.699226e+01
         vertex 5.301568e+01 2.198728e+02 4.196047e+01
         vertex 5.279443e+01 2.216963e+02 4.178535e+01
      endloop
   endfacet
   facet normal 7.427752e-01 1.487537e-01 6.528073e-01
      outer loop
         vertex 4.842027e+01 2.198728e+02 4.718920e+01
         vertex 4.881390e+01 2.162238e+02 4.757281e+01
         vertex 5.344666e+01 2.162238e+02 4.230158e+01
      endloop
   endfacet
   facet normal 7.427752e-01 1.487534e-01 6.528074e-01
      outer loop
         vertex 4.842027e+01 2.198728e+02 4.718920e+01
         vertex 5.344666e+01 2.162238e+02 4.230158e+01
         vertex 5.301568e+01 2.198728e+02 4.196047e+01
      endloop
   endfacet
   facet normal 7.436426e-01 1.408616e-01 6.535700e-01
      outer loop
         vertex 4.881390e+01 2.162238e+02 4.757281e+01
         vertex 4.955931e+01 2.089180e+02 4.829927e+01
         vertex 5.426282e+01 2.089180e+02 4.294754e+01
      endloop
   endfacet
   facet normal 7.436427e-01 1.408620e-01 6.535697e-01
      outer loop
         vertex 4.881390e+01 2.162238e+02 4.757281e+01
         vertex 5.426282e+01 2.089180e+02 4.294754e+01
         vertex 5.344666e+01 2.162238e+02 4.230158e+01
      endloop
   endfacet
   facet normal 7.452143e-01 1.252783e-01 6.549511e-01
      outer loop
         vertex 4.955931e+01 2.089180e+02 4.829927e+01
         vertex 5.088497e+01 1.942780e+02 4.959123e+01
         vertex 5.571429e+01 1.942780e+02 4.409634e+01
      endloop
   endfacet
   facet normal 7.452142e-01 1.252782e-01 6.549513e-01
      outer loop
         vertex 4.955931e+01 2.089180e+02 4.829927e+01
         vertex 5.571429e+01 1.942780e+02 4.409634e+01
         vertex 5.426282e+01 2.089180e+02 4.294754e+01
      endloop
   endfacet
   facet normal 7.474688e-01 9.864217e-02 6.569323e-01
      outer loop
         vertex 5.088497e+01 1.942780e+02 4.959123e+01
         vertex 5.257935e+01 1.704415e+02 5.124253e+01
         vertex 5.756948e+01 1.704415e+02 4.556467e+01
      endloop
   endfacet
   facet normal 7.474687e-01 9.864212e-02 6.569324e-01
      outer loop
         vertex 5.088497e+01 1.942780e+02 4.959123e+01
         vertex 5.756948e+01 1.704415e+02 4.556467e+01
         vertex 5.571429e+01 1.942780e+02 4.409634e+01
      endloop
   endfacet
   facet normal 7.495126e-01 6.562682e-02 6.587291e-01
      outer loop
         vertex 5.257935e+01 1.704415e+02 5.124253e+01
         vertex 5.378682e+01 1.448394e+02 5.241930e+01
         vertex 5.889154e+01 1.448394e+02 4.661105e+01
      endloop
   endfacet
   facet normal 7.495129e-01 6.562695e-02 6.587288e-01
      outer loop
         vertex 5.257935e+01 1.704415e+02 5.124253e+01
         vertex 5.889154e+01 1.448394e+02 4.661105e+01
         vertex 5.756948e+01 1.704415e+02 4.556467e+01
      endloop
   endfacet
   facet normal 7.649735e-01 3.450474e-01 5.438362e-01
      outer loop
         vertex 2.252184e+01 3.650903e+02 1.782542e+01
         vertex 2.903265e+01 3.425338e+02 2.297855e+01
         vertex 3.124145e+01 3.425338e+02 1.987160e+01
      endloop
   endfacet
   facet normal 7.649733e-01 3.450473e-01 5.438366e-01
      outer loop
         vertex 2.252184e+01 3.650903e+02 1.782542e+01
         vertex 3.124145e+01 3.425338e+02 1.987160e+01
         vertex 2.423530e+01 3.650903e+02 1.541523e+01
      endloop
   endfacet
   facet normal 7.740257e-01 3.131860e-01 5.502715e-01
      outer loop
         vertex 2.903265e+01 3.425338e+02 2.297855e+01
         vertex 3.488512e+01 3.199311e+02 2.761062e+01
         vertex 3.753918e+01 3.199311e+02 2.387736e+01
      endloop
   endfacet
   facet normal 7.740257e-01 3.131860e-01 5.502716e-01
      outer loop
         vertex 2.903265e+01 3.425338e+02 2.297855e+01
         vertex 3.753918e+01 3.199311e+02 2.387736e+01
         vertex 3.124145e+01 3.425338e+02 1.987160e+01
      endloop
   endfacet
   facet normal 7.817962e-01 2.826410e-01 5.557955e-01
      outer loop
         vertex 3.488512e+01 3.199311e+02 2.761062e+01
         vertex 3.948591e+01 3.000446e+02 3.125202e+01
         vertex 4.248999e+01 3.000446e+02 2.702640e+01
      endloop
   endfacet
   facet normal 7.817962e-01 2.826410e-01 5.557956e-01
      outer loop
         vertex 3.488512e+01 3.199311e+02 2.761062e+01
         vertex 4.248999e+01 3.000446e+02 2.702640e+01
         vertex 3.753918e+01 3.199311e+02 2.387736e+01
      endloop
   endfacet
   facet normal 7.854550e-01 2.669336e-01 5.583966e-01
      outer loop
         vertex 3.948591e+01 3.000446e+02 3.125202e+01
         vertex 3.984756e+01 2.983816e+02 3.153826e+01
         vertex 4.287916e+01 2.983816e+02 2.727394e+01
      endloop
   endfacet
   facet normal 7.854550e-01 2.669336e-01 5.583966e-01
      outer loop
         vertex 3.948591e+01 3.000446e+02 3.125202e+01
         vertex 4.287916e+01 2.983816e+02 2.727394e+01
         vertex 4.248999e+01 3.000446e+02 2.702640e+01
      endloop
   endfacet
   facet normal 7.862707e-01 2.632923e-01 5.589773e-01
      outer loop
         vertex 3.984756e+01 2.983816e+02 3.153826e+01
         vertex 4.056105e+01 2.950520e+02 3.210297e+01
         vertex 4.364694e+01 2.950520e+02 2.776229e+01
      endloop
   endfacet
   facet normal 7.862708e-01 2.632933e-01 5.589766e-01
      outer loop
         vertex 3.984756e+01 2.983816e+02 3.153826e+01
         vertex 4.364694e+01 2.950520e+02 2.776229e+01
         vertex 4.287916e+01 2.983816e+02 2.727394e+01
      endloop
   endfacet
   facet normal 7.878695e-01 2.559977e-01 5.601132e-01
      outer loop
         vertex 4.056105e+01 2.950520e+02 3.210297e+01
         vertex 4.194869e+01 2.883784e+02 3.320125e+01
         vertex 4.514014e+01 2.883784e+02 2.871207e+01
      endloop
   endfacet
   facet normal 7.878693e-01 2.559972e-01 5.601138e-01
      outer loop
         vertex 4.056105e+01 2.950520e+02 3.210297e+01
         vertex 4.514014e+01 2.883784e+02 2.871207e+01
         vertex 4.364694e+01 2.950520e+02 2.776229e+01
      endloop
   endfacet
   facet normal 7.909290e-01 2.413769e-01 5.622886e-01
      outer loop
         vertex 4.194869e+01 2.883784e+02 3.320125e+01
         vertex 4.456603e+01 2.749764e+02 3.527280e+01
         vertex 4.795661e+01 2.749764e+02 3.050352e+01
      endloop
   endfacet
   facet normal 7.909291e-01 2.413770e-01 5.622884e-01
      outer loop
         vertex 4.194869e+01 2.883784e+02 3.320125e+01
         vertex 4.795661e+01 2.749764e+02 3.050352e+01
         vertex 4.514014e+01 2.883784e+02 2.871207e+01
      endloop
   endfacet
   facet normal 7.959692e-01 2.149936e-01 5.658717e-01
      outer loop
         vertex 4.456603e+01 2.749764e+02 3.527280e+01
         vertex 4.852128e+01 2.520934e+02 3.840327e+01
         vertex 5.221277e+01 2.520934e+02 3.321072e+01
      endloop
   endfacet
   facet normal 7.959691e-01 2.149936e-01 5.658718e-01
      outer loop
         vertex 4.456603e+01 2.749764e+02 3.527280e+01
         vertex 5.221277e+01 2.520934e+02 3.321072e+01
         vertex 4.795661e+01 2.749764e+02 3.050352e+01
      endloop
   endfacet
   facet normal 8.014800e-01 1.815785e-01 5.697887e-01
      outer loop
         vertex 4.852128e+01 2.520934e+02 3.840327e+01
         vertex 5.186215e+01 2.290494e+02 4.104748e+01
         vertex 5.580782e+01 2.290494e+02 3.549741e+01
      endloop
   endfacet
   facet normal 8.014796e-01 1.815783e-01 5.697892e-01
      outer loop
         vertex 4.852128e+01 2.520934e+02 3.840327e+01
         vertex 5.580782e+01 2.290494e+02 3.549741e+01
         vertex 5.221277e+01 2.520934e+02 3.321072e+01
      endloop
   endfacet
   facet normal 8.046058e-01 1.594136e-01 5.720112e-01
      outer loop
         vertex 5.186215e+01 2.290494e+02 4.104748e+01
         vertex 5.279443e+01 2.216963e+02 4.178535e+01
         vertex 5.681102e+01 2.216963e+02 3.613551e+01
      endloop
   endfacet
   facet normal 8.046059e-01 1.594139e-01 5.720110e-01
      outer loop
         vertex 5.186215e+01 2.290494e+02 4.104748e+01
         vertex 5.681102e+01 2.216963e+02 3.613551e+01
         vertex 5.580782e+01 2.290494e+02 3.549741e+01
      endloop
   endfacet
   facet normal 8.054675e-01 1.527216e-01 5.726240e-01
      outer loop
         vertex 5.279443e+01 2.216963e+02 4.178535e+01
         vertex 5.301568e+01 2.198728e+02 4.196047e+01
         vertex 5.704911e+01 2.198728e+02 3.628695e+01
      endloop
   endfacet
   facet normal 8.054675e-01 1.527221e-01 5.726238e-01
      outer loop
         vertex 5.279443e+01 2.216963e+02 4.178535e+01
         vertex 5.704911e+01 2.198728e+02 3.628695e+01
         vertex 5.681102e+01 2.216963e+02 3.613551e+01
      endloop
   endfacet
   facet normal 8.059606e-01 1.487535e-01 5.729746e-01
      outer loop
         vertex 5.301568e+01 2.198728e+02 4.196047e+01
         vertex 5.344666e+01 2.162238e+02 4.230158e+01
         vertex 5.751288e+01 2.162238e+02 3.658194e+01
      endloop
   endfacet
   facet normal 8.059606e-01 1.487534e-01 5.729746e-01
      outer loop
         vertex 5.301568e+01 2.198728e+02 4.196047e+01
         vertex 5.751288e+01 2.162238e+02 3.658194e+01
         vertex 5.704911e+01 2.198728e+02 3.628695e+01
      endloop
   endfacet
   facet normal 8.069018e-01 1.408620e-01 5.736440e-01
      outer loop
         vertex 5.344666e+01 2.162238e+02 4.230158e+01
         vertex 5.426282e+01 2.089180e+02 4.294754e+01
         vertex 5.839113e+01 2.089180e+02 3.714056e+01
      endloop
   endfacet
   facet normal 8.069019e-01 1.408623e-01 5.736437e-01
      outer loop
         vertex 5.344666e+01 2.162238e+02 4.230158e+01
         vertex 5.839113e+01 2.089180e+02 3.714056e+01
         vertex 5.751288e+01 2.162238e+02 3.658194e+01
      endloop
   endfacet
   facet normal 8.086071e-01 1.252782e-01 5.748564e-01
      outer loop
         vertex 5.426282e+01 2.089180e+02 4.294754e+01
         vertex 5.571429e+01 1.942780e+02 4.409634e+01
         vertex 5.995303e+01 1.942780e+02 3.813403e+01
      endloop
   endfacet
   facet normal 8.086071e-01 1.252782e-01 5.748564e-01
      outer loop
         vertex 5.426282e+01 2.089180e+02 4.294754e+01
         vertex 5.995303e+01 1.942780e+02 3.813403e+01
         vertex 5.839113e+01 2.089180e+02 3.714056e+01
      endloop
   endfacet
   facet normal 8.110533e-01 9.864212e-02 5.765954e-01
      outer loop
         vertex 5.571429e+01 1.942780e+02 4.409634e+01
         vertex 5.756948e+01 1.704415e+02 4.556467e+01
         vertex 6.194936e+01 1.704415e+02 3.940382e+01
      endloop
   endfacet
   facet normal 8.110533e-01 9.864213e-02 5.765954e-01
      outer loop
         vertex 5.571429e+01 1.942780e+02 4.409634e+01
         vertex 6.194936e+01 1.704415e+02 3.940382e+01
         vertex 5.995303e+01 1.942780e+02 3.813403e+01
      endloop
   endfacet
   facet normal 8.132713e-01 6.562695e-02 5.781720e-01
      outer loop
         vertex 5.756948e+01 1.704415e+02 4.556467e+01
         vertex 5.889154e+01 1.448394e+02 4.661105e+01
         vertex 6.337201e+01 1.448394e+02 4.030872e+01
      endloop
   endfacet
   facet normal 8.132712e-01 6.562687e-02 5.781722e-01
      outer loop
         vertex 5.756948e+01 1.704415e+02 4.556467e+01
         vertex 6.337201e+01 1.448394e+02 4.030872e+01
         vertex 6.194936e+01 1.704415e+02 3.940382e+01
      endloop
   endfacet
   facet normal 8.168370e-01 3.450473e-01 4.622983e-01
      outer loop
         vertex 2.423530e+01 3.650903e+02 1.541523e+01
         vertex 3.124145e+01 3.425338e+02 1.987160e+01
         vertex 3.311909e+01 3.425338e+02 1.655400e+01
      endloop
   endfacet
   facet normal 8.168371e-01 3.450473e-01 4.622981e-01
      outer loop
         vertex 2.423530e+01 3.650903e+02 1.541523e+01
         vertex 3.311909e+01 3.425338e+02 1.655400e+01
         vertex 2.569186e+01 3.650903e+02 1.284163e+01
      endloop
   endfacet
   facet normal 8.265029e-01 3.131860e-01 4.677687e-01
      outer loop
         vertex 3.124145e+01 3.425338e+02 1.987160e+01
         vertex 3.753918e+01 3.199311e+02 2.387736e+01
         vertex 3.979531e+01 3.199311e+02 1.989099e+01
      endloop
   endfacet
   facet normal 8.265028e-01 3.131860e-01 4.677688e-01
      outer loop
         vertex 3.124145e+01 3.425338e+02 1.987160e+01
         vertex 3.979531e+01 3.199311e+02 1.989099e+01
         vertex 3.311909e+01 3.425338e+02 1.655400e+01
      endloop
   endfacet
   facet normal 8.348000e-01 2.826410e-01 4.724649e-01
      outer loop
         vertex 3.753918e+01 3.199311e+02 2.387736e+01
         vertex 4.248999e+01 3.000446e+02 2.702640e+01
         vertex 4.504367e+01 3.000446e+02 2.251429e+01
      endloop
   endfacet
   facet normal 8.348001e-01 2.826411e-01 4.724646e-01
      outer loop
         vertex 3.753918e+01 3.199311e+02 2.387736e+01
         vertex 4.504367e+01 3.000446e+02 2.251429e+01
         vertex 3.979531e+01 3.199311e+02 1.989099e+01
      endloop
   endfacet
   facet normal 8.387069e-01 2.669337e-01 4.746758e-01
      outer loop
         vertex 4.248999e+01 3.000446e+02 2.702640e+01
         vertex 4.287916e+01 2.983816e+02 2.727394e+01
         vertex 4.545623e+01 2.983816e+02 2.272050e+01
      endloop
   endfacet
   facet normal 8.387070e-01 2.669330e-01 4.746761e-01
      outer loop
         vertex 4.248999e+01 3.000446e+02 2.702640e+01
         vertex 4.545623e+01 2.983816e+02 2.272050e+01
         vertex 4.504367e+01 3.000446e+02 2.251429e+01
      endloop
   endfacet
   facet normal 8.395780e-01 2.632933e-01 4.751688e-01
      outer loop
         vertex 4.287916e+01 2.983816e+02 2.727394e+01
         vertex 4.364694e+01 2.950520e+02 2.776229e+01
         vertex 4.627015e+01 2.950520e+02 2.312733e+01
      endloop
   endfacet
   facet normal 8.395780e-01 2.632933e-01 4.751688e-01
      outer loop
         vertex 4.287916e+01 2.983816e+02 2.727394e+01
         vertex 4.627015e+01 2.950520e+02 2.312733e+01
         vertex 4.545623e+01 2.983816e+02 2.272050e+01
      endloop
   endfacet
   facet normal 8.412852e-01 2.559972e-01 4.761351e-01
      outer loop
         vertex 4.364694e+01 2.950520e+02 2.776229e+01
         vertex 4.514014e+01 2.883784e+02 2.871207e+01
         vertex 4.785310e+01 2.883784e+02 2.391854e+01
      endloop
   endfacet
   facet normal 8.412852e-01 2.559973e-01 4.761350e-01
      outer loop
         vertex 4.364694e+01 2.950520e+02 2.776229e+01
         vertex 4.785310e+01 2.883784e+02 2.391854e+01
         vertex 4.627015e+01 2.950520e+02 2.312733e+01
      endloop
   endfacet
   facet normal 8.445523e-01 2.413770e-01 4.779839e-01
      outer loop
         vertex 4.514014e+01 2.883784e+02 2.871207e+01
         vertex 4.795661e+01 2.749764e+02 3.050352e+01
         vertex 5.083883e+01 2.749764e+02 2.541091e+01
      endloop
   endfacet
   facet normal 8.445522e-01 2.413770e-01 4.779841e-01
      outer loop
         vertex 4.514014e+01 2.883784e+02 2.871207e+01
         vertex 5.083883e+01 2.749764e+02 2.541091e+01
         vertex 4.785310e+01 2.883784e+02 2.391854e+01
      endloop
   endfacet
   facet normal 8.499339e-01 2.149936e-01 4.810303e-01
      outer loop
         vertex 4.795661e+01 2.749764e+02 3.050352e+01
         vertex 5.221277e+01 2.520934e+02 3.321072e+01
         vertex 5.535080e+01 2.520934e+02 2.766613e+01
      endloop
   endfacet
   facet normal 8.499341e-01 2.149937e-01 4.810298e-01
      outer loop
         vertex 4.795661e+01 2.749764e+02 3.050352e+01
         vertex 5.535080e+01 2.520934e+02 2.766613e+01
         vertex 5.083883e+01 2.749764e+02 2.541091e+01
      endloop
   endfacet
   facet normal 8.558180e-01 1.815783e-01 4.843603e-01
      outer loop
         vertex 5.221277e+01 2.520934e+02 3.321072e+01
         vertex 5.580782e+01 2.290494e+02 3.549741e+01
         vertex 5.916191e+01 2.290494e+02 2.957105e+01
      endloop
   endfacet
   facet normal 8.558179e-01 1.815783e-01 4.843604e-01
      outer loop
         vertex 5.221277e+01 2.520934e+02 3.321072e+01
         vertex 5.916191e+01 2.290494e+02 2.957105e+01
         vertex 5.535080e+01 2.520934e+02 2.766613e+01
      endloop
   endfacet
   facet normal 8.591559e-01 1.594139e-01 4.862493e-01
      outer loop
         vertex 5.580782e+01 2.290494e+02 3.549741e+01
         vertex 5.681102e+01 2.216963e+02 3.613551e+01
         vertex 6.022540e+01 2.216963e+02 3.010262e+01
      endloop
   endfacet
   facet normal 8.591558e-01 1.594139e-01 4.862494e-01
      outer loop
         vertex 5.580782e+01 2.290494e+02 3.549741e+01
         vertex 6.022540e+01 2.216963e+02 3.010262e+01
         vertex 5.916191e+01 2.290494e+02 2.957105e+01
      endloop
   endfacet
   facet normal 8.600761e-01 1.527221e-01 4.867701e-01
      outer loop
         vertex 5.681102e+01 2.216963e+02 3.613551e+01
         vertex 5.704911e+01 2.198728e+02 3.628695e+01
         vertex 6.047780e+01 2.198728e+02 3.022878e+01
      endloop
   endfacet
   facet normal 8.600761e-01 1.527217e-01 4.867702e-01
      outer loop
         vertex 5.681102e+01 2.216963e+02 3.613551e+01
         vertex 6.047780e+01 2.198728e+02 3.022878e+01
         vertex 6.022540e+01 2.216963e+02 3.010262e+01
      endloop
   endfacet
   facet normal 8.606027e-01 1.487534e-01 4.870682e-01
      outer loop
         vertex 5.704911e+01 2.198728e+02 3.628695e+01
         vertex 5.751288e+01 2.162238e+02 3.658194e+01
         vertex 6.096944e+01 2.162238e+02 3.047452e+01
      endloop
   endfacet
   facet normal 8.606027e-01 1.487535e-01 4.870681e-01
      outer loop
         vertex 5.704911e+01 2.198728e+02 3.628695e+01
         vertex 6.096944e+01 2.162238e+02 3.047452e+01
         vertex 6.047780e+01 2.198728e+02 3.022878e+01
      endloop
   endfacet
   facet normal 8.616080e-01 1.408623e-01 4.876366e-01
      outer loop
         vertex 5.751288e+01 2.162238e+02 3.658194e+01
         vertex 5.839113e+01 2.089180e+02 3.714056e+01
         vertex 6.190048e+01 2.089180e+02 3.093988e+01
      endloop
   endfacet
   facet normal 8.616078e-01 1.408619e-01 4.876370e-01
      outer loop
         vertex 5.751288e+01 2.162238e+02 3.658194e+01
         vertex 6.190048e+01 2.089180e+02 3.093988e+01
         vertex 6.096944e+01 2.162238e+02 3.047452e+01
      endloop
   endfacet
   facet normal 8.634289e-01 1.252782e-01 4.886674e-01
      outer loop
         vertex 5.839113e+01 2.089180e+02 3.714056e+01
         vertex 5.995303e+01 1.942780e+02 3.813403e+01
         vertex 6.355625e+01 1.942780e+02 3.176748e+01
      endloop
   endfacet
   facet normal 8.634290e-01 1.252783e-01 4.886673e-01
      outer loop
         vertex 5.839113e+01 2.089180e+02 3.714056e+01
         vertex 6.355625e+01 1.942780e+02 3.176748e+01
         vertex 6.190048e+01 2.089180e+02 3.093988e+01
      endloop
   endfacet
   facet normal 8.660407e-01 9.864214e-02 4.901461e-01
      outer loop
         vertex 5.995303e+01 1.942780e+02 3.813403e+01
         vertex 6.194936e+01 1.704415e+02 3.940382e+01
         vertex 6.567256e+01 1.704415e+02 3.282529e+01
      endloop
   endfacet
   facet normal 8.660409e-01 9.864229e-02 4.901457e-01
      outer loop
         vertex 5.995303e+01 1.942780e+02 3.813403e+01
         vertex 6.567256e+01 1.704415e+02 3.282529e+01
         vertex 6.355625e+01 1.942780e+02 3.176748e+01
      endloop
   endfacet
   facet normal 8.684091e-01 6.562686e-02 4.914863e-01
      outer loop
         vertex 6.194936e+01 1.704415e+02 3.940382e+01
         vertex 6.337201e+01 1.448394e+02 4.030872e+01
         vertex 6.718071e+01 1.448394e+02 3.357911e+01
      endloop
   endfacet
   facet normal 8.684090e-01 6.562681e-02 4.914865e-01
      outer loop
         vertex 6.194936e+01 1.704415e+02 3.940382e+01
         vertex 6.718071e+01 1.448394e+02 3.357911e+01
         vertex 6.567256e+01 1.704415e+02 3.282529e+01
      endloop
   endfacet
   facet normal 8.600414e-01 3.450473e-01 3.758606e-01
      outer loop
         vertex 2.569186e+01 3.650903e+02 1.284163e+01
         vertex 3.311909e+01 3.425338e+02 1.655400e+01
         vertex 3.464565e+01 3.425338e+02 1.306092e+01
      endloop
   endfacet
   facet normal 8.600415e-01 3.450474e-01 3.758602e-01
      outer loop
         vertex 2.569186e+01 3.650903e+02 1.284163e+01
         vertex 3.464565e+01 3.425338e+02 1.306092e+01
         vertex 2.687608e+01 3.650903e+02 1.013190e+01
      endloop
   endfacet
   facet normal 8.702185e-01 3.131860e-01 3.803082e-01
      outer loop
         vertex 3.311909e+01 3.425338e+02 1.655400e+01
         vertex 3.979531e+01 3.199311e+02 1.989099e+01
         vertex 4.162960e+01 3.199311e+02 1.569377e+01
      endloop
   endfacet
   facet normal 8.702185e-01 3.131860e-01 3.803083e-01
      outer loop
         vertex 3.311909e+01 3.425338e+02 1.655400e+01
         vertex 4.162960e+01 3.199311e+02 1.569377e+01
         vertex 3.464565e+01 3.425338e+02 1.306092e+01
      endloop
   endfacet
   facet normal 8.789547e-01 2.826411e-01 3.841259e-01
      outer loop
         vertex 3.979531e+01 3.199311e+02 1.989099e+01
         vertex 4.504367e+01 3.000446e+02 2.251429e+01
         vertex 4.711988e+01 3.000446e+02 1.776353e+01
      endloop
   endfacet
   facet normal 8.789546e-01 2.826410e-01 3.841261e-01
      outer loop
         vertex 3.979531e+01 3.199311e+02 1.989099e+01
         vertex 4.711988e+01 3.000446e+02 1.776353e+01
         vertex 4.162960e+01 3.199311e+02 1.569377e+01
      endloop
   endfacet
   facet normal 8.830683e-01 2.669330e-01 3.859237e-01
      outer loop
         vertex 4.504367e+01 3.000446e+02 2.251429e+01
         vertex 4.545623e+01 2.983816e+02 2.272050e+01
         vertex 4.755145e+01 2.983816e+02 1.792623e+01
      endloop
   endfacet
   facet normal 8.830683e-01 2.669331e-01 3.859237e-01
      outer loop
         vertex 4.504367e+01 3.000446e+02 2.251429e+01
         vertex 4.755145e+01 2.983816e+02 1.792623e+01
         vertex 4.711988e+01 3.000446e+02 1.776353e+01
      endloop
   endfacet
   facet normal 8.839855e-01 2.632933e-01 3.863240e-01
      outer loop
         vertex 4.545623e+01 2.983816e+02 2.272050e+01
         vertex 4.627015e+01 2.950520e+02 2.312733e+01
         vertex 4.840289e+01 2.950520e+02 1.824721e+01
      endloop
   endfacet
   facet normal 8.839855e-01 2.632925e-01 3.863246e-01
      outer loop
         vertex 4.545623e+01 2.983816e+02 2.272050e+01
         vertex 4.840289e+01 2.950520e+02 1.824721e+01
         vertex 4.755145e+01 2.983816e+02 1.792623e+01
      endloop
   endfacet
   facet normal 8.857829e-01 2.559973e-01 3.871098e-01
      outer loop
         vertex 4.627015e+01 2.950520e+02 2.312733e+01
         vertex 4.785310e+01 2.883784e+02 2.391854e+01
         vertex 5.005880e+01 2.883784e+02 1.887146e+01
      endloop
   endfacet
   facet normal 8.857830e-01 2.559975e-01 3.871095e-01
      outer loop
         vertex 4.627015e+01 2.950520e+02 2.312733e+01
         vertex 5.005880e+01 2.883784e+02 1.887146e+01
         vertex 4.840289e+01 2.950520e+02 1.824721e+01
      endloop
   endfacet
   facet normal 8.892227e-01 2.413769e-01 3.886131e-01
      outer loop
         vertex 4.785310e+01 2.883784e+02 2.391854e+01
         vertex 5.083883e+01 2.749764e+02 2.541091e+01
         vertex 5.318216e+01 2.749764e+02 2.004893e+01
      endloop
   endfacet
   facet normal 8.892227e-01 2.413770e-01 3.886130e-01
      outer loop
         vertex 4.785310e+01 2.883784e+02 2.391854e+01
         vertex 5.318216e+01 2.749764e+02 2.004893e+01
         vertex 5.005880e+01 2.883784e+02 1.887146e+01
      endloop
   endfacet
   facet normal 8.948893e-01 2.149937e-01 3.910894e-01
      outer loop
         vertex 5.083883e+01 2.749764e+02 2.541091e+01
         vertex 5.535080e+01 2.520934e+02 2.766613e+01
         vertex 5.790209e+01 2.520934e+02 2.182828e+01
      endloop
   endfacet
   facet normal 8.948892e-01 2.149937e-01 3.910895e-01
      outer loop
         vertex 5.083883e+01 2.749764e+02 2.541091e+01
         vertex 5.790209e+01 2.520934e+02 2.182828e+01
         vertex 5.318216e+01 2.749764e+02 2.004893e+01
      endloop
   endfacet
   facet normal 9.010845e-01 1.815783e-01 3.937969e-01
      outer loop
         vertex 5.535080e+01 2.520934e+02 2.766613e+01
         vertex 5.916191e+01 2.290494e+02 2.957105e+01
         vertex 6.188887e+01 2.290494e+02 2.333123e+01
      endloop
   endfacet
   facet normal 9.010845e-01 1.815783e-01 3.937969e-01
      outer loop
         vertex 5.535080e+01 2.520934e+02 2.766613e+01
         vertex 6.188887e+01 2.290494e+02 2.333123e+01
         vertex 5.790209e+01 2.520934e+02 2.182828e+01
      endloop
   endfacet
   facet normal 9.045990e-01 1.594139e-01 3.953327e-01
      outer loop
         vertex 5.916191e+01 2.290494e+02 2.957105e+01
         vertex 6.022540e+01 2.216963e+02 3.010262e+01
         vertex 6.300138e+01 2.216963e+02 2.375064e+01
      endloop
   endfacet
   facet normal 9.045989e-01 1.594137e-01 3.953328e-01
      outer loop
         vertex 5.916191e+01 2.290494e+02 2.957105e+01
         vertex 6.300138e+01 2.216963e+02 2.375064e+01
         vertex 6.188887e+01 2.290494e+02 2.333123e+01
      endloop
   endfacet
   facet normal 9.055678e-01 1.527217e-01 3.957563e-01
      outer loop
         vertex 6.022540e+01 2.216963e+02 3.010262e+01
         vertex 6.047780e+01 2.198728e+02 3.022878e+01
         vertex 6.326541e+01 2.198728e+02 2.385017e+01
      endloop
   endfacet
   facet normal 9.055678e-01 1.527225e-01 3.957561e-01
      outer loop
         vertex 6.022540e+01 2.216963e+02 3.010262e+01
         vertex 6.326541e+01 2.198728e+02 2.385017e+01
         vertex 6.300138e+01 2.216963e+02 2.375064e+01
      endloop
   endfacet
   facet normal 9.061222e-01 1.487535e-01 3.959988e-01
      outer loop
         vertex 6.047780e+01 2.198728e+02 3.022878e+01
         vertex 6.096944e+01 2.162238e+02 3.047452e+01
         vertex 6.377972e+01 2.162238e+02 2.404406e+01
      endloop
   endfacet
   facet normal 9.061222e-01 1.487538e-01 3.959986e-01
      outer loop
         vertex 6.047780e+01 2.198728e+02 3.022878e+01
         vertex 6.377972e+01 2.162238e+02 2.404406e+01
         vertex 6.326541e+01 2.198728e+02 2.385017e+01
      endloop
   endfacet
   facet normal 9.071804e-01 1.408619e-01 3.964614e-01
      outer loop
         vertex 6.096944e+01 2.162238e+02 3.047452e+01
         vertex 6.190048e+01 2.089180e+02 3.093988e+01
         vertex 6.475367e+01 2.089180e+02 2.441122e+01
      endloop
   endfacet
   facet normal 9.071804e-01 1.408620e-01 3.964613e-01
      outer loop
         vertex 6.096944e+01 2.162238e+02 3.047452e+01
         vertex 6.475367e+01 2.089180e+02 2.441122e+01
         vertex 6.377972e+01 2.162238e+02 2.404406e+01
      endloop
   endfacet
   facet normal 9.090979e-01 1.252783e-01 3.972989e-01
      outer loop
         vertex 6.190048e+01 2.089180e+02 3.093988e+01
         vertex 6.355625e+01 1.942780e+02 3.176748e+01
         vertex 6.648576e+01 1.942780e+02 2.506420e+01
      endloop
   endfacet
   facet normal 9.090977e-01 1.252781e-01 3.972993e-01
      outer loop
         vertex 6.190048e+01 2.089180e+02 3.093988e+01
         vertex 6.648576e+01 1.942780e+02 2.506420e+01
         vertex 6.475367e+01 2.089180e+02 2.441122e+01
      endloop
   endfacet
   facet normal 9.118481e-01 9.864229e-02 3.985006e-01
      outer loop
         vertex 6.355625e+01 1.942780e+02 3.176748e+01
         vertex 6.567256e+01 1.704415e+02 3.282529e+01
         vertex 6.869962e+01 1.704415e+02 2.589879e+01
      endloop
   endfacet
   facet normal 9.118480e-01 9.864223e-02 3.985008e-01
      outer loop
         vertex 6.355625e+01 1.942780e+02 3.176748e+01
         vertex 6.869962e+01 1.704415e+02 2.589879e+01
         vertex 6.648576e+01 1.942780e+02 2.506420e+01
      endloop
   endfacet
   facet normal 9.143415e-01 6.562681e-02 3.995908e-01
      outer loop
         vertex 6.567256e+01 1.704415e+02 3.282529e+01
         vertex 6.718071e+01 1.448394e+02 3.357911e+01
         vertex 7.027728e+01 1.448394e+02 2.649355e+01
      endloop
   endfacet
   facet normal 9.143416e-01 6.562693e-02 3.995904e-01
      outer loop
         vertex 6.567256e+01 1.704415e+02 3.282529e+01
         vertex 7.027728e+01 1.448394e+02 2.649355e+01
         vertex 6.869962e+01 1.704415e+02 2.589879e+01
      endloop
   endfacet
   facet normal 8.941296e-01 3.450474e-01 2.854374e-01
      outer loop
         vertex 2.687608e+01 3.650903e+02 1.013190e+01
         vertex 3.464565e+01 3.425338e+02 1.306092e+01
         vertex 3.580496e+01 3.425338e+02 9.429399e+00
      endloop
   endfacet
   facet normal 8.941295e-01 3.450473e-01 2.854379e-01
      outer loop
         vertex 2.687608e+01 3.650903e+02 1.013190e+01
         vertex 3.580496e+01 3.425338e+02 9.429399e+00
         vertex 2.777541e+01 3.650903e+02 7.314778e+00
      endloop
   endfacet
   facet normal 9.047102e-01 3.131860e-01 2.888150e-01
      outer loop
         vertex 3.464565e+01 3.425338e+02 1.306092e+01
         vertex 4.162960e+01 3.199311e+02 1.569377e+01
         vertex 4.302261e+01 3.199311e+02 1.133020e+01
      endloop
   endfacet
   facet normal 9.047101e-01 3.131860e-01 2.888150e-01
      outer loop
         vertex 3.464565e+01 3.425338e+02 1.306092e+01
         vertex 4.302261e+01 3.199311e+02 1.133020e+01
         vertex 3.580496e+01 3.425338e+02 9.429399e+00
      endloop
   endfacet
   facet normal 9.137925e-01 2.826410e-01 2.917145e-01
      outer loop
         vertex 4.162960e+01 3.199311e+02 1.569377e+01
         vertex 4.711988e+01 3.000446e+02 1.776353e+01
         vertex 4.869660e+01 3.000446e+02 1.282447e+01
      endloop
   endfacet
   facet normal 9.137925e-01 2.826411e-01 2.917144e-01
      outer loop
         vertex 4.162960e+01 3.199311e+02 1.569377e+01
         vertex 4.869660e+01 3.000446e+02 1.282447e+01
         vertex 4.302261e+01 3.199311e+02 1.133020e+01
      endloop
   endfacet
   facet normal 9.180691e-01 2.669331e-01 2.930799e-01
      outer loop
         vertex 4.711988e+01 3.000446e+02 1.776353e+01
         vertex 4.755145e+01 2.983816e+02 1.792623e+01
         vertex 4.914262e+01 2.983816e+02 1.294193e+01
      endloop
   endfacet
   facet normal 9.180690e-01 2.669336e-01 2.930797e-01
      outer loop
         vertex 4.711988e+01 3.000446e+02 1.776353e+01
         vertex 4.914262e+01 2.983816e+02 1.294193e+01
         vertex 4.869660e+01 3.000446e+02 1.282447e+01
      endloop
   endfacet
   facet normal 9.190226e-01 2.632925e-01 2.933846e-01
      outer loop
         vertex 4.755145e+01 2.983816e+02 1.792623e+01
         vertex 4.840289e+01 2.950520e+02 1.824721e+01
         vertex 5.002254e+01 2.950520e+02 1.317366e+01
      endloop
   endfacet
   facet normal 9.190226e-01 2.632929e-01 2.933843e-01
      outer loop
         vertex 4.755145e+01 2.983816e+02 1.792623e+01
         vertex 5.002254e+01 2.950520e+02 1.317366e+01
         vertex 4.914262e+01 2.983816e+02 1.294193e+01
      endloop
   endfacet
   facet normal 9.208912e-01 2.559975e-01 2.939808e-01
      outer loop
         vertex 4.840289e+01 2.950520e+02 1.824721e+01
         vertex 5.005880e+01 2.883784e+02 1.887146e+01
         vertex 5.173386e+01 2.883784e+02 1.362435e+01
      endloop
   endfacet
   facet normal 9.208912e-01 2.559972e-01 2.939811e-01
      outer loop
         vertex 4.840289e+01 2.950520e+02 1.824721e+01
         vertex 5.173386e+01 2.883784e+02 1.362435e+01
         vertex 5.002254e+01 2.950520e+02 1.317366e+01
      endloop
   endfacet
   facet normal 9.244673e-01 2.413770e-01 2.951227e-01
      outer loop
         vertex 5.005880e+01 2.883784e+02 1.887146e+01
         vertex 5.318216e+01 2.749764e+02 2.004893e+01
         vertex 5.496173e+01 2.749764e+02 1.447442e+01
      endloop
   endfacet
   facet normal 9.244673e-01 2.413771e-01 2.951224e-01
      outer loop
         vertex 5.005880e+01 2.883784e+02 1.887146e+01
         vertex 5.496173e+01 2.749764e+02 1.447442e+01
         vertex 5.173386e+01 2.883784e+02 1.362435e+01
      endloop
   endfacet
   facet normal 9.303585e-01 2.149937e-01 2.970030e-01
      outer loop
         vertex 5.318216e+01 2.749764e+02 2.004893e+01
         vertex 5.790209e+01 2.520934e+02 2.182828e+01
         vertex 5.983961e+01 2.520934e+02 1.575903e+01
      endloop
   endfacet
   facet normal 9.303584e-01 2.149936e-01 2.970034e-01
      outer loop
         vertex 5.318216e+01 2.749764e+02 2.004893e+01
         vertex 5.983961e+01 2.520934e+02 1.575903e+01
         vertex 5.496173e+01 2.749764e+02 1.447442e+01
      endloop
   endfacet
   facet normal 9.367992e-01 1.815783e-01 2.990595e-01
      outer loop
         vertex 5.790209e+01 2.520934e+02 2.182828e+01
         vertex 6.188887e+01 2.290494e+02 2.333123e+01
         vertex 6.395979e+01 2.290494e+02 1.684410e+01
      endloop
   endfacet
   facet normal 9.367993e-01 1.815784e-01 2.990591e-01
      outer loop
         vertex 5.790209e+01 2.520934e+02 2.182828e+01
         vertex 6.395979e+01 2.290494e+02 1.684410e+01
         vertex 5.983961e+01 2.520934e+02 1.575903e+01
      endloop
   endfacet
   facet normal 9.404530e-01 1.594137e-01 3.002255e-01
      outer loop
         vertex 6.188887e+01 2.290494e+02 2.333123e+01
         vertex 6.300138e+01 2.216963e+02 2.375064e+01
         vertex 6.510953e+01 2.216963e+02 1.714689e+01
      endloop
   endfacet
   facet normal 9.404530e-01 1.594133e-01 3.002259e-01
      outer loop
         vertex 6.188887e+01 2.290494e+02 2.333123e+01
         vertex 6.510953e+01 2.216963e+02 1.714689e+01
         vertex 6.395979e+01 2.290494e+02 1.684410e+01
      endloop
   endfacet
   facet normal 9.414602e-01 1.527225e-01 3.005470e-01
      outer loop
         vertex 6.300138e+01 2.216963e+02 2.375064e+01
         vertex 6.326541e+01 2.198728e+02 2.385017e+01
         vertex 6.538239e+01 2.198728e+02 1.721875e+01
      endloop
   endfacet
   facet normal 9.414602e-01 1.527224e-01 3.005470e-01
      outer loop
         vertex 6.300138e+01 2.216963e+02 2.375064e+01
         vertex 6.538239e+01 2.198728e+02 1.721875e+01
         vertex 6.510953e+01 2.216963e+02 1.714689e+01
      endloop
   endfacet
   facet normal 9.420368e-01 1.487538e-01 3.007308e-01
      outer loop
         vertex 6.326541e+01 2.198728e+02 2.385017e+01
         vertex 6.377972e+01 2.162238e+02 2.404406e+01
         vertex 6.591391e+01 2.162238e+02 1.735873e+01
      endloop
   endfacet
   facet normal 9.420368e-01 1.487534e-01 3.007310e-01
      outer loop
         vertex 6.326541e+01 2.198728e+02 2.385017e+01
         vertex 6.591391e+01 2.162238e+02 1.735873e+01
         vertex 6.538239e+01 2.198728e+02 1.721875e+01
      endloop
   endfacet
   facet normal 9.431368e-01 1.408621e-01 3.010829e-01
      outer loop
         vertex 6.377972e+01 2.162238e+02 2.404406e+01
         vertex 6.475367e+01 2.089180e+02 2.441122e+01
         vertex 6.692046e+01 2.089180e+02 1.762380e+01
      endloop
   endfacet
   facet normal 9.431369e-01 1.408629e-01 3.010820e-01
      outer loop
         vertex 6.377972e+01 2.162238e+02 2.404406e+01
         vertex 6.692046e+01 2.089180e+02 1.762380e+01
         vertex 6.591391e+01 2.162238e+02 1.735873e+01
      endloop
   endfacet
   facet normal 9.451300e-01 1.252781e-01 3.017194e-01
      outer loop
         vertex 6.475367e+01 2.089180e+02 2.441122e+01
         vertex 6.648576e+01 1.942780e+02 2.506420e+01
         vertex 6.871050e+01 1.942780e+02 1.809522e+01
      endloop
   endfacet
   facet normal 9.451301e-01 1.252781e-01 3.017193e-01
      outer loop
         vertex 6.475367e+01 2.089180e+02 2.441122e+01
         vertex 6.871050e+01 1.942780e+02 1.809522e+01
         vertex 6.692046e+01 2.089180e+02 1.762380e+01
      endloop
   endfacet
   facet normal 9.479894e-01 9.864222e-02 3.026313e-01
      outer loop
         vertex 6.648576e+01 1.942780e+02 2.506420e+01
         vertex 6.869962e+01 1.704415e+02 2.589879e+01
         vertex 7.099844e+01 1.704415e+02 1.869776e+01
      endloop
   endfacet
   facet normal 9.479892e-01 9.864196e-02 3.026321e-01
      outer loop
         vertex 6.648576e+01 1.942780e+02 2.506420e+01
         vertex 7.099844e+01 1.704415e+02 1.869776e+01
         vertex 6.871050e+01 1.942780e+02 1.809522e+01
      endloop
   endfacet
   facet normal 9.505820e-01 6.562693e-02 3.034585e-01
      outer loop
         vertex 6.869962e+01 1.704415e+02 2.589879e+01
         vertex 7.027728e+01 1.448394e+02 2.649355e+01
         vertex 7.262889e+01 1.448394e+02 1.912715e+01
      endloop
   endfacet
   facet normal 9.505818e-01 6.562679e-02 3.034589e-01
      outer loop
         vertex 6.869962e+01 1.704415e+02 2.589879e+01
         vertex 7.262889e+01 1.448394e+02 1.912715e+01
         vertex 7.099844e+01 1.704415e+02 1.869776e+01
      endloop
   endfacet
   facet normal 9.187395e-01 3.450473e-01 1.919897e-01
      outer loop
         vertex 2.777541e+01 3.650903e+02 7.314778e+00
         vertex 3.580496e+01 3.425338e+02 9.429399e+00
         vertex 3.658473e+01 3.425338e+02 5.697919e+00
      endloop
   endfacet
   facet normal 9.187396e-01 3.450474e-01 1.919892e-01
      outer loop
         vertex 2.777541e+01 3.650903e+02 7.314778e+00
         vertex 3.658473e+01 3.425338e+02 5.697919e+00
         vertex 2.838030e+01 3.650903e+02 4.420115e+00
      endloop
   endfacet
   facet normal 9.296112e-01 3.131859e-01 1.942616e-01
      outer loop
         vertex 3.580496e+01 3.425338e+02 9.429399e+00
         vertex 4.302261e+01 3.199311e+02 1.133020e+01
         vertex 4.395956e+01 3.199311e+02 6.846519e+00
      endloop
   endfacet
   facet normal 9.296112e-01 3.131860e-01 1.942615e-01
      outer loop
         vertex 3.580496e+01 3.425338e+02 9.429399e+00
         vertex 4.395956e+01 3.199311e+02 6.846519e+00
         vertex 3.658473e+01 3.425338e+02 5.697919e+00
      endloop
   endfacet
   facet normal 9.389435e-01 2.826411e-01 1.962118e-01
      outer loop
         vertex 4.302261e+01 3.199311e+02 1.133020e+01
         vertex 4.869660e+01 3.000446e+02 1.282447e+01
         vertex 4.975713e+01 3.000446e+02 7.749465e+00
      endloop
   endfacet
   facet normal 9.389435e-01 2.826411e-01 1.962118e-01
      outer loop
         vertex 4.302261e+01 3.199311e+02 1.133020e+01
         vertex 4.975713e+01 3.000446e+02 7.749465e+00
         vertex 4.395956e+01 3.199311e+02 6.846519e+00
      endloop
   endfacet
   facet normal 9.433378e-01 2.669336e-01 1.971299e-01
      outer loop
         vertex 4.869660e+01 3.000446e+02 1.282447e+01
         vertex 4.914262e+01 2.983816e+02 1.294193e+01
         vertex 5.021286e+01 2.983816e+02 7.820443e+00
      endloop
   endfacet
   facet normal 9.433380e-01 2.669329e-01 1.971301e-01
      outer loop
         vertex 4.869660e+01 3.000446e+02 1.282447e+01
         vertex 5.021286e+01 2.983816e+02 7.820443e+00
         vertex 4.975713e+01 3.000446e+02 7.749465e+00
      endloop
   endfacet
   facet normal 9.443176e-01 2.632929e-01 1.973349e-01
      outer loop
         vertex 4.914262e+01 2.983816e+02 1.294193e+01
         vertex 5.002254e+01 2.950520e+02 1.317366e+01
         vertex 5.111195e+01 2.950520e+02 7.960473e+00
      endloop
   endfacet
   facet normal 9.443176e-01 2.632934e-01 1.973346e-01
      outer loop
         vertex 4.914262e+01 2.983816e+02 1.294193e+01
         vertex 5.111195e+01 2.950520e+02 7.960473e+00
         vertex 5.021286e+01 2.983816e+02 7.820443e+00
      endloop
   endfacet
   facet normal 9.462377e-01 2.559973e-01 1.977361e-01
      outer loop
         vertex 5.002254e+01 2.950520e+02 1.317366e+01
         vertex 5.173386e+01 2.883784e+02 1.362435e+01
         vertex 5.286054e+01 2.883784e+02 8.232808e+00
      endloop
   endfacet
   facet normal 9.462377e-01 2.559972e-01 1.977362e-01
      outer loop
         vertex 5.002254e+01 2.950520e+02 1.317366e+01
         vertex 5.286054e+01 2.883784e+02 8.232808e+00
         vertex 5.111195e+01 2.950520e+02 7.960473e+00
      endloop
   endfacet
   facet normal 9.499122e-01 2.413771e-01 1.985040e-01
      outer loop
         vertex 5.173386e+01 2.883784e+02 1.362435e+01
         vertex 5.496173e+01 2.749764e+02 1.447442e+01
         vertex 5.615871e+01 2.749764e+02 8.746485e+00
      endloop
   endfacet
   facet normal 9.499122e-01 2.413771e-01 1.985040e-01
      outer loop
         vertex 5.173386e+01 2.883784e+02 1.362435e+01
         vertex 5.615871e+01 2.749764e+02 8.746485e+00
         vertex 5.286054e+01 2.883784e+02 8.232808e+00
      endloop
   endfacet
   facet normal 9.559656e-01 2.149936e-01 1.997690e-01
      outer loop
         vertex 5.496173e+01 2.749764e+02 1.447442e+01
         vertex 5.983961e+01 2.520934e+02 1.575903e+01
         vertex 6.114281e+01 2.520934e+02 9.522738e+00
      endloop
   endfacet
   facet normal 9.559656e-01 2.149936e-01 1.997689e-01
      outer loop
         vertex 5.496173e+01 2.749764e+02 1.447442e+01
         vertex 6.114281e+01 2.520934e+02 9.522738e+00
         vertex 5.615871e+01 2.749764e+02 8.746485e+00
      endloop
   endfacet
   facet normal 9.625836e-01 1.815784e-01 2.011518e-01
      outer loop
         vertex 5.983961e+01 2.520934e+02 1.575903e+01
         vertex 6.395979e+01 2.290494e+02 1.684410e+01
         vertex 6.535272e+01 2.290494e+02 1.017841e+01
      endloop
   endfacet
   facet normal 9.625836e-01 1.815784e-01 2.011519e-01
      outer loop
         vertex 5.983961e+01 2.520934e+02 1.575903e+01
         vertex 6.535272e+01 2.290494e+02 1.017841e+01
         vertex 6.114281e+01 2.520934e+02 9.522738e+00
      endloop
   endfacet
   facet normal 9.663379e-01 1.594133e-01 2.019369e-01
      outer loop
         vertex 6.395979e+01 2.290494e+02 1.684410e+01
         vertex 6.510953e+01 2.216963e+02 1.714689e+01
         vertex 6.652750e+01 2.216963e+02 1.036138e+01
      endloop
   endfacet
   facet normal 9.663379e-01 1.594138e-01 2.019363e-01
      outer loop
         vertex 6.395979e+01 2.290494e+02 1.684410e+01
         vertex 6.652750e+01 2.216963e+02 1.036138e+01
         vertex 6.535272e+01 2.290494e+02 1.017841e+01
      endloop
   endfacet
   facet normal 9.673727e-01 1.527223e-01 2.021532e-01
      outer loop
         vertex 6.510953e+01 2.216963e+02 1.714689e+01
         vertex 6.538239e+01 2.198728e+02 1.721875e+01
         vertex 6.680631e+01 2.198728e+02 1.040481e+01
      endloop
   endfacet
   facet normal 9.673727e-01 1.527227e-01 2.021531e-01
      outer loop
         vertex 6.510953e+01 2.216963e+02 1.714689e+01
         vertex 6.680631e+01 2.198728e+02 1.040481e+01
         vertex 6.652750e+01 2.216963e+02 1.036138e+01
      endloop
   endfacet
   facet normal 9.679651e-01 1.487535e-01 2.022768e-01
      outer loop
         vertex 6.538239e+01 2.198728e+02 1.721875e+01
         vertex 6.591391e+01 2.162238e+02 1.735873e+01
         vertex 6.734940e+01 2.162238e+02 1.048939e+01
      endloop
   endfacet
   facet normal 9.679651e-01 1.487530e-01 2.022770e-01
      outer loop
         vertex 6.538239e+01 2.198728e+02 1.721875e+01
         vertex 6.734940e+01 2.162238e+02 1.048939e+01
         vertex 6.680631e+01 2.198728e+02 1.040481e+01
      endloop
   endfacet
   facet normal 9.690958e-01 1.408629e-01 2.025118e-01
      outer loop
         vertex 6.591391e+01 2.162238e+02 1.735873e+01
         vertex 6.692046e+01 2.089180e+02 1.762380e+01
         vertex 6.837786e+01 2.089180e+02 1.064957e+01
      endloop
   endfacet
   facet normal 9.690957e-01 1.408617e-01 2.025131e-01
      outer loop
         vertex 6.591391e+01 2.162238e+02 1.735873e+01
         vertex 6.837786e+01 2.089180e+02 1.064957e+01
         vertex 6.734940e+01 2.162238e+02 1.048939e+01
      endloop
   endfacet
   facet normal 9.711440e-01 1.252781e-01 2.029401e-01
      outer loop
         vertex 6.692046e+01 2.089180e+02 1.762380e+01
         vertex 6.871050e+01 1.942780e+02 1.809522e+01
         vertex 7.020689e+01 1.942780e+02 1.093443e+01
      endloop
   endfacet
   facet normal 9.711441e-01 1.252783e-01 2.029398e-01
      outer loop
         vertex 6.692046e+01 2.089180e+02 1.762380e+01
         vertex 7.020689e+01 1.942780e+02 1.093443e+01
         vertex 6.837786e+01 2.089180e+02 1.064957e+01
      endloop
   endfacet
   facet normal 9.740817e-01 9.864196e-02 2.035551e-01
      outer loop
         vertex 6.871050e+01 1.942780e+02 1.809522e+01
         vertex 7.099844e+01 1.704415e+02 1.869776e+01
         vertex 7.254466e+01 1.704415e+02 1.129853e+01
      endloop
   endfacet
   facet normal 9.740819e-01 9.864228e-02 2.035540e-01
      outer loop
         vertex 6.871050e+01 1.942780e+02 1.809522e+01
         vertex 7.254466e+01 1.704415e+02 1.129853e+01
         vertex 7.020689e+01 1.942780e+02 1.093443e+01
      endloop
   endfacet
   facet normal 9.767454e-01 6.562679e-02 2.041115e-01
      outer loop
         vertex 7.099844e+01 1.704415e+02 1.869776e+01
         vertex 7.262889e+01 1.448394e+02 1.912715e+01
         vertex 7.421062e+01 1.448394e+02 1.155800e+01
      endloop
   endfacet
   facet normal 9.767454e-01 6.562674e-02 2.041117e-01
      outer loop
         vertex 7.099844e+01 1.704415e+02 1.869776e+01
         vertex 7.421062e+01 1.448394e+02 1.155800e+01
         vertex 7.254466e+01 1.704415e+02 1.129853e+01
      endloop
   endfacet
   facet normal 9.336107e-01 3.450474e-01 9.650579e-02
      outer loop
         vertex 2.838030e+01 3.650903e+02 4.420115e+00
         vertex 3.658473e+01 3.425338e+02 5.697919e+00
         vertex 3.697669e+01 3.425338e+02 1.906041e+00
      endloop
   endfacet
   facet normal 9.336107e-01 3.450473e-01 9.650642e-02
      outer loop
         vertex 2.838030e+01 3.650903e+02 4.420115e+00
         vertex 3.697669e+01 3.425338e+02 1.906041e+00
         vertex 2.868437e+01 3.650903e+02 1.478596e+00
      endloop
   endfacet
   facet normal 9.446584e-01 3.131860e-01 9.764810e-02
      outer loop
         vertex 3.658473e+01 3.425338e+02 5.697919e+00
         vertex 4.395956e+01 3.199311e+02 6.846519e+00
         vertex 4.443054e+01 3.199311e+02 2.290266e+00
      endloop
   endfacet
   facet normal 9.446584e-01 3.131860e-01 9.764777e-02
      outer loop
         vertex 3.658473e+01 3.425338e+02 5.697919e+00
         vertex 4.443054e+01 3.199311e+02 2.290266e+00
         vertex 3.697669e+01 3.425338e+02 1.906041e+00
      endloop
   endfacet
   facet normal 9.541417e-01 2.826411e-01 9.862853e-02
      outer loop
         vertex 4.395956e+01 3.199311e+02 6.846519e+00
         vertex 4.975713e+01 3.000446e+02 7.749465e+00
         vertex 5.029021e+01 3.000446e+02 2.592315e+00
      endloop
   endfacet
   facet normal 9.541417e-01 2.826411e-01 9.862839e-02
      outer loop
         vertex 4.395956e+01 3.199311e+02 6.846519e+00
         vertex 5.029021e+01 3.000446e+02 2.592315e+00
         vertex 4.443054e+01 3.199311e+02 2.290266e+00
      endloop
   endfacet
   facet normal 9.586073e-01 2.669329e-01 9.909017e-02
      outer loop
         vertex 4.975713e+01 3.000446e+02 7.749465e+00
         vertex 5.021286e+01 2.983816e+02 7.820443e+00
         vertex 5.075083e+01 2.983816e+02 2.616058e+00
      endloop
   endfacet
   facet normal 9.586073e-01 2.669330e-01 9.909013e-02
      outer loop
         vertex 4.975713e+01 3.000446e+02 7.749465e+00
         vertex 5.075083e+01 2.983816e+02 2.616058e+00
         vertex 5.029021e+01 3.000446e+02 2.592315e+00
      endloop
   endfacet
   facet normal 9.596027e-01 2.632934e-01 9.919296e-02
      outer loop
         vertex 5.021286e+01 2.983816e+02 7.820443e+00
         vertex 5.111195e+01 2.950520e+02 7.960473e+00
         vertex 5.165955e+01 2.950520e+02 2.662900e+00
      endloop
   endfacet
   facet normal 9.596027e-01 2.632932e-01 9.919307e-02
      outer loop
         vertex 5.021286e+01 2.983816e+02 7.820443e+00
         vertex 5.165955e+01 2.950520e+02 2.662900e+00
         vertex 5.075083e+01 2.983816e+02 2.616058e+00
      endloop
   endfacet
   facet normal 9.615540e-01 2.559972e-01 9.939466e-02
      outer loop
         vertex 5.111195e+01 2.950520e+02 7.960473e+00
         vertex 5.286054e+01 2.883784e+02 8.232808e+00
         vertex 5.342688e+01 2.883784e+02 2.754001e+00
      endloop
   endfacet
   facet normal 9.615540e-01 2.559972e-01 9.939466e-02
      outer loop
         vertex 5.111195e+01 2.950520e+02 7.960473e+00
         vertex 5.342688e+01 2.883784e+02 2.754001e+00
         vertex 5.165955e+01 2.950520e+02 2.662900e+00
      endloop
   endfacet
   facet normal 9.652880e-01 2.413771e-01 9.978055e-02
      outer loop
         vertex 5.286054e+01 2.883784e+02 8.232808e+00
         vertex 5.615871e+01 2.749764e+02 8.746485e+00
         vertex 5.676038e+01 2.749764e+02 2.925833e+00
      endloop
   endfacet
   facet normal 9.652880e-01 2.413770e-01 9.978063e-02
      outer loop
         vertex 5.286054e+01 2.883784e+02 8.232808e+00
         vertex 5.676038e+01 2.749764e+02 2.925833e+00
         vertex 5.342688e+01 2.883784e+02 2.754001e+00
      endloop
   endfacet
   facet normal 9.714393e-01 2.149936e-01 1.004163e-01
      outer loop
         vertex 5.615871e+01 2.749764e+02 8.746485e+00
         vertex 6.114281e+01 2.520934e+02 9.522738e+00
         vertex 6.179788e+01 2.520934e+02 3.185502e+00
      endloop
   endfacet
   facet normal 9.714393e-01 2.149935e-01 1.004164e-01
      outer loop
         vertex 5.615871e+01 2.749764e+02 8.746485e+00
         vertex 6.179788e+01 2.520934e+02 3.185502e+00
         vertex 5.676038e+01 2.749764e+02 2.925833e+00
      endloop
   endfacet
   facet normal 9.781645e-01 1.815784e-01 1.011111e-01
      outer loop
         vertex 6.114281e+01 2.520934e+02 9.522738e+00
         vertex 6.535272e+01 2.290494e+02 1.017841e+01
         vertex 6.605289e+01 2.290494e+02 3.404835e+00
      endloop
   endfacet
   facet normal 9.781645e-01 1.815783e-01 1.011115e-01
      outer loop
         vertex 6.114281e+01 2.520934e+02 9.522738e+00
         vertex 6.605289e+01 2.290494e+02 3.404835e+00
         vertex 6.179788e+01 2.520934e+02 3.185502e+00
      endloop
   endfacet
   facet normal 9.819795e-01 1.594138e-01 1.015057e-01
      outer loop
         vertex 6.535272e+01 2.290494e+02 1.017841e+01
         vertex 6.652750e+01 2.216963e+02 1.036138e+01
         vertex 6.724026e+01 2.216963e+02 3.466041e+00
      endloop
   endfacet
   facet normal 9.819795e-01 1.594141e-01 1.015054e-01
      outer loop
         vertex 6.535272e+01 2.290494e+02 1.017841e+01
         vertex 6.724026e+01 2.216963e+02 3.466041e+00
         vertex 6.605289e+01 2.290494e+02 3.404835e+00
      endloop
   endfacet
   facet normal 9.830311e-01 1.527227e-01 1.016149e-01
      outer loop
         vertex 6.652750e+01 2.216963e+02 1.036138e+01
         vertex 6.680631e+01 2.198728e+02 1.040481e+01
         vertex 6.752206e+01 2.198728e+02 3.480567e+00
      endloop
   endfacet
   facet normal 9.830309e-01 1.527245e-01 1.016144e-01
      outer loop
         vertex 6.652750e+01 2.216963e+02 1.036138e+01
         vertex 6.752206e+01 2.198728e+02 3.480567e+00
         vertex 6.724026e+01 2.216963e+02 3.466041e+00
      endloop
   endfacet
   facet normal 9.836333e-01 1.487530e-01 1.016765e-01
      outer loop
         vertex 6.680631e+01 2.198728e+02 1.040481e+01
         vertex 6.734940e+01 2.162238e+02 1.048939e+01
         vertex 6.807097e+01 2.162238e+02 3.508861e+00
      endloop
   endfacet
   facet normal 9.836334e-01 1.487517e-01 1.016772e-01
      outer loop
         vertex 6.680631e+01 2.198728e+02 1.040481e+01
         vertex 6.807097e+01 2.162238e+02 3.508861e+00
         vertex 6.752206e+01 2.198728e+02 3.480567e+00
      endloop
   endfacet
   facet normal 9.847820e-01 1.408617e-01 1.017960e-01
      outer loop
         vertex 6.734940e+01 2.162238e+02 1.048939e+01
         vertex 6.837786e+01 2.089180e+02 1.064957e+01
         vertex 6.911045e+01 2.089180e+02 3.562443e+00
      endloop
   endfacet
   facet normal 9.847820e-01 1.408625e-01 1.017952e-01
      outer loop
         vertex 6.734940e+01 2.162238e+02 1.048939e+01
         vertex 6.911045e+01 2.089180e+02 3.562443e+00
         vertex 6.807097e+01 2.162238e+02 3.508861e+00
      endloop
   endfacet
   facet normal 9.868633e-01 1.252783e-01 1.020107e-01
      outer loop
         vertex 6.837786e+01 2.089180e+02 1.064957e+01
         vertex 7.020689e+01 1.942780e+02 1.093443e+01
         vertex 7.095908e+01 1.942780e+02 3.657735e+00
      endloop
   endfacet
   facet normal 9.868633e-01 1.252781e-01 1.020112e-01
      outer loop
         vertex 6.837786e+01 2.089180e+02 1.064957e+01
         vertex 7.095908e+01 1.942780e+02 3.657735e+00
         vertex 6.911045e+01 2.089180e+02 3.562443e+00
      endloop
   endfacet
   facet normal 9.898487e-01 9.864228e-02 1.023194e-01
      outer loop
         vertex 7.020689e+01 1.942780e+02 1.093443e+01
         vertex 7.254466e+01 1.704415e+02 1.129853e+01
         vertex 7.332189e+01 1.704415e+02 3.779531e+00
      endloop
   endfacet
   facet normal 9.898487e-01 9.864232e-02 1.023193e-01
      outer loop
         vertex 7.020689e+01 1.942780e+02 1.093443e+01
         vertex 7.332189e+01 1.704415e+02 3.779531e+00
         vertex 7.095908e+01 1.942780e+02 3.657735e+00
      endloop
   endfacet
   facet normal 9.925555e-01 6.562674e-02 1.025997e-01
      outer loop
         vertex 7.254466e+01 1.704415e+02 1.129853e+01
         vertex 7.421062e+01 1.448394e+02 1.155800e+01
         vertex 7.500571e+01 1.448394e+02 3.866327e+00
      endloop
   endfacet
   facet normal 9.925555e-01 6.562689e-02 1.025992e-01
      outer loop
         vertex 7.254466e+01 1.704415e+02 1.129853e+01
         vertex 7.500571e+01 1.448394e+02 3.866327e+00
         vertex 7.332189e+01 1.704415e+02 3.779531e+00
      endloop
   endfacet
   facet normal 9.385853e-01 3.450473e-01 0.000000e+00
      outer loop
         vertex 2.868437e+01 3.650903e+02 1.478596e+00
         vertex 3.697669e+01 3.425338e+02 1.906041e+00
         vertex 3.697669e+01 3.425338e+02 -1.906041e+00
      endloop
   endfacet
   facet normal 9.385853e-01 3.450473e-01 0.000000e+00
      outer loop
         vertex 2.868437e+01 3.650903e+02 1.478596e+00
         vertex 3.697669e+01 3.425338e+02 -1.906041e+00
         vertex 2.868437e+01 3.650903e+02 -1.478596e+00
      endloop
   endfacet
   facet normal 9.496918e-01 3.131860e-01 0.000000e+00
      outer loop
         vertex 3.697669e+01 3.425338e+02 1.906041e+00
         vertex 4.443054e+01 3.199311e+02 2.290266e+00
         vertex 4.443054e+01 3.199311e+02 -2.290266e+00
      endloop
   endfacet
   facet normal 9.496918e-01 3.131860e-01 0.000000e+00
      outer loop
         vertex 3.697669e+01 3.425338e+02 1.906041e+00
         vertex 4.443054e+01 3.199311e+02 -2.290266e+00
         vertex 3.697669e+01 3.425338e+02 -1.906041e+00
      endloop
   endfacet
   facet normal 9.592257e-01 2.826411e-01 0.000000e+00
      outer loop
         vertex 4.443054e+01 3.199311e+02 2.290266e+00
         vertex 5.029021e+01 3.000446e+02 2.592315e+00
         vertex 5.029021e+01 3.000446e+02 -2.592315e+00
      endloop
   endfacet
   facet normal 9.592257e-01 2.826411e-01 0.000000e+00
      outer loop
         vertex 4.443054e+01 3.199311e+02 2.290266e+00
         vertex 5.029021e+01 3.000446e+02 -2.592315e+00
         vertex 4.443054e+01 3.199311e+02 -2.290266e+00
      endloop
   endfacet
   facet normal 9.637151e-01 2.669330e-01 0.000000e+00
      outer loop
         vertex 5.029021e+01 3.000446e+02 2.592315e+00
         vertex 5.075083e+01 2.983816e+02 2.616058e+00
         vertex 5.075083e+01 2.983816e+02 -2.616058e+00
      endloop
   endfacet
   facet normal 9.637151e-01 2.669330e-01 0.000000e+00
      outer loop
         vertex 5.029021e+01 3.000446e+02 2.592315e+00
         vertex 5.075083e+01 2.983816e+02 -2.616058e+00
         vertex 5.029021e+01 3.000446e+02 -2.592315e+00
      endloop
   endfacet
   facet normal 9.647159e-01 2.632932e-01 0.000000e+00
      outer loop
         vertex 5.075083e+01 2.983816e+02 2.616058e+00
         vertex 5.165955e+01 2.950520e+02 2.662900e+00
         vertex 5.165955e+01 2.950520e+02 -2.662900e+00
      endloop
   endfacet
   facet normal 9.647159e-01 2.632932e-01 0.000000e+00
      outer loop
         vertex 5.075083e+01 2.983816e+02 2.616058e+00
         vertex 5.165955e+01 2.950520e+02 -2.662900e+00
         vertex 5.075083e+01 2.983816e+02 -2.616058e+00
      endloop
   endfacet
   facet normal 9.666775e-01 2.559972e-01 0.000000e+00
      outer loop
         vertex 5.165955e+01 2.950520e+02 2.662900e+00
         vertex 5.342688e+01 2.883784e+02 2.754001e+00
         vertex 5.342688e+01 2.883784e+02 -2.754001e+00
      endloop
   endfacet
   facet normal 9.666775e-01 2.559972e-01 0.000000e+00
      outer loop
         vertex 5.165955e+01 2.950520e+02 2.662900e+00
         vertex 5.342688e+01 2.883784e+02 -2.754001e+00
         vertex 5.165955e+01 2.950520e+02 -2.662900e+00
      endloop
   endfacet
   facet normal 9.704314e-01 2.413770e-01 0.000000e+00
      outer loop
         vertex 5.342688e+01 2.883784e+02 2.754001e+00
         vertex 5.676038e+01 2.749764e+02 2.925833e+00
         vertex 5.676038e+01 2.749764e+02 -2.925833e+00
      endloop
   endfacet
   facet normal 9.704314e-01 2.413770e-01 0.000000e+00
      outer loop
         vertex 5.342688e+01 2.883784e+02 2.754001e+00
         vertex 5.676038e+01 2.749764e+02 -2.925833e+00
         vertex 5.342688e+01 2.883784e+02 -2.754001e+00
      endloop
   endfacet
   facet normal 9.766155e-01 2.149935e-01 0.000000e+00
      outer loop
         vertex 5.676038e+01 2.749764e+02 2.925833e+00
         vertex 6.179788e+01 2.520934e+02 3.185502e+00
         vertex 6.179788e+01 2.520934e+02 -3.185502e+00
      endloop
   endfacet
   facet normal 9.766155e-01 2.149935e-01 0.000000e+00
      outer loop
         vertex 5.676038e+01 2.749764e+02 2.925833e+00
         vertex 6.179788e+01 2.520934e+02 -3.185502e+00
         vertex 5.676038e+01 2.749764e+02 -2.925833e+00
      endloop
   endfacet
   facet normal 9.833765e-01 1.815783e-01 0.000000e+00
      outer loop
         vertex 6.179788e+01 2.520934e+02 3.185502e+00
         vertex 6.605289e+01 2.290494e+02 3.404835e+00
         vertex 6.605289e+01 2.290494e+02 -3.404835e+00
      endloop
   endfacet
   facet normal 9.833765e-01 1.815783e-01 0.000000e+00
      outer loop
         vertex 6.179788e+01 2.520934e+02 3.185502e+00
         vertex 6.605289e+01 2.290494e+02 -3.404835e+00
         vertex 6.179788e+01 2.520934e+02 -3.185502e+00
      endloop
   endfacet
   facet normal 9.872118e-01 1.594141e-01 0.000000e+00
      outer loop
         vertex 6.605289e+01 2.290494e+02 3.404835e+00
         vertex 6.724026e+01 2.216963e+02 3.466041e+00
         vertex 6.724026e+01 2.216963e+02 -3.466041e+00
      endloop
   endfacet
   facet normal 9.872118e-01 1.594141e-01 0.000000e+00
      outer loop
         vertex 6.605289e+01 2.290494e+02 3.404835e+00
         vertex 6.724026e+01 2.216963e+02 -3.466041e+00
         vertex 6.605289e+01 2.290494e+02 -3.404835e+00
      endloop
   endfacet
   facet normal 9.882688e-01 1.527246e-01 0.000000e+00
      outer loop
         vertex 6.724026e+01 2.216963e+02 3.466041e+00
         vertex 6.752206e+01 2.198728e+02 3.480567e+00
         vertex 6.752206e+01 2.198728e+02 -3.480567e+00
      endloop
   endfacet
   facet normal 9.882688e-01 1.527246e-01 0.000000e+00
      outer loop
         vertex 6.724026e+01 2.216963e+02 3.466041e+00
         vertex 6.752206e+01 2.198728e+02 -3.480567e+00
         vertex 6.724026e+01 2.216963e+02 -3.466041e+00
      endloop
   endfacet
   facet normal 9.888746e-01 1.487517e-01 0.000000e+00
      outer loop
         vertex 6.752206e+01 2.198728e+02 3.480567e+00
         vertex 6.807097e+01 2.162238e+02 3.508861e+00
         vertex 6.807097e+01 2.162238e+02 -3.508861e+00
      endloop
   endfacet
   facet normal 9.888746e-01 1.487517e-01 0.000000e+00
      outer loop
         vertex 6.752206e+01 2.198728e+02 3.480567e+00
         vertex 6.807097e+01 2.162238e+02 -3.508861e+00
         vertex 6.752206e+01 2.198728e+02 -3.480567e+00
      endloop
   endfacet
   facet normal 9.900292e-01 1.408625e-01 0.000000e+00
      outer loop
         vertex 6.807097e+01 2.162238e+02 3.508861e+00
         vertex 6.911045e+01 2.089180e+02 3.562443e+00
         vertex 6.911045e+01 2.089180e+02 -3.562443e+00
      endloop
   endfacet
   facet normal 9.900292e-01 1.408625e-01 0.000000e+00
      outer loop
         vertex 6.807097e+01 2.162238e+02 3.508861e+00
         vertex 6.911045e+01 2.089180e+02 -3.562443e+00
         vertex 6.807097e+01 2.162238e+02 -3.508861e+00
      endloop
   endfacet
   facet normal 9.921217e-01 1.252781e-01 0.000000e+00
      outer loop
         vertex 6.911045e+01 2.089180e+02 3.562443e+00
         vertex 7.095908e+01 1.942780e+02 3.657735e+00
         vertex 7.095908e+01 1.942780e+02 -3.657735e+00
      endloop
   endfacet
   facet normal 9.921217e-01 1.252781e-01 0.000000e+00
      outer loop
         vertex 6.911045e+01 2.089180e+02 3.562443e+00
         vertex 7.095908e+01 1.942780e+02 -3.657735e+00
         vertex 6.911045e+01 2.089180e+02 -3.562443e+00
      endloop
   endfacet
   facet normal 9.951230e-01 9.864232e-02 0.000000e+00
      outer loop
         vertex 7.095908e+01 1.942780e+02 3.657735e+00
         vertex 7.332189e+01 1.704415e+02 3.779531e+00
         vertex 7.332189e+01 1.704415e+02 -3.779531e+00
      endloop
   endfacet
   facet normal 9.951230e-01 9.864232e-02 0.000000e+00
      outer loop
         vertex 7.095908e+01 1.942780e+02 3.657735e+00
         vertex 7.332189e+01 1.704415e+02 -3.779531e+00
         vertex 7.095908e+01 1.942780e+02 -3.657735e+00
      endloop
   endfacet
   facet normal 9.978442e-01 6.562689e-02 0.000000e+00
      outer loop
         vertex 7.332189e+01 1.704415e+02 3.779531e+00
         vertex 7.500571e+01 1.448394e+02 3.866327e+00
         vertex 7.500571e+01 1.448394e+02 -3.866327e+00
      endloop
   endfacet
   facet normal 9.978442e-01 6.562689e-02 0.000000e+00
      outer loop
         vertex 7.332189e+01 1.704415e+02 3.779531e+00
         vertex 7.500571e+01 1.448394e+02 -3.866327e+00
         vertex 7.332189e+01 1.704415e+02 -3.779531e+00
      endloop
   endfacet
   facet normal 9.336107e-01 3.450473e-01 -9.650579e-02
      outer loop
         vertex 2.868437e+01 3.650903e+02 -1.478596e+00
         vertex 3.697669e+01 3.425338e+02 -1.906041e+00
         vertex 3.658473e+01 3.425338e+02 -5.697919e+00
      endloop
   endfacet
   facet normal 9.336106e-01 3.450474e-01 -9.650642e-02
      outer loop
         vertex 2.868437e+01 3.650903e+02 -1.478596e+00
         vertex 3.658473e+01 3.425338e+02 -5.697919e+00
         vertex 2.838030e+01 3.650903e+02 -4.420115e+00
      endloop
   endfacet
   facet normal 9.446583e-01 3.131860e-01 -9.764810e-02
      outer loop
         vertex 3.697669e+01 3.425338e+02 -1.906041e+00
         vertex 4.443054e+01 3.199311e+02 -2.290266e+00
         vertex 4.395956e+01 3.199311e+02 -6.846519e+00
      endloop
   endfacet
   facet normal 9.446584e-01 3.131860e-01 -9.764777e-02
      outer loop
         vertex 3.697669e+01 3.425338e+02 -1.906041e+00
         vertex 4.395956e+01 3.199311e+02 -6.846519e+00
         vertex 3.658473e+01 3.425338e+02 -5.697919e+00
      endloop
   endfacet
   facet normal 9.541417e-01 2.826411e-01 -9.862853e-02
      outer loop
         vertex 4.443054e+01 3.199311e+02 -2.290266e+00
         vertex 5.029021e+01 3.000446e+02 -2.592315e+00
         vertex 4.975713e+01 3.000446e+02 -7.749465e+00
      endloop
   endfacet
   facet normal 9.541417e-01 2.826411e-01 -9.862839e-02
      outer loop
         vertex 4.443054e+01 3.199311e+02 -2.290266e+00
         vertex 4.975713e+01 3.000446e+02 -7.749465e+00
         vertex 4.395956e+01 3.199311e+02 -6.846519e+00
      endloop
   endfacet
   facet normal 9.586073e-01 2.669330e-01 -9.909017e-02
      outer loop
         vertex 5.029021e+01 3.000446e+02 -2.592315e+00
         vertex 5.075083e+01 2.983816e+02 -2.616058e+00
         vertex 5.021286e+01 2.983816e+02 -7.820443e+00
      endloop
   endfacet
   facet normal 9.586073e-01 2.669329e-01 -9.909013e-02
      outer loop
         vertex 5.029021e+01 3.000446e+02 -2.592315e+00
         vertex 5.021286e+01 2.983816e+02 -7.820443e+00
         vertex 4.975713e+01 3.000446e+02 -7.749465e+00
      endloop
   endfacet
   facet normal 9.596027e-01 2.632932e-01 -9.919296e-02
      outer loop
         vertex 5.075083e+01 2.983816e+02 -2.616058e+00
         vertex 5.165955e+01 2.950520e+02 -2.662900e+00
         vertex 5.111195e+01 2.950520e+02 -7.960473e+00
      endloop
   endfacet
   facet normal 9.596027e-01 2.632934e-01 -9.919306e-02
      outer loop
         vertex 5.075083e+01 2.983816e+02 -2.616058e+00
         vertex 5.111195e+01 2.950520e+02 -7.960473e+00
         vertex 5.021286e+01 2.983816e+02 -7.820443e+00
      endloop
   endfacet
   facet normal 9.615540e-01 2.559972e-01 -9.939466e-02
      outer loop
         vertex 5.165955e+01 2.950520e+02 -2.662900e+00
         vertex 5.342688e+01 2.883784e+02 -2.754001e+00
         vertex 5.286054e+01 2.883784e+02 -8.232808e+00
      endloop
   endfacet
   facet normal 9.615540e-01 2.559972e-01 -9.939466e-02
      outer loop
         vertex 5.165955e+01 2.950520e+02 -2.662900e+00
         vertex 5.286054e+01 2.883784e+02 -8.232808e+00
         vertex 5.111195e+01 2.950520e+02 -7.960473e+00
      endloop
   endfacet
   facet normal 9.652880e-01 2.413770e-01 -9.978056e-02
      outer loop
         vertex 5.342688e+01 2.883784e+02 -2.754001e+00
         vertex 5.676038e+01 2.749764e+02 -2.925833e+00
         vertex 5.615871e+01 2.749764e+02 -8.746485e+00
      endloop
   endfacet
   facet normal 9.652880e-01 2.413771e-01 -9.978063e-02
      outer loop
         vertex 5.342688e+01 2.883784e+02 -2.754001e+00
         vertex 5.615871e+01 2.749764e+02 -8.746485e+00
         vertex 5.286054e+01 2.883784e+02 -8.232808e+00
      endloop
   endfacet
   facet normal 9.714393e-01 2.149935e-01 -1.004163e-01
      outer loop
         vertex 5.676038e+01 2.749764e+02 -2.925833e+00
         vertex 6.179788e+01 2.520934e+02 -3.185502e+00
         vertex 6.114281e+01 2.520934e+02 -9.522738e+00
      endloop
   endfacet
   facet normal 9.714393e-01 2.149936e-01 -1.004164e-01
      outer loop
         vertex 5.676038e+01 2.749764e+02 -2.925833e+00
         vertex 6.114281e+01 2.520934e+02 -9.522738e+00
         vertex 5.615871e+01 2.749764e+02 -8.746485e+00
      endloop
   endfacet
   facet normal 9.781645e-01 1.815783e-01 -1.011111e-01
      outer loop
         vertex 6.179788e+01 2.520934e+02 -3.185502e+00
         vertex 6.605289e+01 2.290494e+02 -3.404835e+00
         vertex 6.535272e+01 2.290494e+02 -1.017841e+01
      endloop
   endfacet
   facet normal 9.781645e-01 1.815784e-01 -1.011115e-01
      outer loop
         vertex 6.179788e+01 2.520934e+02 -3.185502e+00
         vertex 6.535272e+01 2.290494e+02 -1.017841e+01
         vertex 6.114281e+01 2.520934e+02 -9.522738e+00
      endloop
   endfacet
   facet normal 9.819795e-01 1.594141e-01 -1.015057e-01
      outer loop
         vertex 6.605289e+01 2.290494e+02 -3.404835e+00
         vertex 6.724026e+01 2.216963e+02 -3.466041e+00
         vertex 6.652750e+01 2.216963e+02 -1.036138e+01
      endloop
   endfacet
   facet normal 9.819796e-01 1.594138e-01 -1.015054e-01
      outer loop
         vertex 6.605289e+01 2.290494e+02 -3.404835e+00
         vertex 6.652750e+01 2.216963e+02 -1.036138e+01
         vertex 6.535272e+01 2.290494e+02 -1.017841e+01
      endloop
   endfacet
   facet normal 9.830308e-01 1.527245e-01 -1.016149e-01
      outer loop
         vertex 6.724026e+01 2.216963e+02 -3.466041e+00
         vertex 6.752206e+01 2.198728e+02 -3.480567e+00
         vertex 6.680631e+01 2.198728e+02 -1.040481e+01
      endloop
   endfacet
   facet normal 9.830312e-01 1.527227e-01 -1.016144e-01
      outer loop
         vertex 6.724026e+01 2.216963e+02 -3.466041e+00
         vertex 6.680631e+01 2.198728e+02 -1.040481e+01
         vertex 6.652750e+01 2.216963e+02 -1.036138e+01
      endloop
   endfacet
   facet normal 9.836335e-01 1.487517e-01 -1.016765e-01
      outer loop
         vertex 6.752206e+01 2.198728e+02 -3.480567e+00
         vertex 6.807097e+01 2.162238e+02 -3.508861e+00
         vertex 6.734940e+01 2.162238e+02 -1.048939e+01
      endloop
   endfacet
   facet normal 9.836332e-01 1.487530e-01 -1.016772e-01
      outer loop
         vertex 6.752206e+01 2.198728e+02 -3.480567e+00
         vertex 6.734940e+01 2.162238e+02 -1.048939e+01
         vertex 6.680631e+01 2.198728e+02 -1.040481e+01
      endloop
   endfacet
   facet normal 9.847819e-01 1.408625e-01 -1.017960e-01
      outer loop
         vertex 6.807097e+01 2.162238e+02 -3.508861e+00
         vertex 6.911045e+01 2.089180e+02 -3.562443e+00
         vertex 6.837786e+01 2.089180e+02 -1.064957e+01
      endloop
   endfacet
   facet normal 9.847821e-01 1.408617e-01 -1.017952e-01
      outer loop
         vertex 6.807097e+01 2.162238e+02 -3.508861e+00
         vertex 6.837786e+01 2.089180e+02 -1.064957e+01
         vertex 6.734940e+01 2.162238e+02 -1.048939e+01
      endloop
   endfacet
   facet normal 9.868633e-01 1.252781e-01 -1.020107e-01
      outer loop
         vertex 6.911045e+01 2.089180e+02 -3.562443e+00
         vertex 7.095908e+01 1.942780e+02 -3.657735e+00
         vertex 7.020689e+01 1.942780e+02 -1.093443e+01
      endloop
   endfacet
   facet normal 9.868632e-01 1.252783e-01 -1.020112e-01
      outer loop
         vertex 6.911045e+01 2.089180e+02 -3.562443e+00
         vertex 7.020689e+01 1.942780e+02 -1.093443e+01
         vertex 6.837786e+01 2.089180e+02 -1.064957e+01
      endloop
   endfacet
   facet normal 9.898487e-01 9.864232e-02 -1.023194e-01
      outer loop
         vertex 7.095908e+01 1.942780e+02 -3.657735e+00
         vertex 7.332189e+01 1.704415e+02 -3.779531e+00
         vertex 7.254466e+01 1.704415e+02 -1.129853e+01
      endloop
   endfacet
   facet normal 9.898487e-01 9.864228e-02 -1.023193e-01
      outer loop
         vertex 7.095908e+01 1.942780e+02 -3.657735e+00
         vertex 7.254466e+01 1.704415e+02 -1.129853e+01
         vertex 7.020689e+01 1.942780e+02 -1.093443e+01
      endloop
   endfacet
   facet normal 9.925555e-01 6.562689e-02 -1.025997e-01
      outer loop
         vertex 7.332189e+01 1.704415e+02 -3.779531e+00
         vertex 7.500571e+01 1.448394e+02 -3.866327e+00
         vertex 7.421062e+01 1.448394e+02 -1.155800e+01
      endloop
   endfacet
   facet normal 9.925556e-01 6.562674e-02 -1.025992e-01
      outer loop
         vertex 7.332189e+01 1.704415e+02 -3.779531e+00
         vertex 7.421062e+01 1.448394e+02 -1.155800e+01
         vertex 7.254466e+01 1.704415e+02 -1.129853e+01
      endloop
   endfacet
   facet normal 9.187395e-01 3.450474e-01 -1.919897e-01
      outer loop
         vertex 2.838030e+01 3.650903e+02 -4.420115e+00
         vertex 3.658473e+01 3.425338e+02 -5.697919e+00
         vertex 3.580496e+01 3.425338e+02 -9.429399e+00
      endloop
   endfacet
   facet normal 9.187396e-01 3.450473e-01 -1.919892e-01
      outer loop
         vertex 2.838030e+01 3.650903e+02 -4.420115e+00
         vertex 3.580496e+01 3.425338e+02 -9.429399e+00
         vertex 2.777541e+01 3.650903e+02 -7.314778e+00
      endloop
   endfacet
   facet normal 9.296112e-01 3.131860e-01 -1.942616e-01
      outer loop
         vertex 3.658473e+01 3.425338e+02 -5.697919e+00
         vertex 4.395956e+01 3.199311e+02 -6.846519e+00
         vertex 4.302261e+01 3.199311e+02 -1.133020e+01
      endloop
   endfacet
   facet normal 9.296112e-01 3.131859e-01 -1.942615e-01
      outer loop
         vertex 3.658473e+01 3.425338e+02 -5.697919e+00
         vertex 4.302261e+01 3.199311e+02 -1.133020e+01
         vertex 3.580496e+01 3.425338e+02 -9.429399e+00
      endloop
   endfacet
   facet normal 9.389435e-01 2.826411e-01 -1.962118e-01
      outer loop
         vertex 4.395956e+01 3.199311e+02 -6.846519e+00
         vertex 4.975713e+01 3.000446e+02 -7.749465e+00
         vertex 4.869660e+01 3.000446e+02 -1.282447e+01
      endloop
   endfacet
   facet normal 9.389435e-01 2.826411e-01 -1.962118e-01
      outer loop
         vertex 4.395956e+01 3.199311e+02 -6.846519e+00
         vertex 4.869660e+01 3.000446e+02 -1.282447e+01
         vertex 4.302261e+01 3.199311e+02 -1.133020e+01
      endloop
   endfacet
   facet normal 9.433380e-01 2.669329e-01 -1.971299e-01
      outer loop
         vertex 4.975713e+01 3.000446e+02 -7.749465e+00
         vertex 5.021286e+01 2.983816e+02 -7.820443e+00
         vertex 4.914262e+01 2.983816e+02 -1.294193e+01
      endloop
   endfacet
   facet normal 9.433378e-01 2.669336e-01 -1.971301e-01
      outer loop
         vertex 4.975713e+01 3.000446e+02 -7.749465e+00
         vertex 4.914262e+01 2.983816e+02 -1.294193e+01
         vertex 4.869660e+01 3.000446e+02 -1.282447e+01
      endloop
   endfacet
   facet normal 9.443175e-01 2.632934e-01 -1.973349e-01
      outer loop
         vertex 5.021286e+01 2.983816e+02 -7.820443e+00
         vertex 5.111195e+01 2.950520e+02 -7.960473e+00
         vertex 5.002254e+01 2.950520e+02 -1.317366e+01
      endloop
   endfacet
   facet normal 9.443177e-01 2.632929e-01 -1.973346e-01
      outer loop
         vertex 5.021286e+01 2.983816e+02 -7.820443e+00
         vertex 5.002254e+01 2.950520e+02 -1.317366e+01
         vertex 4.914262e+01 2.983816e+02 -1.294193e+01
      endloop
   endfacet
   facet normal 9.462377e-01 2.559972e-01 -1.977361e-01
      outer loop
         vertex 5.111195e+01 2.950520e+02 -7.960473e+00
         vertex 5.286054e+01 2.883784e+02 -8.232808e+00
         vertex 5.173386e+01 2.883784e+02 -1.362435e+01
      endloop
   endfacet
   facet normal 9.462377e-01 2.559973e-01 -1.977362e-01
      outer loop
         vertex 5.111195e+01 2.950520e+02 -7.960473e+00
         vertex 5.173386e+01 2.883784e+02 -1.362435e+01
         vertex 5.002254e+01 2.950520e+02 -1.317366e+01
      endloop
   endfacet
   facet normal 9.499123e-01 2.413771e-01 -1.985040e-01
      outer loop
         vertex 5.286054e+01 2.883784e+02 -8.232808e+00
         vertex 5.615871e+01 2.749764e+02 -8.746485e+00
         vertex 5.496173e+01 2.749764e+02 -1.447442e+01
      endloop
   endfacet
   facet normal 9.499122e-01 2.413771e-01 -1.985040e-01
      outer loop
         vertex 5.286054e+01 2.883784e+02 -8.232808e+00
         vertex 5.496173e+01 2.749764e+02 -1.447442e+01
         vertex 5.173386e+01 2.883784e+02 -1.362435e+01
      endloop
   endfacet
   facet normal 9.559655e-01 2.149936e-01 -1.997690e-01
      outer loop
         vertex 5.615871e+01 2.749764e+02 -8.746485e+00
         vertex 6.114281e+01 2.520934e+02 -9.522738e+00
         vertex 5.983961e+01 2.520934e+02 -1.575903e+01
      endloop
   endfacet
   facet normal 9.559656e-01 2.149936e-01 -1.997689e-01
      outer loop
         vertex 5.615871e+01 2.749764e+02 -8.746485e+00
         vertex 5.983961e+01 2.520934e+02 -1.575903e+01
         vertex 5.496173e+01 2.749764e+02 -1.447442e+01
      endloop
   endfacet
   facet normal 9.625836e-01 1.815784e-01 -2.011518e-01
      outer loop
         vertex 6.114281e+01 2.520934e+02 -9.522738e+00
         vertex 6.535272e+01 2.290494e+02 -1.017841e+01
         vertex 6.395979e+01 2.290494e+02 -1.684410e+01
      endloop
   endfacet
   facet normal 9.625836e-01 1.815784e-01 -2.011519e-01
      outer loop
         vertex 6.114281e+01 2.520934e+02 -9.522738e+00
         vertex 6.395979e+01 2.290494e+02 -1.684410e+01
         vertex 5.983961e+01 2.520934e+02 -1.575903e+01
      endloop
   endfacet
   facet normal 9.663378e-01 1.594138e-01 -2.019369e-01
      outer loop
         vertex 6.535272e+01 2.290494e+02 -1.017841e+01
         vertex 6.652750e+01 2.216963e+02 -1.036138e+01
         vertex 6.510953e+01 2.216963e+02 -1.714689e+01
      endloop
   endfacet
   facet normal 9.663380e-01 1.594133e-01 -2.019363e-01
      outer loop
         vertex 6.535272e+01 2.290494e+02 -1.017841e+01
         vertex 6.510953e+01 2.216963e+02 -1.714689e+01
         vertex 6.395979e+01 2.290494e+02 -1.684410e+01
      endloop
   endfacet
   facet normal 9.673727e-01 1.527227e-01 -2.021532e-01
      outer loop
         vertex 6.652750e+01 2.216963e+02 -1.036138e+01
         vertex 6.680631e+01 2.198728e+02 -1.040481e+01
         vertex 6.538239e+01 2.198728e+02 -1.721875e+01
      endloop
   endfacet
   facet normal 9.673727e-01 1.527223e-01 -2.021532e-01
      outer loop
         vertex 6.652750e+01 2.216963e+02 -1.036138e+01
         vertex 6.538239e+01 2.198728e+02 -1.721875e+01
         vertex 6.510953e+01 2.216963e+02 -1.714689e+01
      endloop
   endfacet
   facet normal 9.679652e-01 1.487530e-01 -2.022768e-01
      outer loop
         vertex 6.680631e+01 2.198728e+02 -1.040481e+01
         vertex 6.734940e+01 2.162238e+02 -1.048939e+01
         vertex 6.591391e+01 2.162238e+02 -1.735873e+01
      endloop
   endfacet
   facet normal 9.679651e-01 1.487535e-01 -2.022770e-01
      outer loop
         vertex 6.680631e+01 2.198728e+02 -1.040481e+01
         vertex 6.591391e+01 2.162238e+02 -1.735873e+01
         vertex 6.538239e+01 2.198728e+02 -1.721875e+01
      endloop
   endfacet
   facet normal 9.690959e-01 1.408617e-01 -2.025118e-01
      outer loop
         vertex 6.734940e+01 2.162238e+02 -1.048939e+01
         vertex 6.837786e+01 2.089180e+02 -1.064957e+01
         vertex 6.692046e+01 2.089180e+02 -1.762380e+01
      endloop
   endfacet
   facet normal 9.690955e-01 1.408629e-01 -2.025130e-01
      outer loop
         vertex 6.734940e+01 2.162238e+02 -1.048939e+01
         vertex 6.692046e+01 2.089180e+02 -1.762380e+01
         vertex 6.591391e+01 2.162238e+02 -1.735873e+01
      endloop
   endfacet
   facet normal 9.711440e-01 1.252783e-01 -2.029401e-01
      outer loop
         vertex 6.837786e+01 2.089180e+02 -1.064957e+01
         vertex 7.020689e+01 1.942780e+02 -1.093443e+01
         vertex 6.871050e+01 1.942780e+02 -1.809522e+01
      endloop
   endfacet
   facet normal 9.711441e-01 1.252781e-01 -2.029398e-01
      outer loop
         vertex 6.837786e+01 2.089180e+02 -1.064957e+01
         vertex 6.871050e+01 1.942780e+02 -1.809522e+01
         vertex 6.692046e+01 2.089180e+02 -1.762380e+01
      endloop
   endfacet
   facet normal 9.740816e-01 9.864228e-02 -2.035551e-01
      outer loop
         vertex 7.020689e+01 1.942780e+02 -1.093443e+01
         vertex 7.254466e+01 1.704415e+02 -1.129853e+01
         vertex 7.099844e+01 1.704415e+02 -1.869776e+01
      endloop
   endfacet
   facet normal 9.740819e-01 9.864196e-02 -2.035540e-01
      outer loop
         vertex 7.020689e+01 1.942780e+02 -1.093443e+01
         vertex 7.099844e+01 1.704415e+02 -1.869776e+01
         vertex 6.871050e+01 1.942780e+02 -1.809522e+01
      endloop
   endfacet
   facet normal 9.767454e-01 6.562674e-02 -2.041115e-01
      outer loop
         vertex 7.254466e+01 1.704415e+02 -1.129853e+01
         vertex 7.421062e+01 1.448394e+02 -1.155800e+01
         vertex 7.262889e+01 1.448394e+02 -1.912715e+01
      endloop
   endfacet
   facet normal 9.767454e-01 6.562679e-02 -2.041117e-01
      outer loop
         vertex 7.254466e+01 1.704415e+02 -1.129853e+01
         vertex 7.262889e+01 1.448394e+02 -1.912715e+01
         vertex 7.099844e+01 1.704415e+02 -1.869776e+01
      endloop
   endfacet
   facet normal 8.941297e-01 3.450473e-01 -2.854374e-01
      outer loop
         vertex 2.777541e+01 3.650903e+02 -7.314778e+00
         vertex 3.580496e+01 3.425338e+02 -9.429399e+00
         vertex 3.464565e+01 3.425338e+02 -1.306092e+01
      endloop
   endfacet
   facet normal 8.941295e-01 3.450474e-01 -2.854378e-01
      outer loop
         vertex 2.777541e+01 3.650903e+02 -7.314778e+00
         vertex 3.464565e+01 3.425338e+02 -1.306092e+01
         vertex 2.687608e+01 3.650903e+02 -1.013190e+01
      endloop
   endfacet
   facet normal 9.047102e-01 3.131860e-01 -2.888150e-01
      outer loop
         vertex 3.580496e+01 3.425338e+02 -9.429399e+00
         vertex 4.302261e+01 3.199311e+02 -1.133020e+01
         vertex 4.162960e+01 3.199311e+02 -1.569377e+01
      endloop
   endfacet
   facet normal 9.047101e-01 3.131860e-01 -2.888150e-01
      outer loop
         vertex 3.580496e+01 3.425338e+02 -9.429399e+00
         vertex 4.162960e+01 3.199311e+02 -1.569377e+01
         vertex 3.464565e+01 3.425338e+02 -1.306092e+01
      endloop
   endfacet
   facet normal 9.137925e-01 2.826411e-01 -2.917145e-01
      outer loop
         vertex 4.302261e+01 3.199311e+02 -1.133020e+01
         vertex 4.869660e+01 3.000446e+02 -1.282447e+01
         vertex 4.711988e+01 3.000446e+02 -1.776353e+01
      endloop
   endfacet
   facet normal 9.137925e-01 2.826410e-01 -2.917144e-01
      outer loop
         vertex 4.302261e+01 3.199311e+02 -1.133020e+01
         vertex 4.711988e+01 3.000446e+02 -1.776353e+01
         vertex 4.162960e+01 3.199311e+02 -1.569377e+01
      endloop
   endfacet
   facet normal 9.180690e-01 2.669336e-01 -2.930799e-01
      outer loop
         vertex 4.869660e+01 3.000446e+02 -1.282447e+01
         vertex 4.914262e+01 2.983816e+02 -1.294193e+01
         vertex 4.755145e+01 2.983816e+02 -1.792623e+01
      endloop
   endfacet
   facet normal 9.180692e-01 2.669331e-01 -2.930798e-01
      outer loop
         vertex 4.869660e+01 3.000446e+02 -1.282447e+01
         vertex 4.755145e+01 2.983816e+02 -1.792623e+01
         vertex 4.711988e+01 3.000446e+02 -1.776353e+01
      endloop
   endfacet
   facet normal 9.190225e-01 2.632929e-01 -2.933846e-01
      outer loop
         vertex 4.914262e+01 2.983816e+02 -1.294193e+01
         vertex 5.002254e+01 2.950520e+02 -1.317366e+01
         vertex 4.840289e+01 2.950520e+02 -1.824721e+01
      endloop
   endfacet
   facet normal 9.190227e-01 2.632925e-01 -2.933843e-01
      outer loop
         vertex 4.914262e+01 2.983816e+02 -1.294193e+01
         vertex 4.840289e+01 2.950520e+02 -1.824721e+01
         vertex 4.755145e+01 2.983816e+02 -1.792623e+01
      endloop
   endfacet
   facet normal 9.208912e-01 2.559973e-01 -2.939808e-01
      outer loop
         vertex 5.002254e+01 2.950520e+02 -1.317366e+01
         vertex 5.173386e+01 2.883784e+02 -1.362435e+01
         vertex 5.005880e+01 2.883784e+02 -1.887146e+01
      endloop
   endfacet
   facet normal 9.208911e-01 2.559975e-01 -2.939811e-01
      outer loop
         vertex 5.002254e+01 2.950520e+02 -1.317366e+01
         vertex 5.005880e+01 2.883784e+02 -1.887146e+01
         vertex 4.840289e+01 2.950520e+02 -1.824721e+01
      endloop
   endfacet
   facet normal 9.244673e-01 2.413771e-01 -2.951227e-01
      outer loop
         vertex 5.173386e+01 2.883784e+02 -1.362435e+01
         vertex 5.496173e+01 2.749764e+02 -1.447442e+01
         vertex 5.318216e+01 2.749764e+02 -2.004893e+01
      endloop
   endfacet
   facet normal 9.244674e-01 2.413770e-01 -2.951225e-01
      outer loop
         vertex 5.173386e+01 2.883784e+02 -1.362435e+01
         vertex 5.318216e+01 2.749764e+02 -2.004893e+01
         vertex 5.005880e+01 2.883784e+02 -1.887146e+01
      endloop
   endfacet
   facet normal 9.303585e-01 2.149936e-01 -2.970030e-01
      outer loop
         vertex 5.496173e+01 2.749764e+02 -1.447442e+01
         vertex 5.983961e+01 2.520934e+02 -1.575903e+01
         vertex 5.790209e+01 2.520934e+02 -2.182828e+01
      endloop
   endfacet
   facet normal 9.303584e-01 2.149937e-01 -2.970034e-01
      outer loop
         vertex 5.496173e+01 2.749764e+02 -1.447442e+01
         vertex 5.790209e+01 2.520934e+02 -2.182828e+01
         vertex 5.318216e+01 2.749764e+02 -2.004893e+01
      endloop
   endfacet
   facet normal 9.367992e-01 1.815784e-01 -2.990595e-01
      outer loop
         vertex 5.983961e+01 2.520934e+02 -1.575903e+01
         vertex 6.395979e+01 2.290494e+02 -1.684410e+01
         vertex 6.188887e+01 2.290494e+02 -2.333123e+01
      endloop
   endfacet
   facet normal 9.367993e-01 1.815783e-01 -2.990591e-01
      outer loop
         vertex 5.983961e+01 2.520934e+02 -1.575903e+01
         vertex 6.188887e+01 2.290494e+02 -2.333123e+01
         vertex 5.790209e+01 2.520934e+02 -2.182828e+01
      endloop
   endfacet
   facet normal 9.404531e-01 1.594133e-01 -3.002255e-01
      outer loop
         vertex 6.395979e+01 2.290494e+02 -1.684410e+01
         vertex 6.510953e+01 2.216963e+02 -1.714689e+01
         vertex 6.300138e+01 2.216963e+02 -2.375064e+01
      endloop
   endfacet
   facet normal 9.404529e-01 1.594137e-01 -3.002259e-01
      outer loop
         vertex 6.395979e+01 2.290494e+02 -1.684410e+01
         vertex 6.300138e+01 2.216963e+02 -2.375064e+01
         vertex 6.188887e+01 2.290494e+02 -2.333123e+01
      endloop
   endfacet
   facet normal 9.414602e-01 1.527224e-01 -3.005470e-01
      outer loop
         vertex 6.510953e+01 2.216963e+02 -1.714689e+01
         vertex 6.538239e+01 2.198728e+02 -1.721875e+01
         vertex 6.326541e+01 2.198728e+02 -2.385017e+01
      endloop
   endfacet
   facet normal 9.414602e-01 1.527225e-01 -3.005470e-01
      outer loop
         vertex 6.510953e+01 2.216963e+02 -1.714689e+01
         vertex 6.326541e+01 2.198728e+02 -2.385017e+01
         vertex 6.300138e+01 2.216963e+02 -2.375064e+01
      endloop
   endfacet
   facet normal 9.420368e-01 1.487534e-01 -3.007308e-01
      outer loop
         vertex 6.538239e+01 2.198728e+02 -1.721875e+01
         vertex 6.591391e+01 2.162238e+02 -1.735873e+01
         vertex 6.377972e+01 2.162238e+02 -2.404406e+01
      endloop
   endfacet
   facet normal 9.420367e-01 1.487538e-01 -3.007310e-01
      outer loop
         vertex 6.538239e+01 2.198728e+02 -1.721875e+01
         vertex 6.377972e+01 2.162238e+02 -2.404406e+01
         vertex 6.326541e+01 2.198728e+02 -2.385017e+01
      endloop
   endfacet
   facet normal 9.431366e-01 1.408629e-01 -3.010829e-01
      outer loop
         vertex 6.591391e+01 2.162238e+02 -1.735873e+01
         vertex 6.692046e+01 2.089180e+02 -1.762380e+01
         vertex 6.475367e+01 2.089180e+02 -2.441122e+01
      endloop
   endfacet
   facet normal 9.431370e-01 1.408621e-01 -3.010821e-01
      outer loop
         vertex 6.591391e+01 2.162238e+02 -1.735873e+01
         vertex 6.475367e+01 2.089180e+02 -2.441122e+01
         vertex 6.377972e+01 2.162238e+02 -2.404406e+01
      endloop
   endfacet
   facet normal 9.451300e-01 1.252781e-01 -3.017194e-01
      outer loop
         vertex 6.692046e+01 2.089180e+02 -1.762380e+01
         vertex 6.871050e+01 1.942780e+02 -1.809522e+01
         vertex 6.648576e+01 1.942780e+02 -2.506420e+01
      endloop
   endfacet
   facet normal 9.451301e-01 1.252781e-01 -3.017193e-01
      outer loop
         vertex 6.692046e+01 2.089180e+02 -1.762380e+01
         vertex 6.648576e+01 1.942780e+02 -2.506420e+01
         vertex 6.475367e+01 2.089180e+02 -2.441122e+01
      endloop
   endfacet
   facet normal 9.479895e-01 9.864197e-02 -3.026313e-01
      outer loop
         vertex 6.871050e+01 1.942780e+02 -1.809522e+01
         vertex 7.099844e+01 1.704415e+02 -1.869776e+01
         vertex 6.869962e+01 1.704415e+02 -2.589879e+01
      endloop
   endfacet
   facet normal 9.479892e-01 9.864222e-02 -3.026321e-01
      outer loop
         vertex 6.871050e+01 1.942780e+02 -1.809522e+01
         vertex 6.869962e+01 1.704415e+02 -2.589879e+01
         vertex 6.648576e+01 1.942780e+02 -2.506420e+01
      endloop
   endfacet
   facet normal 9.505820e-01 6.562680e-02 -3.034585e-01
      outer loop
         vertex 7.099844e+01 1.704415e+02 -1.869776e+01
         vertex 7.262889e+01 1.448394e+02 -1.912715e+01
         vertex 7.027728e+01 1.448394e+02 -2.649355e+01
      endloop
   endfacet
   facet normal 9.505818e-01 6.562694e-02 -3.034589e-01
      outer loop
         vertex 7.099844e+01 1.704415e+02 -1.869776e+01
         vertex 7.027728e+01 1.448394e+02 -2.649355e+01
         vertex 6.869962e+01 1.704415e+02 -2.589879e+01
      endloop
   endfacet
   facet normal 8.600413e-01 3.450474e-01 -3.758606e-01
      outer loop
         vertex 2.687608e+01 3.650903e+02 -1.013190e+01
         vertex 3.464565e+01 3.425338e+02 -1.306092e+01
         vertex 3.311909e+01 3.425338e+02 -1.655400e+01
      endloop
   endfacet
   facet normal 8.600416e-01 3.450473e-01 -3.758602e-01
      outer loop
         vertex 2.687608e+01 3.650903e+02 -1.013190e+01
         vertex 3.311909e+01 3.425338e+02 -1.655400e+01
         vertex 2.569186e+01 3.650903e+02 -1.284163e+01
      endloop
   endfacet
   facet normal 8.702185e-01 3.131860e-01 -3.803082e-01
      outer loop
         vertex 3.464565e+01 3.425338e+02 -1.306092e+01
         vertex 4.162960e+01 3.199311e+02 -1.569377e+01
         vertex 3.979531e+01 3.199311e+02 -1.989099e+01
      endloop
   endfacet
   facet normal 8.702185e-01 3.131860e-01 -3.803083e-01
      outer loop
         vertex 3.464565e+01 3.425338e+02 -1.306092e+01
         vertex 3.979531e+01 3.199311e+02 -1.989099e+01
         vertex 3.311909e+01 3.425338e+02 -1.655400e+01
      endloop
   endfacet
   facet normal 8.789547e-01 2.826410e-01 -3.841259e-01
      outer loop
         vertex 4.162960e+01 3.199311e+02 -1.569377e+01
         vertex 4.711988e+01 3.000446e+02 -1.776353e+01
         vertex 4.504367e+01 3.000446e+02 -2.251429e+01
      endloop
   endfacet
   facet normal 8.789546e-01 2.826411e-01 -3.841261e-01
      outer loop
         vertex 4.162960e+01 3.199311e+02 -1.569377e+01
         vertex 4.504367e+01 3.000446e+02 -2.251429e+01
         vertex 3.979531e+01 3.199311e+02 -1.989099e+01
      endloop
   endfacet
   facet normal 8.830683e-01 2.669331e-01 -3.859237e-01
      outer loop
         vertex 4.711988e+01 3.000446e+02 -1.776353e+01
         vertex 4.755145e+01 2.983816e+02 -1.792623e+01
         vertex 4.545623e+01 2.983816e+02 -2.272050e+01
      endloop
   endfacet
   facet normal 8.830683e-01 2.669330e-01 -3.859237e-01
      outer loop
         vertex 4.711988e+01 3.000446e+02 -1.776353e+01
         vertex 4.545623e+01 2.983816e+02 -2.272050e+01
         vertex 4.504367e+01 3.000446e+02 -2.251429e+01
      endloop
   endfacet
   facet normal 8.839857e-01 2.632925e-01 -3.863241e-01
      outer loop
         vertex 4.755145e+01 2.983816e+02 -1.792623e+01
         vertex 4.840289e+01 2.950520e+02 -1.824721e+01
         vertex 4.627015e+01 2.950520e+02 -2.312733e+01
      endloop
   endfacet
   facet normal 8.839853e-01 2.632933e-01 -3.863245e-01
      outer loop
         vertex 4.755145e+01 2.983816e+02 -1.792623e+01
         vertex 4.627015e+01 2.950520e+02 -2.312733e+01
         vertex 4.545623e+01 2.983816e+02 -2.272050e+01
      endloop
   endfacet
   facet normal 8.857829e-01 2.559975e-01 -3.871097e-01
      outer loop
         vertex 4.840289e+01 2.950520e+02 -1.824721e+01
         vertex 5.005880e+01 2.883784e+02 -1.887146e+01
         vertex 4.785310e+01 2.883784e+02 -2.391854e+01
      endloop
   endfacet
   facet normal 8.857830e-01 2.559973e-01 -3.871096e-01
      outer loop
         vertex 4.840289e+01 2.950520e+02 -1.824721e+01
         vertex 4.785310e+01 2.883784e+02 -2.391854e+01
         vertex 4.627015e+01 2.950520e+02 -2.312733e+01
      endloop
   endfacet
   facet normal 8.892227e-01 2.413770e-01 -3.886131e-01
      outer loop
         vertex 5.005880e+01 2.883784e+02 -1.887146e+01
         vertex 5.318216e+01 2.749764e+02 -2.004893e+01
         vertex 5.083883e+01 2.749764e+02 -2.541091e+01
      endloop
   endfacet
   facet normal 8.892227e-01 2.413769e-01 -3.886130e-01
      outer loop
         vertex 5.005880e+01 2.883784e+02 -1.887146e+01
         vertex 5.083883e+01 2.749764e+02 -2.541091e+01
         vertex 4.785310e+01 2.883784e+02 -2.391854e+01
      endloop
   endfacet
   facet normal 8.948893e-01 2.149937e-01 -3.910894e-01
      outer loop
         vertex 5.318216e+01 2.749764e+02 -2.004893e+01
         vertex 5.790209e+01 2.520934e+02 -2.182828e+01
         vertex 5.535080e+01 2.520934e+02 -2.766613e+01
      endloop
   endfacet
   facet normal 8.948892e-01 2.149937e-01 -3.910895e-01
      outer loop
         vertex 5.318216e+01 2.749764e+02 -2.004893e+01
         vertex 5.535080e+01 2.520934e+02 -2.766613e+01
         vertex 5.083883e+01 2.749764e+02 -2.541091e+01
      endloop
   endfacet
   facet normal 9.010845e-01 1.815783e-01 -3.937969e-01
      outer loop
         vertex 5.790209e+01 2.520934e+02 -2.182828e+01
         vertex 6.188887e+01 2.290494e+02 -2.333123e+01
         vertex 5.916191e+01 2.290494e+02 -2.957105e+01
      endloop
   endfacet
   facet normal 9.010846e-01 1.815783e-01 -3.937969e-01
      outer loop
         vertex 5.790209e+01 2.520934e+02 -2.182828e+01
         vertex 5.916191e+01 2.290494e+02 -2.957105e+01
         vertex 5.535080e+01 2.520934e+02 -2.766613e+01
      endloop
   endfacet
   facet normal 9.045990e-01 1.594137e-01 -3.953327e-01
      outer loop
         vertex 6.188887e+01 2.290494e+02 -2.333123e+01
         vertex 6.300138e+01 2.216963e+02 -2.375064e+01
         vertex 6.022540e+01 2.216963e+02 -3.010262e+01
      endloop
   endfacet
   facet normal 9.045989e-01 1.594139e-01 -3.953328e-01
      outer loop
         vertex 6.188887e+01 2.290494e+02 -2.333123e+01
         vertex 6.022540e+01 2.216963e+02 -3.010262e+01
         vertex 5.916191e+01 2.290494e+02 -2.957105e+01
      endloop
   endfacet
   facet normal 9.055677e-01 1.527225e-01 -3.957563e-01
      outer loop
         vertex 6.300138e+01 2.216963e+02 -2.375064e+01
         vertex 6.326541e+01 2.198728e+02 -2.385017e+01
         vertex 6.047780e+01 2.198728e+02 -3.022878e+01
      endloop
   endfacet
   facet normal 9.055679e-01 1.527217e-01 -3.957561e-01
      outer loop
         vertex 6.300138e+01 2.216963e+02 -2.375064e+01
         vertex 6.047780e+01 2.198728e+02 -3.022878e+01
         vertex 6.022540e+01 2.216963e+02 -3.010262e+01
      endloop
   endfacet
   facet normal 9.061221e-01 1.487538e-01 -3.959987e-01
      outer loop
         vertex 6.326541e+01 2.198728e+02 -2.385017e+01
         vertex 6.377972e+01 2.162238e+02 -2.404406e+01
         vertex 6.096944e+01 2.162238e+02 -3.047452e+01
      endloop
   endfacet
   facet normal 9.061222e-01 1.487535e-01 -3.959986e-01
      outer loop
         vertex 6.326541e+01 2.198728e+02 -2.385017e+01
         vertex 6.096944e+01 2.162238e+02 -3.047452e+01
         vertex 6.047780e+01 2.198728e+02 -3.022878e+01
      endloop
   endfacet
   facet normal 9.071804e-01 1.408620e-01 -3.964614e-01
      outer loop
         vertex 6.377972e+01 2.162238e+02 -2.404406e+01
         vertex 6.475367e+01 2.089180e+02 -2.441122e+01
         vertex 6.190048e+01 2.089180e+02 -3.093988e+01
      endloop
   endfacet
   facet normal 9.071805e-01 1.408619e-01 -3.964613e-01
      outer loop
         vertex 6.377972e+01 2.162238e+02 -2.404406e+01
         vertex 6.190048e+01 2.089180e+02 -3.093988e+01
         vertex 6.096944e+01 2.162238e+02 -3.047452e+01
      endloop
   endfacet
   facet normal 9.090979e-01 1.252781e-01 -3.972989e-01
      outer loop
         vertex 6.475367e+01 2.089180e+02 -2.441122e+01
         vertex 6.648576e+01 1.942780e+02 -2.506420e+01
         vertex 6.355625e+01 1.942780e+02 -3.176748e+01
      endloop
   endfacet
   facet normal 9.090977e-01 1.252783e-01 -3.972993e-01
      outer loop
         vertex 6.475367e+01 2.089180e+02 -2.441122e+01
         vertex 6.355625e+01 1.942780e+02 -3.176748e+01
         vertex 6.190048e+01 2.089180e+02 -3.093988e+01
      endloop
   endfacet
   facet normal 9.118481e-01 9.864223e-02 -3.985006e-01
      outer loop
         vertex 6.648576e+01 1.942780e+02 -2.506420e+01
         vertex 6.869962e+01 1.704415e+02 -2.589879e+01
         vertex 6.567256e+01 1.704415e+02 -3.282529e+01
      endloop
   endfacet
   facet normal 9.118480e-01 9.864229e-02 -3.985008e-01
      outer loop
         vertex 6.648576e+01 1.942780e+02 -2.506420e+01
         vertex 6.567256e+01 1.704415e+02 -3.282529e+01
         vertex 6.355625e+01 1.942780e+02 -3.176748e+01
      endloop
   endfacet
   facet normal 9.143415e-01 6.562693e-02 -3.995908e-01
      outer loop
         vertex 6.869962e+01 1.704415e+02 -2.589879e+01
         vertex 7.027728e+01 1.448394e+02 -2.649355e+01
         vertex 6.718071e+01 1.448394e+02 -3.357911e+01
      endloop
   endfacet
   facet normal 9.143416e-01 6.562681e-02 -3.995904e-01
      outer loop
         vertex 6.869962e+01 1.704415e+02 -2.589879e+01
         vertex 6.718071e+01 1.448394e+02 -3.357911e+01
         vertex 6.567256e+01 1.704415e+02 -3.282529e+01
      endloop
   endfacet
   facet normal 8.168370e-01 3.450473e-01 -4.622983e-01
      outer loop
         vertex 2.569186e+01 3.650903e+02 -1.284163e+01
         vertex 3.311909e+01 3.425338e+02 -1.655400e+01
         vertex 3.124145e+01 3.425338e+02 -1.987160e+01
      endloop
   endfacet
   facet normal 8.168371e-01 3.450473e-01 -4.622981e-01
      outer loop
         vertex 2.569186e+01 3.650903e+02 -1.284163e+01
         vertex 3.124145e+01 3.425338e+02 -1.987160e+01
         vertex 2.423530e+01 3.650903e+02 -1.541523e+01
      endloop
   endfacet
   facet normal 8.265029e-01 3.131860e-01 -4.677687e-01
      outer loop
         vertex 3.311909e+01 3.425338e+02 -1.655400e+01
         vertex 3.979531e+01 3.199311e+02 -1.989099e+01
         vertex 3.753918e+01 3.199311e+02 -2.387736e+01
      endloop
   endfacet
   facet normal 8.265028e-01 3.131860e-01 -4.677688e-01
      outer loop
         vertex 3.311909e+01 3.425338e+02 -1.655400e+01
         vertex 3.753918e+01 3.199311e+02 -2.387736e+01
         vertex 3.124145e+01 3.425338e+02 -1.987160e+01
      endloop
   endfacet
   facet normal 8.348000e-01 2.826411e-01 -4.724648e-01
      outer loop
         vertex 3.979531e+01 3.199311e+02 -1.989099e+01
         vertex 4.504367e+01 3.000446e+02 -2.251429e+01
         vertex 4.248999e+01 3.000446e+02 -2.702640e+01
      endloop
   endfacet
   facet normal 8.348001e-01 2.826410e-01 -4.724646e-01
      outer loop
         vertex 3.979531e+01 3.199311e+02 -1.989099e+01
         vertex 4.248999e+01 3.000446e+02 -2.702640e+01
         vertex 3.753918e+01 3.199311e+02 -2.387736e+01
      endloop
   endfacet
   facet normal 8.387071e-01 2.669330e-01 -4.746759e-01
      outer loop
         vertex 4.504367e+01 3.000446e+02 -2.251429e+01
         vertex 4.545623e+01 2.983816e+02 -2.272050e+01
         vertex 4.287916e+01 2.983816e+02 -2.727394e+01
      endloop
   endfacet
   facet normal 8.387068e-01 2.669337e-01 -4.746760e-01
      outer loop
         vertex 4.504367e+01 3.000446e+02 -2.251429e+01
         vertex 4.287916e+01 2.983816e+02 -2.727394e+01
         vertex 4.248999e+01 3.000446e+02 -2.702640e+01
      endloop
   endfacet
   facet normal 8.395780e-01 2.632933e-01 -4.751688e-01
      outer loop
         vertex 4.545623e+01 2.983816e+02 -2.272050e+01
         vertex 4.627015e+01 2.950520e+02 -2.312733e+01
         vertex 4.364694e+01 2.950520e+02 -2.776229e+01
      endloop
   endfacet
   facet normal 8.395780e-01 2.632933e-01 -4.751688e-01
      outer loop
         vertex 4.545623e+01 2.983816e+02 -2.272050e+01
         vertex 4.364694e+01 2.950520e+02 -2.776229e+01
         vertex 4.287916e+01 2.983816e+02 -2.727394e+01
      endloop
   endfacet
   facet normal 8.412852e-01 2.559973e-01 -4.761351e-01
      outer loop
         vertex 4.627015e+01 2.950520e+02 -2.312733e+01
         vertex 4.785310e+01 2.883784e+02 -2.391854e+01
         vertex 4.514014e+01 2.883784e+02 -2.871207e+01
      endloop
   endfacet
   facet normal 8.412852e-01 2.559972e-01 -4.761350e-01
      outer loop
         vertex 4.627015e+01 2.950520e+02 -2.312733e+01
         vertex 4.514014e+01 2.883784e+02 -2.871207e+01
         vertex 4.364694e+01 2.950520e+02 -2.776229e+01
      endloop
   endfacet
   facet normal 8.445523e-01 2.413770e-01 -4.779839e-01
      outer loop
         vertex 4.785310e+01 2.883784e+02 -2.391854e+01
         vertex 5.083883e+01 2.749764e+02 -2.541091e+01
         vertex 4.795661e+01 2.749764e+02 -3.050352e+01
      endloop
   endfacet
   facet normal 8.445522e-01 2.413770e-01 -4.779840e-01
      outer loop
         vertex 4.785310e+01 2.883784e+02 -2.391854e+01
         vertex 4.795661e+01 2.749764e+02 -3.050352e+01
         vertex 4.514014e+01 2.883784e+02 -2.871207e+01
      endloop
   endfacet
   facet normal 8.499339e-01 2.149937e-01 -4.810303e-01
      outer loop
         vertex 5.083883e+01 2.749764e+02 -2.541091e+01
         vertex 5.535080e+01 2.520934e+02 -2.766613e+01
         vertex 5.221277e+01 2.520934e+02 -3.321072e+01
      endloop
   endfacet
   facet normal 8.499342e-01 2.149936e-01 -4.810298e-01
      outer loop
         vertex 5.083883e+01 2.749764e+02 -2.541091e+01
         vertex 5.221277e+01 2.520934e+02 -3.321072e+01
         vertex 4.795661e+01 2.749764e+02 -3.050352e+01
      endloop
   endfacet
   facet normal 8.558180e-01 1.815783e-01 -4.843603e-01
      outer loop
         vertex 5.535080e+01 2.520934e+02 -2.766613e+01
         vertex 5.916191e+01 2.290494e+02 -2.957105e+01
         vertex 5.580782e+01 2.290494e+02 -3.549741e+01
      endloop
   endfacet
   facet normal 8.558179e-01 1.815783e-01 -4.843604e-01
      outer loop
         vertex 5.535080e+01 2.520934e+02 -2.766613e+01
         vertex 5.580782e+01 2.290494e+02 -3.549741e+01
         vertex 5.221277e+01 2.520934e+02 -3.321072e+01
      endloop
   endfacet
   facet normal 8.591559e-01 1.594139e-01 -4.862493e-01
      outer loop
         vertex 5.916191e+01 2.290494e+02 -2.957105e+01
         vertex 6.022540e+01 2.216963e+02 -3.010262e+01
         vertex 5.681102e+01 2.216963e+02 -3.613551e+01
      endloop
   endfacet
   facet normal 8.591558e-01 1.594139e-01 -4.862494e-01
      outer loop
         vertex 5.916191e+01 2.290494e+02 -2.957105e+01
         vertex 5.681102e+01 2.216963e+02 -3.613551e+01
         vertex 5.580782e+01 2.290494e+02 -3.549741e+01
      endloop
   endfacet
   facet normal 8.600761e-01 1.527217e-01 -4.867701e-01
      outer loop
         vertex 6.022540e+01 2.216963e+02 -3.010262e+01
         vertex 6.047780e+01 2.198728e+02 -3.022878e+01
         vertex 5.704911e+01 2.198728e+02 -3.628695e+01
      endloop
   endfacet
   facet normal 8.600760e-01 1.527221e-01 -4.867701e-01
      outer loop
         vertex 6.022540e+01 2.216963e+02 -3.010262e+01
         vertex 5.704911e+01 2.198728e+02 -3.628695e+01
         vertex 5.681102e+01 2.216963e+02 -3.613551e+01
      endloop
   endfacet
   facet normal 8.606027e-01 1.487535e-01 -4.870682e-01
      outer loop
         vertex 6.047780e+01 2.198728e+02 -3.022878e+01
         vertex 6.096944e+01 2.162238e+02 -3.047452e+01
         vertex 5.751288e+01 2.162238e+02 -3.658194e+01
      endloop
   endfacet
   facet normal 8.606027e-01 1.487534e-01 -4.870681e-01
      outer loop
         vertex 6.047780e+01 2.198728e+02 -3.022878e+01
         vertex 5.751288e+01 2.162238e+02 -3.658194e+01
         vertex 5.704911e+01 2.198728e+02 -3.628695e+01
      endloop
   endfacet
   facet normal 8.616080e-01 1.408619e-01 -4.876367e-01
      outer loop
         vertex 6.096944e+01 2.162238e+02 -3.047452e+01
         vertex 6.190048e+01 2.089180e+02 -3.093988e+01
         vertex 5.839113e+01 2.089180e+02 -3.714056e+01
      endloop
   endfacet
   facet normal 8.616078e-01 1.408623e-01 -4.876370e-01
      outer loop
         vertex 6.096944e+01 2.162238e+02 -3.047452e+01
         vertex 5.839113e+01 2.089180e+02 -3.714056e+01
         vertex 5.751288e+01 2.162238e+02 -3.658194e+01
      endloop
   endfacet
   facet normal 8.634289e-01 1.252783e-01 -4.886674e-01
      outer loop
         vertex 6.190048e+01 2.089180e+02 -3.093988e+01
         vertex 6.355625e+01 1.942780e+02 -3.176748e+01
         vertex 5.995303e+01 1.942780e+02 -3.813403e+01
      endloop
   endfacet
   facet normal 8.634290e-01 1.252782e-01 -4.886673e-01
      outer loop
         vertex 6.190048e+01 2.089180e+02 -3.093988e+01
         vertex 5.995303e+01 1.942780e+02 -3.813403e+01
         vertex 5.839113e+01 2.089180e+02 -3.714056e+01
      endloop
   endfacet
   facet normal 8.660407e-01 9.864229e-02 -4.901461e-01
      outer loop
         vertex 6.355625e+01 1.942780e+02 -3.176748e+01
         vertex 6.567256e+01 1.704415e+02 -3.282529e+01
         vertex 6.194936e+01 1.704415e+02 -3.940382e+01
      endloop
   endfacet
   facet normal 8.660410e-01 9.864214e-02 -4.901457e-01
      outer loop
         vertex 6.355625e+01 1.942780e+02 -3.176748e+01
         vertex 6.194936e+01 1.704415e+02 -3.940382e+01
         vertex 5.995303e+01 1.942780e+02 -3.813403e+01
      endloop
   endfacet
   facet normal 8.684091e-01 6.562681e-02 -4.914863e-01
      outer loop
         vertex 6.567256e+01 1.704415e+02 -3.282529e+01
         vertex 6.718071e+01 1.448394e+02 -3.357911e+01
         vertex 6.337201e+01 1.448394e+02 -4.030872e+01
      endloop
   endfacet
   facet normal 8.684090e-01 6.562686e-02 -4.914865e-01
      outer loop
         vertex 6.567256e+01 1.704415e+02 -3.282529e+01
         vertex 6.337201e+01 1.448394e+02 -4.030872e+01
         vertex 6.194936e+01 1.704415e+02 -3.940382e+01
      endloop
   endfacet
   facet normal 7.649735e-01 3.450473e-01 -5.438362e-01
      outer loop
         vertex 2.423530e+01 3.650903e+02 -1.541523e+01
         vertex 3.124145e+01 3.425338e+02 -1.987160e+01
         vertex 2.903265e+01 3.425338e+02 -2.297855e+01
      endloop
   endfacet
   facet normal 7.649733e-01 3.450474e-01 -5.438366e-01
      outer loop
         vertex 2.423530e+01 3.650903e+02 -1.541523e+01
         vertex 2.903265e+01 3.425338e+02 -2.297855e+01
         vertex 2.252184e+01 3.650903e+02 -1.782542e+01
      endloop
   endfacet
   facet normal 7.740257e-01 3.131860e-01 -5.502715e-01
      outer loop
         vertex 3.124145e+01 3.425338e+02 -1.987160e+01
         vertex 3.753918e+01 3.199311e+02 -2.387736e+01
         vertex 3.488512e+01 3.199311e+02 -2.761062e+01
      endloop
   endfacet
   facet normal 7.740256e-01 3.131860e-01 -5.502716e-01
      outer loop
         vertex 3.124145e+01 3.425338e+02 -1.987160e+01
         vertex 3.488512e+01 3.199311e+02 -2.761062e+01
         vertex 2.903265e+01 3.425338e+02 -2.297855e+01
      endloop
   endfacet
   facet normal 7.817962e-01 2.826410e-01 -5.557955e-01
      outer loop
         vertex 3.753918e+01 3.199311e+02 -2.387736e+01
         vertex 4.248999e+01 3.000446e+02 -2.702640e+01
         vertex 3.948591e+01 3.000446e+02 -3.125202e+01
      endloop
   endfacet
   facet normal 7.817962e-01 2.826411e-01 -5.557956e-01
      outer loop
         vertex 3.753918e+01 3.199311e+02 -2.387736e+01
         vertex 3.948591e+01 3.000446e+02 -3.125202e+01
         vertex 3.488512e+01 3.199311e+02 -2.761062e+01
      endloop
   endfacet
   facet normal 7.854550e-01 2.669336e-01 -5.583966e-01
      outer loop
         vertex 4.248999e+01 3.000446e+02 -2.702640e+01
         vertex 4.287916e+01 2.983816e+02 -2.727394e+01
         vertex 3.984756e+01 2.983816e+02 -3.153826e+01
      endloop
   endfacet
   facet normal 7.854550e-01 2.669336e-01 -5.583966e-01
      outer loop
         vertex 4.248999e+01 3.000446e+02 -2.702640e+01
         vertex 3.984756e+01 2.983816e+02 -3.153826e+01
         vertex 3.948591e+01 3.000446e+02 -3.125202e+01
      endloop
   endfacet
   facet normal 7.862704e-01 2.632933e-01 -5.589772e-01
      outer loop
         vertex 4.287916e+01 2.983816e+02 -2.727394e+01
         vertex 4.364694e+01 2.950520e+02 -2.776229e+01
         vertex 4.056105e+01 2.950520e+02 -3.210297e+01
      endloop
   endfacet
   facet normal 7.862711e-01 2.632923e-01 -5.589768e-01
      outer loop
         vertex 4.287916e+01 2.983816e+02 -2.727394e+01
         vertex 4.056105e+01 2.950520e+02 -3.210297e+01
         vertex 3.984756e+01 2.983816e+02 -3.153826e+01
      endloop
   endfacet
   facet normal 7.878696e-01 2.559972e-01 -5.601133e-01
      outer loop
         vertex 4.364694e+01 2.950520e+02 -2.776229e+01
         vertex 4.514014e+01 2.883784e+02 -2.871207e+01
         vertex 4.194869e+01 2.883784e+02 -3.320125e+01
      endloop
   endfacet
   facet normal 7.878691e-01 2.559977e-01 -5.601137e-01
      outer loop
         vertex 4.364694e+01 2.950520e+02 -2.776229e+01
         vertex 4.194869e+01 2.883784e+02 -3.320125e+01
         vertex 4.056105e+01 2.950520e+02 -3.210297e+01
      endloop
   endfacet
   facet normal 7.909290e-01 2.413770e-01 -5.622886e-01
      outer loop
         vertex 4.514014e+01 2.883784e+02 -2.871207e+01
         vertex 4.795661e+01 2.749764e+02 -3.050352e+01
         vertex 4.456603e+01 2.749764e+02 -3.527280e+01
      endloop
   endfacet
   facet normal 7.909292e-01 2.413769e-01 -5.622884e-01
      outer loop
         vertex 4.514014e+01 2.883784e+02 -2.871207e+01
         vertex 4.456603e+01 2.749764e+02 -3.527280e+01
         vertex 4.194869e+01 2.883784e+02 -3.320125e+01
      endloop
   endfacet
   facet normal 7.959692e-01 2.149936e-01 -5.658717e-01
      outer loop
         vertex 4.795661e+01 2.749764e+02 -3.050352e+01
         vertex 5.221277e+01 2.520934e+02 -3.321072e+01
         vertex 4.852128e+01 2.520934e+02 -3.840327e+01
      endloop
   endfacet
   facet normal 7.959691e-01 2.149936e-01 -5.658718e-01
      outer loop
         vertex 4.795661e+01 2.749764e+02 -3.050352e+01
         vertex 4.852128e+01 2.520934e+02 -3.840327e+01
         vertex 4.456603e+01 2.749764e+02 -3.527280e+01
      endloop
   endfacet
   facet normal 8.014800e-01 1.815783e-01 -5.697887e-01
      outer loop
         vertex 5.221277e+01 2.520934e+02 -3.321072e+01
         vertex 5.580782e+01 2.290494e+02 -3.549741e+01
         vertex 5.186215e+01 2.290494e+02 -4.104748e+01
      endloop
   endfacet
   facet normal 8.014796e-01 1.815785e-01 -5.697892e-01
      outer loop
         vertex 5.221277e+01 2.520934e+02 -3.321072e+01
         vertex 5.186215e+01 2.290494e+02 -4.104748e+01
         vertex 4.852128e+01 2.520934e+02 -3.840327e+01
      endloop
   endfacet
   facet normal 8.046058e-01 1.594139e-01 -5.720112e-01
      outer loop
         vertex 5.580782e+01 2.290494e+02 -3.549741e+01
         vertex 5.681102e+01 2.216963e+02 -3.613551e+01
         vertex 5.279443e+01 2.216963e+02 -4.178535e+01
      endloop
   endfacet
   facet normal 8.046059e-01 1.594136e-01 -5.720110e-01
      outer loop
         vertex 5.580782e+01 2.290494e+02 -3.549741e+01
         vertex 5.279443e+01 2.216963e+02 -4.178535e+01
         vertex 5.186215e+01 2.290494e+02 -4.104748e+01
      endloop
   endfacet
   facet normal 8.054674e-01 1.527221e-01 -5.726239e-01
      outer loop
         vertex 5.681102e+01 2.216963e+02 -3.613551e+01
         vertex 5.704911e+01 2.198728e+02 -3.628695e+01
         vertex 5.301568e+01 2.198728e+02 -4.196047e+01
      endloop
   endfacet
   facet normal 8.054676e-01 1.527216e-01 -5.726239e-01
      outer loop
         vertex 5.681102e+01 2.216963e+02 -3.613551e+01
         vertex 5.301568e+01 2.198728e+02 -4.196047e+01
         vertex 5.279443e+01 2.216963e+02 -4.178535e+01
      endloop
   endfacet
   facet normal 8.059607e-01 1.487534e-01 -5.729746e-01
      outer loop
         vertex 5.704911e+01 2.198728e+02 -3.628695e+01
         vertex 5.751288e+01 2.162238e+02 -3.658194e+01
         vertex 5.344666e+01 2.162238e+02 -4.230158e+01
      endloop
   endfacet
   facet normal 8.059606e-01 1.487535e-01 -5.729746e-01
      outer loop
         vertex 5.704911e+01 2.198728e+02 -3.628695e+01
         vertex 5.344666e+01 2.162238e+02 -4.230158e+01
         vertex 5.301568e+01 2.198728e+02 -4.196047e+01
      endloop
   endfacet
   facet normal 8.069017e-01 1.408623e-01 -5.736440e-01
      outer loop
         vertex 5.751288e+01 2.162238e+02 -3.658194e+01
         vertex 5.839113e+01 2.089180e+02 -3.714056e+01
         vertex 5.426282e+01 2.089180e+02 -4.294754e+01
      endloop
   endfacet
   facet normal 8.069020e-01 1.408620e-01 -5.736437e-01
      outer loop
         vertex 5.751288e+01 2.162238e+02 -3.658194e+01
         vertex 5.426282e+01 2.089180e+02 -4.294754e+01
         vertex 5.344666e+01 2.162238e+02 -4.230158e+01
      endloop
   endfacet
   facet normal 8.086071e-01 1.252782e-01 -5.748564e-01
      outer loop
         vertex 5.839113e+01 2.089180e+02 -3.714056e+01
         vertex 5.995303e+01 1.942780e+02 -3.813403e+01
         vertex 5.571429e+01 1.942780e+02 -4.409634e+01
      endloop
   endfacet
   facet normal 8.086071e-01 1.252782e-01 -5.748564e-01
      outer loop
         vertex 5.839113e+01 2.089180e+02 -3.714056e+01
         vertex 5.571429e+01 1.942780e+02 -4.409634e+01
         vertex 5.426282e+01 2.089180e+02 -4.294754e+01
      endloop
   endfacet
   facet normal 8.110533e-01 9.864213e-02 -5.765954e-01
      outer loop
         vertex 5.995303e+01 1.942780e+02 -3.813403e+01
         vertex 6.194936e+01 1.704415e+02 -3.940382e+01
         vertex 5.756948e+01 1.704415e+02 -4.556467e+01
      endloop
   endfacet
   facet normal 8.110533e-01 9.864212e-02 -5.765954e-01
      outer loop
         vertex 5.995303e+01 1.942780e+02 -3.813403e+01
         vertex 5.756948e+01 1.704415e+02 -4.556467e+01
         vertex 5.571429e+01 1.942780e+02 -4.409634e+01
      endloop
   endfacet
   facet normal 8.132713e-01 6.562687e-02 -5.781720e-01
      outer loop
         vertex 6.194936e+01 1.704415e+02 -3.940382e+01
         vertex 6.337201e+01 1.448394e+02 -4.030872e+01
         vertex 5.889154e+01 1.448394e+02 -4.661105e+01
      endloop
   endfacet
   facet normal 8.132712e-01 6.562695e-02 -5.781722e-01
      outer loop
         vertex 6.194936e+01 1.704415e+02 -3.940382e+01
         vertex 5.889154e+01 1.448394e+02 -4.661105e+01
         vertex 5.756948e+01 1.704415e+02 -4.556467e+01
      endloop
   endfacet
   facet normal 7.050014e-01 3.450473e-01 -6.196090e-01
      outer loop
         vertex 2.252184e+01 3.650903e+02 -1.782542e+01
         vertex 2.903265e+01 3.425338e+02 -2.297855e+01
         vertex 2.651610e+01 3.425338e+02 -2.584193e+01
      endloop
   endfacet
   facet normal 7.050014e-01 3.450473e-01 -6.196090e-01
      outer loop
         vertex 2.252184e+01 3.650903e+02 -1.782542e+01
         vertex 2.651610e+01 3.425338e+02 -2.584193e+01
         vertex 2.056964e+01 3.650903e+02 -2.004667e+01
      endloop
   endfacet
   facet normal 7.133439e-01 3.131860e-01 -6.269410e-01
      outer loop
         vertex 2.903265e+01 3.425338e+02 -2.297855e+01
         vertex 3.488512e+01 3.199311e+02 -2.761062e+01
         vertex 3.186127e+01 3.199311e+02 -3.105121e+01
      endloop
   endfacet
   facet normal 7.133439e-01 3.131860e-01 -6.269410e-01
      outer loop
         vertex 2.903265e+01 3.425338e+02 -2.297855e+01
         vertex 3.186127e+01 3.199311e+02 -3.105121e+01
         vertex 2.651610e+01 3.425338e+02 -2.584193e+01
      endloop
   endfacet
   facet normal 7.205051e-01 2.826410e-01 -6.332349e-01
      outer loop
         vertex 3.488512e+01 3.199311e+02 -2.761062e+01
         vertex 3.948591e+01 3.000446e+02 -3.125202e+01
         vertex 3.606326e+01 3.000446e+02 -3.514636e+01
      endloop
   endfacet
   facet normal 7.205052e-01 2.826410e-01 -6.332348e-01
      outer loop
         vertex 3.488512e+01 3.199311e+02 -2.761062e+01
         vertex 3.606326e+01 3.000446e+02 -3.514636e+01
         vertex 3.186127e+01 3.199311e+02 -3.105121e+01
      endloop
   endfacet
   facet normal 7.238770e-01 2.669337e-01 -6.361985e-01
      outer loop
         vertex 3.948591e+01 3.000446e+02 -3.125202e+01
         vertex 3.984756e+01 2.983816e+02 -3.153826e+01
         vertex 3.639357e+01 2.983816e+02 -3.546827e+01
      endloop
   endfacet
   facet normal 7.238771e-01 2.669336e-01 -6.361985e-01
      outer loop
         vertex 3.948591e+01 3.000446e+02 -3.125202e+01
         vertex 3.639357e+01 2.983816e+02 -3.546827e+01
         vertex 3.606326e+01 3.000446e+02 -3.514636e+01
      endloop
   endfacet
   facet normal 7.246296e-01 2.632923e-01 -6.368588e-01
      outer loop
         vertex 3.984756e+01 2.983816e+02 -3.153826e+01
         vertex 4.056105e+01 2.950520e+02 -3.210297e+01
         vertex 3.704522e+01 2.950520e+02 -3.610335e+01
      endloop
   endfacet
   facet normal 7.246288e-01 2.632935e-01 -6.368592e-01
      outer loop
         vertex 3.984756e+01 2.983816e+02 -3.153826e+01
         vertex 3.704522e+01 2.950520e+02 -3.610335e+01
         vertex 3.639357e+01 2.983816e+02 -3.546827e+01
      endloop
   endfacet
   facet normal 7.261020e-01 2.559977e-01 -6.381544e-01
      outer loop
         vertex 4.056105e+01 2.950520e+02 -3.210297e+01
         vertex 4.194869e+01 2.883784e+02 -3.320125e+01
         vertex 3.831257e+01 2.883784e+02 -3.733848e+01
      endloop
   endfacet
   facet normal 7.261030e-01 2.559968e-01 -6.381537e-01
      outer loop
         vertex 4.056105e+01 2.950520e+02 -3.210297e+01
         vertex 3.831257e+01 2.883784e+02 -3.733848e+01
         vertex 3.704522e+01 2.950520e+02 -3.610335e+01
      endloop
   endfacet
   facet normal 7.289220e-01 2.413769e-01 -6.406324e-01
      outer loop
         vertex 4.194869e+01 2.883784e+02 -3.320125e+01
         vertex 4.456603e+01 2.749764e+02 -3.527280e+01
         vertex 4.070304e+01 2.749764e+02 -3.966817e+01
      endloop
   endfacet
   facet normal 7.289218e-01 2.413770e-01 -6.406326e-01
      outer loop
         vertex 4.194869e+01 2.883784e+02 -3.320125e+01
         vertex 4.070304e+01 2.749764e+02 -3.966817e+01
         vertex 3.831257e+01 2.883784e+02 -3.733848e+01
      endloop
   endfacet
   facet normal 7.335673e-01 2.149936e-01 -6.447145e-01
      outer loop
         vertex 4.456603e+01 2.749764e+02 -3.527280e+01
         vertex 4.852128e+01 2.520934e+02 -3.840327e+01
         vertex 4.431545e+01 2.520934e+02 -4.318874e+01
      endloop
   endfacet
   facet normal 7.335670e-01 2.149937e-01 -6.447148e-01
      outer loop
         vertex 4.456603e+01 2.749764e+02 -3.527280e+01
         vertex 4.431545e+01 2.520934e+02 -4.318874e+01
         vertex 4.070304e+01 2.749764e+02 -3.966817e+01
      endloop
   endfacet
   facet normal 7.386451e-01 1.815785e-01 -6.491785e-01
      outer loop
         vertex 4.852128e+01 2.520934e+02 -3.840327e+01
         vertex 5.186215e+01 2.290494e+02 -4.104748e+01
         vertex 4.736673e+01 2.290494e+02 -4.616244e+01
      endloop
   endfacet
   facet normal 7.386457e-01 1.815782e-01 -6.491778e-01
      outer loop
         vertex 4.852128e+01 2.520934e+02 -3.840327e+01
         vertex 4.736673e+01 2.290494e+02 -4.616244e+01
         vertex 4.431545e+01 2.520934e+02 -4.318874e+01
      endloop
   endfacet
   facet normal 7.415262e-01 1.594136e-01 -6.517102e-01
      outer loop
         vertex 5.186215e+01 2.290494e+02 -4.104748e+01
         vertex 5.279443e+01 2.216963e+02 -4.178535e+01
         vertex 4.821820e+01 2.216963e+02 -4.699226e+01
      endloop
   endfacet
   facet normal 7.415260e-01 1.594138e-01 -6.517104e-01
      outer loop
         vertex 5.186215e+01 2.290494e+02 -4.104748e+01
         vertex 4.821820e+01 2.216963e+02 -4.699226e+01
         vertex 4.736673e+01 2.290494e+02 -4.616244e+01
      endloop
   endfacet
   facet normal 7.423207e-01 1.527217e-01 -6.524079e-01
      outer loop
         vertex 5.279443e+01 2.216963e+02 -4.178535e+01
         vertex 5.301568e+01 2.198728e+02 -4.196047e+01
         vertex 4.842027e+01 2.198728e+02 -4.718920e+01
      endloop
   endfacet
   facet normal 7.423202e-01 1.527233e-01 -6.524081e-01
      outer loop
         vertex 5.279443e+01 2.216963e+02 -4.178535e+01
         vertex 4.842027e+01 2.198728e+02 -4.718920e+01
         vertex 4.821820e+01 2.216963e+02 -4.699226e+01
      endloop
   endfacet
   facet normal 7.427752e-01 1.487534e-01 -6.528073e-01
      outer loop
         vertex 5.301568e+01 2.198728e+02 -4.196047e+01
         vertex 5.344666e+01 2.162238e+02 -4.230158e+01
         vertex 4.881390e+01 2.162238e+02 -4.757281e+01
      endloop
   endfacet
   facet normal 7.427751e-01 1.487537e-01 -6.528074e-01
      outer loop
         vertex 5.301568e+01 2.198728e+02 -4.196047e+01
         vertex 4.881390e+01 2.162238e+02 -4.757281e+01
         vertex 4.842027e+01 2.198728e+02 -4.718920e+01
      endloop
   endfacet
   facet normal 7.436425e-01 1.408619e-01 -6.535700e-01
      outer loop
         vertex 5.344666e+01 2.162238e+02 -4.230158e+01
         vertex 5.426282e+01 2.089180e+02 -4.294754e+01
         vertex 4.955931e+01 2.089180e+02 -4.829927e+01
      endloop
   endfacet
   facet normal 7.436428e-01 1.408616e-01 -6.535698e-01
      outer loop
         vertex 5.344666e+01 2.162238e+02 -4.230158e+01
         vertex 4.955931e+01 2.089180e+02 -4.829927e+01
         vertex 4.881390e+01 2.162238e+02 -4.757281e+01
      endloop
   endfacet
   facet normal 7.452143e-01 1.252782e-01 -6.549511e-01
      outer loop
         vertex 5.426282e+01 2.089180e+02 -4.294754e+01
         vertex 5.571429e+01 1.942780e+02 -4.409634e+01
         vertex 5.088497e+01 1.942780e+02 -4.959123e+01
      endloop
   endfacet
   facet normal 7.452142e-01 1.252783e-01 -6.549513e-01
      outer loop
         vertex 5.426282e+01 2.089180e+02 -4.294754e+01
         vertex 5.088497e+01 1.942780e+02 -4.959123e+01
         vertex 4.955931e+01 2.089180e+02 -4.829927e+01
      endloop
   endfacet
   facet normal 7.474688e-01 9.864213e-02 -6.569323e-01
      outer loop
         vertex 5.571429e+01 1.942780e+02 -4.409634e+01
         vertex 5.756948e+01 1.704415e+02 -4.556467e+01
         vertex 5.257935e+01 1.704415e+02 -5.124253e+01
      endloop
   endfacet
   facet normal 7.474687e-01 9.864217e-02 -6.569324e-01
      outer loop
         vertex 5.571429e+01 1.942780e+02 -4.409634e+01
         vertex 5.257935e+01 1.704415e+02 -5.124253e+01
         vertex 5.088497e+01 1.942780e+02 -4.959123e+01
      endloop
   endfacet
   facet normal 7.495126e-01 6.562694e-02 -6.587291e-01
      outer loop
         vertex 5.756948e+01 1.704415e+02 -4.556467e+01
         vertex 5.889154e+01 1.448394e+02 -4.661105e+01
         vertex 5.378682e+01 1.448394e+02 -5.241930e+01
      endloop
   endfacet
   facet normal 7.495129e-01 6.562682e-02 -6.587288e-01
      outer loop
         vertex 5.756948e+01 1.704415e+02 -4.556467e+01
         vertex 5.378682e+01 1.448394e+02 -5.241930e+01
         vertex 5.257935e+01 1.704415e+02 -5.124253e+01
      endloop
   endfacet
   facet normal 6.375560e-01 3.450474e-01 -6.888140e-01
      outer loop
         vertex 2.056964e+01 3.650903e+02 -2.004667e+01
         vertex 2.651610e+01 3.425338e+02 -2.584193e+01
         vertex 2.371847e+01 3.425338e+02 -2.843138e+01
      endloop
   endfacet
   facet normal 6.375562e-01 3.450473e-01 -6.888138e-01
      outer loop
         vertex 2.056964e+01 3.650903e+02 -2.004667e+01
         vertex 2.371847e+01 3.425338e+02 -2.843138e+01
         vertex 1.839940e+01 3.650903e+02 -2.205541e+01
      endloop
   endfacet
   facet normal 6.451003e-01 3.131860e-01 -6.969650e-01
      outer loop
         vertex 2.651610e+01 3.425338e+02 -2.584193e+01
         vertex 3.186127e+01 3.199311e+02 -3.105121e+01
         vertex 2.849969e+01 3.199311e+02 -3.416264e+01
      endloop
   endfacet
   facet normal 6.451004e-01 3.131860e-01 -6.969649e-01
      outer loop
         vertex 2.651610e+01 3.425338e+02 -2.584193e+01
         vertex 2.849969e+01 3.199311e+02 -3.416264e+01
         vertex 2.371847e+01 3.425338e+02 -2.843138e+01
      endloop
   endfacet
   facet normal 6.515762e-01 2.826410e-01 -7.039620e-01
      outer loop
         vertex 3.186127e+01 3.199311e+02 -3.105121e+01
         vertex 3.606326e+01 3.000446e+02 -3.514636e+01
         vertex 3.225834e+01 3.000446e+02 -3.866814e+01
      endloop
   endfacet
   facet normal 6.515764e-01 2.826410e-01 -7.039618e-01
      outer loop
         vertex 3.186127e+01 3.199311e+02 -3.105121e+01
         vertex 3.225834e+01 3.000446e+02 -3.866814e+01
         vertex 2.849969e+01 3.199311e+02 -3.416264e+01
      endloop
   endfacet
   facet normal 6.546259e-01 2.669336e-01 -7.072563e-01
      outer loop
         vertex 3.606326e+01 3.000446e+02 -3.514636e+01
         vertex 3.639357e+01 2.983816e+02 -3.546827e+01
         vertex 3.255380e+01 2.983816e+02 -3.902231e+01
      endloop
   endfacet
   facet normal 6.546254e-01 2.669348e-01 -7.072563e-01
      outer loop
         vertex 3.606326e+01 3.000446e+02 -3.514636e+01
         vertex 3.255380e+01 2.983816e+02 -3.902231e+01
         vertex 3.225834e+01 3.000446e+02 -3.866814e+01
      endloop
   endfacet
   facet normal 6.553055e-01 2.632935e-01 -7.079910e-01
      outer loop
         vertex 3.639357e+01 2.983816e+02 -3.546827e+01
         vertex 3.704522e+01 2.950520e+02 -3.610335e+01
         vertex 3.313669e+01 2.950520e+02 -3.972102e+01
      endloop
   endfacet
   facet normal 6.553058e-01 2.632929e-01 -7.079909e-01
      outer loop
         vertex 3.639357e+01 2.983816e+02 -3.546827e+01
         vertex 3.313669e+01 2.950520e+02 -3.972102e+01
         vertex 3.255380e+01 2.983816e+02 -3.902231e+01
      endloop
   endfacet
   facet normal 6.566386e-01 2.559968e-01 -7.094303e-01
      outer loop
         vertex 3.704522e+01 2.950520e+02 -3.610335e+01
         vertex 3.831257e+01 2.883784e+02 -3.733848e+01
         vertex 3.427033e+01 2.883784e+02 -4.107992e+01
      endloop
   endfacet
   facet normal 6.566380e-01 2.559973e-01 -7.094307e-01
      outer loop
         vertex 3.704522e+01 2.950520e+02 -3.610335e+01
         vertex 3.427033e+01 2.883784e+02 -4.107992e+01
         vertex 3.313669e+01 2.950520e+02 -3.972102e+01
      endloop
   endfacet
   facet normal 6.591881e-01 2.413770e-01 -7.121855e-01
      outer loop
         vertex 3.831257e+01 2.883784e+02 -3.733848e+01
         vertex 4.070304e+01 2.749764e+02 -3.966817e+01
         vertex 3.640858e+01 2.749764e+02 -4.364305e+01
      endloop
   endfacet
   facet normal 6.591885e-01 2.413768e-01 -7.121852e-01
      outer loop
         vertex 3.831257e+01 2.883784e+02 -3.733848e+01
         vertex 3.640858e+01 2.749764e+02 -4.364305e+01
         vertex 3.427033e+01 2.883784e+02 -4.107992e+01
      endloop
   endfacet
   facet normal 6.633887e-01 2.149937e-01 -7.167239e-01
      outer loop
         vertex 4.070304e+01 2.749764e+02 -3.966817e+01
         vertex 4.431545e+01 2.520934e+02 -4.318874e+01
         vertex 3.963986e+01 2.520934e+02 -4.751639e+01
      endloop
   endfacet
   facet normal 6.633887e-01 2.149937e-01 -7.167239e-01
      outer loop
         vertex 4.070304e+01 2.749764e+02 -3.966817e+01
         vertex 3.963986e+01 2.520934e+02 -4.751639e+01
         vertex 3.640858e+01 2.749764e+02 -4.364305e+01
      endloop
   endfacet
   facet normal 6.679816e-01 1.815783e-01 -7.216854e-01
      outer loop
         vertex 4.431545e+01 2.520934e+02 -4.318874e+01
         vertex 4.736673e+01 2.290494e+02 -4.616244e+01
         vertex 4.236921e+01 2.290494e+02 -5.078807e+01
      endloop
   endfacet
   facet normal 6.679813e-01 1.815784e-01 -7.216857e-01
      outer loop
         vertex 4.431545e+01 2.520934e+02 -4.318874e+01
         vertex 4.236921e+01 2.290494e+02 -5.078807e+01
         vertex 3.963986e+01 2.520934e+02 -4.751639e+01
      endloop
   endfacet
   facet normal 6.705867e-01 1.594138e-01 -7.245003e-01
      outer loop
         vertex 4.736673e+01 2.290494e+02 -4.616244e+01
         vertex 4.821820e+01 2.216963e+02 -4.699226e+01
         vertex 4.313084e+01 2.216963e+02 -5.170103e+01
      endloop
   endfacet
   facet normal 6.705869e-01 1.594136e-01 -7.245002e-01
      outer loop
         vertex 4.736673e+01 2.290494e+02 -4.616244e+01
         vertex 4.313084e+01 2.216963e+02 -5.170103e+01
         vertex 4.236921e+01 2.290494e+02 -5.078807e+01
      endloop
   endfacet
   facet normal 6.713048e-01 1.527234e-01 -7.252761e-01
      outer loop
         vertex 4.821820e+01 2.216963e+02 -4.699226e+01
         vertex 4.842027e+01 2.198728e+02 -4.718920e+01
         vertex 4.331160e+01 2.198728e+02 -5.191771e+01
      endloop
   endfacet
   facet normal 6.713048e-01 1.527233e-01 -7.252761e-01
      outer loop
         vertex 4.821820e+01 2.216963e+02 -4.699226e+01
         vertex 4.331160e+01 2.198728e+02 -5.191771e+01
         vertex 4.313084e+01 2.216963e+02 -5.170103e+01
      endloop
   endfacet
   facet normal 6.717160e-01 1.487536e-01 -7.257203e-01
      outer loop
         vertex 4.842027e+01 2.198728e+02 -4.718920e+01
         vertex 4.881390e+01 2.162238e+02 -4.757281e+01
         vertex 4.366370e+01 2.162238e+02 -5.233977e+01
      endloop
   endfacet
   facet normal 6.717159e-01 1.487538e-01 -7.257203e-01
      outer loop
         vertex 4.842027e+01 2.198728e+02 -4.718920e+01
         vertex 4.366370e+01 2.162238e+02 -5.233977e+01
         vertex 4.331160e+01 2.198728e+02 -5.191771e+01
      endloop
   endfacet
   facet normal 6.725009e-01 1.408616e-01 -7.265676e-01
      outer loop
         vertex 4.881390e+01 2.162238e+02 -4.757281e+01
         vertex 4.955931e+01 2.089180e+02 -4.829927e+01
         vertex 4.433046e+01 2.089180e+02 -5.313902e+01
      endloop
   endfacet
   facet normal 6.725005e-01 1.408621e-01 -7.265679e-01
      outer loop
         vertex 4.881390e+01 2.162238e+02 -4.757281e+01
         vertex 4.433046e+01 2.089180e+02 -5.313902e+01
         vertex 4.366370e+01 2.162238e+02 -5.233977e+01
      endloop
   endfacet
   facet normal 6.739215e-01 1.252783e-01 -7.281038e-01
      outer loop
         vertex 4.955931e+01 2.089180e+02 -4.829927e+01
         vertex 5.088497e+01 1.942780e+02 -4.959123e+01
         vertex 4.551625e+01 1.942780e+02 -5.456043e+01
      endloop
   endfacet
   facet normal 6.739222e-01 1.252779e-01 -7.281032e-01
      outer loop
         vertex 4.955931e+01 2.089180e+02 -4.829927e+01
         vertex 4.551625e+01 1.942780e+02 -5.456043e+01
         vertex 4.433046e+01 2.089180e+02 -5.313902e+01
      endloop
   endfacet
   facet normal 6.759605e-01 9.864216e-02 -7.303061e-01
      outer loop
         vertex 5.088497e+01 1.942780e+02 -4.959123e+01
         vertex 5.257935e+01 1.704415e+02 -5.124253e+01
         vertex 4.703186e+01 1.704415e+02 -5.637720e+01
      endloop
   endfacet
   facet normal 6.759602e-01 9.864232e-02 -7.303065e-01
      outer loop
         vertex 5.088497e+01 1.942780e+02 -4.959123e+01
         vertex 4.703186e+01 1.704415e+02 -5.637720e+01
         vertex 4.551625e+01 1.942780e+02 -5.456043e+01
      endloop
   endfacet
   facet normal 6.778091e-01 6.562683e-02 -7.323032e-01
      outer loop
         vertex 5.257935e+01 1.704415e+02 -5.124253e+01
         vertex 5.378682e+01 1.448394e+02 -5.241930e+01
         vertex 4.811193e+01 1.448394e+02 -5.767188e+01
      endloop
   endfacet
   facet normal 6.778090e-01 6.562685e-02 -7.323032e-01
      outer loop
         vertex 5.257935e+01 1.704415e+02 -5.124253e+01
         vertex 4.811193e+01 1.448394e+02 -5.767188e+01
         vertex 4.703186e+01 1.704415e+02 -5.637720e+01
      endloop
   endfacet
   facet normal 5.633524e-01 3.450473e-01 -7.507173e-01
      outer loop
         vertex 1.839940e+01 3.650903e+02 -2.205541e+01
         vertex 2.371847e+01 3.425338e+02 -2.843138e+01
         vertex 2.066941e+01 3.425338e+02 -3.071944e+01
      endloop
   endfacet
   facet normal 5.633524e-01 3.450473e-01 -7.507172e-01
      outer loop
         vertex 1.839940e+01 3.650903e+02 -2.205541e+01
         vertex 2.066941e+01 3.425338e+02 -3.071944e+01
         vertex 1.603413e+01 3.650903e+02 -2.383036e+01
      endloop
   endfacet
   facet normal 5.700185e-01 3.131860e-01 -7.596009e-01
      outer loop
         vertex 2.371847e+01 3.425338e+02 -2.843138e+01
         vertex 2.849969e+01 3.199311e+02 -3.416264e+01
         vertex 2.483600e+01 3.199311e+02 -3.691194e+01
      endloop
   endfacet
   facet normal 5.700187e-01 3.131860e-01 -7.596007e-01
      outer loop
         vertex 2.371847e+01 3.425338e+02 -2.843138e+01
         vertex 2.483600e+01 3.199311e+02 -3.691194e+01
         vertex 2.066941e+01 3.425338e+02 -3.071944e+01
      endloop
   endfacet
   facet normal 5.757411e-01 2.826409e-01 -7.672264e-01
      outer loop
         vertex 2.849969e+01 3.199311e+02 -3.416264e+01
         vertex 3.225834e+01 3.000446e+02 -3.866814e+01
         vertex 2.811147e+01 3.000446e+02 -4.178003e+01
      endloop
   endfacet
   facet normal 5.757409e-01 2.826410e-01 -7.672265e-01
      outer loop
         vertex 2.849969e+01 3.199311e+02 -3.416264e+01
         vertex 2.811147e+01 3.000446e+02 -4.178003e+01
         vertex 2.483600e+01 3.199311e+02 -3.691194e+01
      endloop
   endfacet
   facet normal 5.784354e-01 2.669348e-01 -7.708167e-01
      outer loop
         vertex 3.225834e+01 3.000446e+02 -3.866814e+01
         vertex 3.255380e+01 2.983816e+02 -3.902231e+01
         vertex 2.836895e+01 2.983816e+02 -4.216270e+01
      endloop
   endfacet
   facet normal 5.784353e-01 2.669349e-01 -7.708167e-01
      outer loop
         vertex 3.225834e+01 3.000446e+02 -3.866814e+01
         vertex 2.836895e+01 2.983816e+02 -4.216270e+01
         vertex 2.811147e+01 3.000446e+02 -4.178003e+01
      endloop
   endfacet
   facet normal 5.790362e-01 2.632929e-01 -7.716177e-01
      outer loop
         vertex 3.255380e+01 2.983816e+02 -3.902231e+01
         vertex 3.313669e+01 2.950520e+02 -3.972102e+01
         vertex 2.887691e+01 2.950520e+02 -4.291764e+01
      endloop
   endfacet
   facet normal 5.790365e-01 2.632925e-01 -7.716177e-01
      outer loop
         vertex 3.255380e+01 2.983816e+02 -3.902231e+01
         vertex 2.887691e+01 2.950520e+02 -4.291764e+01
         vertex 2.836895e+01 2.983816e+02 -4.216270e+01
      endloop
   endfacet
   facet normal 5.802134e-01 2.559973e-01 -7.731867e-01
      outer loop
         vertex 3.313669e+01 2.950520e+02 -3.972102e+01
         vertex 3.427033e+01 2.883784e+02 -4.107992e+01
         vertex 2.986481e+01 2.883784e+02 -4.438590e+01
      endloop
   endfacet
   facet normal 5.802135e-01 2.559972e-01 -7.731867e-01
      outer loop
         vertex 3.313669e+01 2.950520e+02 -3.972102e+01
         vertex 2.986481e+01 2.883784e+02 -4.438590e+01
         vertex 2.887691e+01 2.950520e+02 -4.291764e+01
      endloop
   endfacet
   facet normal 5.824670e-01 2.413768e-01 -7.761891e-01
      outer loop
         vertex 3.427033e+01 2.883784e+02 -4.107992e+01
         vertex 3.640858e+01 2.749764e+02 -4.364305e+01
         vertex 3.172820e+01 2.749764e+02 -4.715530e+01
      endloop
   endfacet
   facet normal 5.824666e-01 2.413770e-01 -7.761893e-01
      outer loop
         vertex 3.427033e+01 2.883784e+02 -4.107992e+01
         vertex 3.172820e+01 2.749764e+02 -4.715530e+01
         vertex 2.986481e+01 2.883784e+02 -4.438590e+01
      endloop
   endfacet
   facet normal 5.861784e-01 2.149937e-01 -7.811354e-01
      outer loop
         vertex 3.640858e+01 2.749764e+02 -4.364305e+01
         vertex 3.963986e+01 2.520934e+02 -4.751639e+01
         vertex 3.454408e+01 2.520934e+02 -5.134035e+01
      endloop
   endfacet
   facet normal 5.861787e-01 2.149936e-01 -7.811353e-01
      outer loop
         vertex 3.640858e+01 2.749764e+02 -4.364305e+01
         vertex 3.454408e+01 2.520934e+02 -5.134035e+01
         vertex 3.172820e+01 2.749764e+02 -4.715530e+01
      endloop
   endfacet
   facet normal 5.902367e-01 1.815784e-01 -7.865430e-01
      outer loop
         vertex 3.963986e+01 2.520934e+02 -4.751639e+01
         vertex 4.236921e+01 2.290494e+02 -5.078807e+01
         vertex 3.692257e+01 2.290494e+02 -5.487533e+01
      endloop
   endfacet
   facet normal 5.902365e-01 1.815784e-01 -7.865432e-01
      outer loop
         vertex 3.963986e+01 2.520934e+02 -4.751639e+01
         vertex 3.692257e+01 2.290494e+02 -5.487533e+01
         vertex 3.454408e+01 2.520934e+02 -5.134035e+01
      endloop
   endfacet
   facet normal 5.925388e-01 1.594136e-01 -7.896107e-01
      outer loop
         vertex 4.236921e+01 2.290494e+02 -5.078807e+01
         vertex 4.313084e+01 2.216963e+02 -5.170103e+01
         vertex 3.758629e+01 2.216963e+02 -5.586177e+01
      endloop
   endfacet
   facet normal 5.925388e-01 1.594136e-01 -7.896107e-01
      outer loop
         vertex 4.236921e+01 2.290494e+02 -5.078807e+01
         vertex 3.758629e+01 2.216963e+02 -5.586177e+01
         vertex 3.692257e+01 2.290494e+02 -5.487533e+01
      endloop
   endfacet
   facet normal 5.931730e-01 1.527234e-01 -7.904564e-01
      outer loop
         vertex 4.313084e+01 2.216963e+02 -5.170103e+01
         vertex 4.331160e+01 2.198728e+02 -5.191771e+01
         vertex 3.774381e+01 2.198728e+02 -5.609588e+01
      endloop
   endfacet
   facet normal 5.931734e-01 1.527221e-01 -7.904564e-01
      outer loop
         vertex 4.313084e+01 2.216963e+02 -5.170103e+01
         vertex 3.774381e+01 2.198728e+02 -5.609588e+01
         vertex 3.758629e+01 2.216963e+02 -5.586177e+01
      endloop
   endfacet
   facet normal 5.935361e-01 1.487537e-01 -7.909407e-01
      outer loop
         vertex 4.331160e+01 2.198728e+02 -5.191771e+01
         vertex 4.366370e+01 2.162238e+02 -5.233977e+01
         vertex 3.805064e+01 2.162238e+02 -5.655190e+01
      endloop
   endfacet
   facet normal 5.935363e-01 1.487534e-01 -7.909406e-01
      outer loop
         vertex 4.331160e+01 2.198728e+02 -5.191771e+01
         vertex 3.805064e+01 2.162238e+02 -5.655190e+01
         vertex 3.774381e+01 2.198728e+02 -5.609588e+01
      endloop
   endfacet
   facet normal 5.942296e-01 1.408621e-01 -7.918643e-01
      outer loop
         vertex 4.366370e+01 2.162238e+02 -5.233977e+01
         vertex 4.433046e+01 2.089180e+02 -5.313902e+01
         vertex 3.863170e+01 2.089180e+02 -5.741548e+01
      endloop
   endfacet
   facet normal 5.942293e-01 1.408624e-01 -7.918645e-01
      outer loop
         vertex 4.366370e+01 2.162238e+02 -5.233977e+01
         vertex 3.863170e+01 2.089180e+02 -5.741548e+01
         vertex 3.805064e+01 2.162238e+02 -5.655190e+01
      endloop
   endfacet
   facet normal 5.954856e-01 1.252779e-01 -7.935378e-01
      outer loop
         vertex 4.433046e+01 2.089180e+02 -5.313902e+01
         vertex 4.551625e+01 1.942780e+02 -5.456043e+01
         vertex 3.966505e+01 1.942780e+02 -5.895128e+01
      endloop
   endfacet
   facet normal 5.954855e-01 1.252779e-01 -7.935379e-01
      outer loop
         vertex 4.433046e+01 2.089180e+02 -5.313902e+01
         vertex 3.966505e+01 1.942780e+02 -5.895128e+01
         vertex 3.863170e+01 2.089180e+02 -5.741548e+01
      endloop
   endfacet
   facet normal 5.972868e-01 9.864231e-02 -7.959385e-01
      outer loop
         vertex 4.551625e+01 1.942780e+02 -5.456043e+01
         vertex 4.703186e+01 1.704415e+02 -5.637720e+01
         vertex 4.098583e+01 1.704415e+02 -6.091425e+01
      endloop
   endfacet
   facet normal 5.972870e-01 9.864223e-02 -7.959384e-01
      outer loop
         vertex 4.551625e+01 1.942780e+02 -5.456043e+01
         vertex 4.098583e+01 1.704415e+02 -6.091425e+01
         vertex 3.966505e+01 1.942780e+02 -5.895128e+01
      endloop
   endfacet
   facet normal 5.989202e-01 6.562685e-02 -7.981151e-01
      outer loop
         vertex 4.703186e+01 1.704415e+02 -5.637720e+01
         vertex 4.811193e+01 1.448394e+02 -5.767188e+01
         vertex 4.192706e+01 1.448394e+02 -6.231313e+01
      endloop
   endfacet
   facet normal 5.989202e-01 6.562685e-02 -7.981151e-01
      outer loop
         vertex 4.703186e+01 1.704415e+02 -5.637720e+01
         vertex 4.192706e+01 1.448394e+02 -6.231313e+01
         vertex 4.098583e+01 1.704415e+02 -6.091425e+01
      endloop
   endfacet
   facet normal 4.831770e-01 3.450473e-01 -8.046629e-01
      outer loop
         vertex 1.603413e+01 3.650903e+02 -2.383036e+01
         vertex 2.066941e+01 3.425338e+02 -3.071944e+01
         vertex 1.740126e+01 3.425338e+02 -3.268188e+01
      endloop
   endfacet
   facet normal 4.831767e-01 3.450474e-01 -8.046630e-01
      outer loop
         vertex 1.603413e+01 3.650903e+02 -2.383036e+01
         vertex 1.740126e+01 3.425338e+02 -3.268188e+01
         vertex 1.349888e+01 3.650903e+02 -2.535270e+01
      endloop
   endfacet
   facet normal 4.888945e-01 3.131860e-01 -8.141847e-01
      outer loop
         vertex 2.066941e+01 3.425338e+02 -3.071944e+01
         vertex 2.483600e+01 3.199311e+02 -3.691194e+01
         vertex 2.090904e+01 3.199311e+02 -3.926996e+01
      endloop
   endfacet
   facet normal 4.888945e-01 3.131860e-01 -8.141847e-01
      outer loop
         vertex 2.066941e+01 3.425338e+02 -3.071944e+01
         vertex 2.090904e+01 3.199311e+02 -3.926996e+01
         vertex 1.740126e+01 3.425338e+02 -3.268188e+01
      endloop
   endfacet
   facet normal 4.938026e-01 2.826410e-01 -8.223583e-01
      outer loop
         vertex 2.483600e+01 3.199311e+02 -3.691194e+01
         vertex 2.811147e+01 3.000446e+02 -4.178003e+01
         vertex 2.366661e+01 3.000446e+02 -4.444904e+01
      endloop
   endfacet
   facet normal 4.938026e-01 2.826410e-01 -8.223583e-01
      outer loop
         vertex 2.483600e+01 3.199311e+02 -3.691194e+01
         vertex 2.366661e+01 3.000446e+02 -4.444904e+01
         vertex 2.090904e+01 3.199311e+02 -3.926996e+01
      endloop
   endfacet
   facet normal 4.961131e-01 2.669350e-01 -8.262067e-01
      outer loop
         vertex 2.811147e+01 3.000446e+02 -4.178003e+01
         vertex 2.836895e+01 2.983816e+02 -4.216270e+01
         vertex 2.388338e+01 2.983816e+02 -4.485616e+01
      endloop
   endfacet
   facet normal 4.961135e-01 2.669341e-01 -8.262068e-01
      outer loop
         vertex 2.811147e+01 3.000446e+02 -4.178003e+01
         vertex 2.388338e+01 2.983816e+02 -4.485616e+01
         vertex 2.366661e+01 3.000446e+02 -4.444904e+01
      endloop
   endfacet
   facet normal 4.966288e-01 2.632925e-01 -8.270652e-01
      outer loop
         vertex 2.836895e+01 2.983816e+02 -4.216270e+01
         vertex 2.887691e+01 2.950520e+02 -4.291764e+01
         vertex 2.431102e+01 2.950520e+02 -4.565933e+01
      endloop
   endfacet
   facet normal 4.966286e-01 2.632928e-01 -8.270652e-01
      outer loop
         vertex 2.836895e+01 2.983816e+02 -4.216270e+01
         vertex 2.431102e+01 2.950520e+02 -4.565933e+01
         vertex 2.388338e+01 2.983816e+02 -4.485616e+01
      endloop
   endfacet
   facet normal 4.976387e-01 2.559973e-01 -8.287467e-01
      outer loop
         vertex 2.887691e+01 2.950520e+02 -4.291764e+01
         vertex 2.986481e+01 2.883784e+02 -4.438590e+01
         vertex 2.514272e+01 2.883784e+02 -4.722138e+01
      endloop
   endfacet
   facet normal 4.976386e-01 2.559974e-01 -8.287468e-01
      outer loop
         vertex 2.887691e+01 2.950520e+02 -4.291764e+01
         vertex 2.514272e+01 2.883784e+02 -4.722138e+01
         vertex 2.431102e+01 2.950520e+02 -4.565933e+01
      endloop
   endfacet
   facet normal 4.995713e-01 2.413770e-01 -8.319649e-01
      outer loop
         vertex 2.986481e+01 2.883784e+02 -4.438590e+01
         vertex 3.172820e+01 2.749764e+02 -4.715530e+01
         vertex 2.671148e+01 2.749764e+02 -5.016770e+01
      endloop
   endfacet
   facet normal 4.995712e-01 2.413771e-01 -8.319650e-01
      outer loop
         vertex 2.986481e+01 2.883784e+02 -4.438590e+01
         vertex 2.671148e+01 2.749764e+02 -5.016770e+01
         vertex 2.514272e+01 2.883784e+02 -4.722138e+01
      endloop
   endfacet
   facet normal 5.027547e-01 2.149936e-01 -8.372667e-01
      outer loop
         vertex 3.172820e+01 2.749764e+02 -4.715530e+01
         vertex 3.454408e+01 2.520934e+02 -5.134035e+01
         vertex 2.908213e+01 2.520934e+02 -5.462010e+01
      endloop
   endfacet
   facet normal 5.027548e-01 2.149936e-01 -8.372666e-01
      outer loop
         vertex 3.172820e+01 2.749764e+02 -4.715530e+01
         vertex 2.908213e+01 2.520934e+02 -5.462010e+01
         vertex 2.671148e+01 2.749764e+02 -5.016770e+01
      endloop
   endfacet
   facet normal 5.062350e-01 1.815784e-01 -8.430631e-01
      outer loop
         vertex 3.454408e+01 2.520934e+02 -5.134035e+01
         vertex 3.692257e+01 2.290494e+02 -5.487533e+01
         vertex 3.108454e+01 2.290494e+02 -5.838090e+01
      endloop
   endfacet
   facet normal 5.062352e-01 1.815784e-01 -8.430630e-01
      outer loop
         vertex 3.454408e+01 2.520934e+02 -5.134035e+01
         vertex 3.108454e+01 2.290494e+02 -5.838090e+01
         vertex 2.908213e+01 2.520934e+02 -5.462010e+01
      endloop
   endfacet
   facet normal 5.082094e-01 1.594136e-01 -8.463513e-01
      outer loop
         vertex 3.692257e+01 2.290494e+02 -5.487533e+01
         vertex 3.758629e+01 2.216963e+02 -5.586177e+01
         vertex 3.164332e+01 2.216963e+02 -5.943036e+01
      endloop
   endfacet
   facet normal 5.082095e-01 1.594135e-01 -8.463513e-01
      outer loop
         vertex 3.692257e+01 2.290494e+02 -5.487533e+01
         vertex 3.164332e+01 2.216963e+02 -5.943036e+01
         vertex 3.108454e+01 2.290494e+02 -5.838090e+01
      endloop
   endfacet
   facet normal 5.087539e-01 1.527220e-01 -8.472576e-01
      outer loop
         vertex 3.758629e+01 2.216963e+02 -5.586177e+01
         vertex 3.774381e+01 2.198728e+02 -5.609588e+01
         vertex 3.177593e+01 2.198728e+02 -5.967942e+01
      endloop
   endfacet
   facet normal 5.087536e-01 1.527229e-01 -8.472576e-01
      outer loop
         vertex 3.758629e+01 2.216963e+02 -5.586177e+01
         vertex 3.177593e+01 2.198728e+02 -5.967942e+01
         vertex 3.164332e+01 2.216963e+02 -5.943036e+01
      endloop
   endfacet
   facet normal 5.090656e-01 1.487534e-01 -8.477763e-01
      outer loop
         vertex 3.774381e+01 2.198728e+02 -5.609588e+01
         vertex 3.805064e+01 2.162238e+02 -5.655190e+01
         vertex 3.203425e+01 2.162238e+02 -6.016458e+01
      endloop
   endfacet
   facet normal 5.090654e-01 1.487538e-01 -8.477764e-01
      outer loop
         vertex 3.774381e+01 2.198728e+02 -5.609588e+01
         vertex 3.203425e+01 2.162238e+02 -6.016458e+01
         vertex 3.177593e+01 2.198728e+02 -5.967942e+01
      endloop
   endfacet
   facet normal 5.096596e-01 1.408624e-01 -8.487667e-01
      outer loop
         vertex 3.805064e+01 2.162238e+02 -5.655190e+01
         vertex 3.863170e+01 2.089180e+02 -5.741548e+01
         vertex 3.252343e+01 2.089180e+02 -6.108332e+01
      endloop
   endfacet
   facet normal 5.096602e-01 1.408618e-01 -8.487664e-01
      outer loop
         vertex 3.805064e+01 2.162238e+02 -5.655190e+01
         vertex 3.252343e+01 2.089180e+02 -6.108332e+01
         vertex 3.203425e+01 2.162238e+02 -6.016458e+01
      endloop
   endfacet
   facet normal 5.107375e-01 1.252779e-01 -8.505602e-01
      outer loop
         vertex 3.863170e+01 2.089180e+02 -5.741548e+01
         vertex 3.966505e+01 1.942780e+02 -5.895128e+01
         vertex 3.339339e+01 1.942780e+02 -6.271723e+01
      endloop
   endfacet
   facet normal 5.107368e-01 1.252783e-01 -8.505606e-01
      outer loop
         vertex 3.863170e+01 2.089180e+02 -5.741548e+01
         vertex 3.339339e+01 1.942780e+02 -6.271723e+01
         vertex 3.252343e+01 2.089180e+02 -6.108332e+01
      endloop
   endfacet
   facet normal 5.122820e-01 9.864223e-02 -8.531336e-01
      outer loop
         vertex 3.966505e+01 1.942780e+02 -5.895128e+01
         vertex 4.098583e+01 1.704415e+02 -6.091425e+01
         vertex 3.450533e+01 1.704415e+02 -6.480560e+01
      endloop
   endfacet
   facet normal 5.122825e-01 9.864204e-02 -8.531333e-01
      outer loop
         vertex 3.966505e+01 1.942780e+02 -5.895128e+01
         vertex 3.450533e+01 1.704415e+02 -6.480560e+01
         vertex 3.339339e+01 1.942780e+02 -6.271723e+01
      endloop
   endfacet
   facet normal 5.136832e-01 6.562685e-02 -8.554664e-01
      outer loop
         vertex 4.098583e+01 1.704415e+02 -6.091425e+01
         vertex 4.192706e+01 1.448394e+02 -6.231313e+01
         vertex 3.529774e+01 1.448394e+02 -6.629385e+01
      endloop
   endfacet
   facet normal 5.136829e-01 6.562696e-02 -8.554665e-01
      outer loop
         vertex 4.098583e+01 1.704415e+02 -6.091425e+01
         vertex 3.529774e+01 1.448394e+02 -6.629385e+01
         vertex 3.450533e+01 1.704415e+02 -6.480560e+01
      endloop
   endfacet
   facet normal 3.978799e-01 3.450474e-01 -8.500787e-01
      outer loop
         vertex 1.349888e+01 3.650903e+02 -2.535270e+01
         vertex 1.740126e+01 3.425338e+02 -3.268188e+01
         vertex 1.394865e+01 3.425338e+02 -3.429787e+01
      endloop
   endfacet
   facet normal 3.978801e-01 3.450473e-01 -8.500787e-01
      outer loop
         vertex 1.349888e+01 3.650903e+02 -2.535270e+01
         vertex 1.394865e+01 3.425338e+02 -3.429787e+01
         vertex 1.082055e+01 3.650903e+02 -2.660629e+01
      endloop
   endfacet
   facet normal 4.025881e-01 3.131860e-01 -8.601380e-01
      outer loop
         vertex 1.740126e+01 3.425338e+02 -3.268188e+01
         vertex 2.090904e+01 3.199311e+02 -3.926996e+01
         vertex 1.676045e+01 3.199311e+02 -4.121172e+01
      endloop
   endfacet
   facet normal 4.025882e-01 3.131859e-01 -8.601380e-01
      outer loop
         vertex 1.740126e+01 3.425338e+02 -3.268188e+01
         vertex 1.676045e+01 3.199311e+02 -4.121172e+01
         vertex 1.394865e+01 3.425338e+02 -3.429787e+01
      endloop
   endfacet
   facet normal 4.066300e-01 2.826410e-01 -8.687727e-01
      outer loop
         vertex 2.090904e+01 3.199311e+02 -3.926996e+01
         vertex 2.366661e+01 3.000446e+02 -4.444904e+01
         vertex 1.897088e+01 3.000446e+02 -4.664688e+01
      endloop
   endfacet
   facet normal 4.066296e-01 2.826411e-01 -8.687729e-01
      outer loop
         vertex 2.090904e+01 3.199311e+02 -3.926996e+01
         vertex 1.897088e+01 3.000446e+02 -4.664688e+01
         vertex 1.676045e+01 3.199311e+02 -4.121172e+01
      endloop
   endfacet
   facet normal 4.085324e-01 2.669342e-01 -8.728387e-01
      outer loop
         vertex 2.366661e+01 3.000446e+02 -4.444904e+01
         vertex 2.388338e+01 2.983816e+02 -4.485616e+01
         vertex 1.914464e+01 2.983816e+02 -4.707412e+01
      endloop
   endfacet
   facet normal 4.085332e-01 2.669322e-01 -8.728389e-01
      outer loop
         vertex 2.366661e+01 3.000446e+02 -4.444904e+01
         vertex 1.914464e+01 2.983816e+02 -4.707412e+01
         vertex 1.897088e+01 3.000446e+02 -4.664688e+01
      endloop
   endfacet
   facet normal 4.089570e-01 2.632928e-01 -8.737454e-01
      outer loop
         vertex 2.388338e+01 2.983816e+02 -4.485616e+01
         vertex 2.431102e+01 2.950520e+02 -4.565933e+01
         vertex 1.948743e+01 2.950520e+02 -4.791701e+01
      endloop
   endfacet
   facet normal 4.089568e-01 2.632932e-01 -8.737454e-01
      outer loop
         vertex 2.388338e+01 2.983816e+02 -4.485616e+01
         vertex 1.948743e+01 2.950520e+02 -4.791701e+01
         vertex 1.914464e+01 2.983816e+02 -4.707412e+01
      endloop
   endfacet
   facet normal 4.097883e-01 2.559974e-01 -8.755221e-01
      outer loop
         vertex 2.431102e+01 2.950520e+02 -4.565933e+01
         vertex 2.514272e+01 2.883784e+02 -4.722138e+01
         vertex 2.015412e+01 2.883784e+02 -4.955630e+01
      endloop
   endfacet
   facet normal 4.097886e-01 2.559972e-01 -8.755220e-01
      outer loop
         vertex 2.431102e+01 2.950520e+02 -4.565933e+01
         vertex 2.015412e+01 2.883784e+02 -4.955630e+01
         vertex 1.948743e+01 2.950520e+02 -4.791701e+01
      endloop
   endfacet
   facet normal 4.113799e-01 2.413770e-01 -8.789219e-01
      outer loop
         vertex 2.514272e+01 2.883784e+02 -4.722138e+01
         vertex 2.671148e+01 2.749764e+02 -5.016770e+01
         vertex 2.141161e+01 2.749764e+02 -5.264831e+01
      endloop
   endfacet
   facet normal 4.113797e-01 2.413772e-01 -8.789220e-01
      outer loop
         vertex 2.514272e+01 2.883784e+02 -4.722138e+01
         vertex 2.141161e+01 2.749764e+02 -5.264831e+01
         vertex 2.015412e+01 2.883784e+02 -4.955630e+01
      endloop
   endfacet
   facet normal 4.140013e-01 2.149936e-01 -8.845229e-01
      outer loop
         vertex 2.671148e+01 2.749764e+02 -5.016770e+01
         vertex 2.908213e+01 2.520934e+02 -5.462010e+01
         vertex 2.331190e+01 2.520934e+02 -5.732086e+01
      endloop
   endfacet
   facet normal 4.140014e-01 2.149935e-01 -8.845228e-01
      outer loop
         vertex 2.671148e+01 2.749764e+02 -5.016770e+01
         vertex 2.331190e+01 2.520934e+02 -5.732086e+01
         vertex 2.141161e+01 2.749764e+02 -5.264831e+01
      endloop
   endfacet
   facet normal 4.168672e-01 1.815784e-01 -8.906464e-01
      outer loop
         vertex 2.908213e+01 2.520934e+02 -5.462010e+01
         vertex 3.108454e+01 2.290494e+02 -5.838090e+01
         vertex 2.491701e+01 2.290494e+02 -6.126762e+01
      endloop
   endfacet
   facet normal 4.168674e-01 1.815783e-01 -8.906463e-01
      outer loop
         vertex 2.908213e+01 2.520934e+02 -5.462010e+01
         vertex 2.491701e+01 2.290494e+02 -6.126762e+01
         vertex 2.331190e+01 2.520934e+02 -5.732086e+01
      endloop
   endfacet
   facet normal 4.184935e-01 1.594135e-01 -8.941200e-01
      outer loop
         vertex 3.108454e+01 2.290494e+02 -5.838090e+01
         vertex 3.164332e+01 2.216963e+02 -5.943036e+01
         vertex 2.536492e+01 2.216963e+02 -6.236897e+01
      endloop
   endfacet
   facet normal 4.184930e-01 1.594139e-01 -8.941201e-01
      outer loop
         vertex 3.108454e+01 2.290494e+02 -5.838090e+01
         vertex 2.536492e+01 2.216963e+02 -6.236897e+01
         vertex 2.491701e+01 2.290494e+02 -6.126762e+01
      endloop
   endfacet
   facet normal 4.189414e-01 1.527229e-01 -8.950776e-01
      outer loop
         vertex 3.164332e+01 2.216963e+02 -5.943036e+01
         vertex 3.177593e+01 2.198728e+02 -5.967942e+01
         vertex 2.547122e+01 2.198728e+02 -6.263034e+01
      endloop
   endfacet
   facet normal 4.189417e-01 1.527218e-01 -8.950776e-01
      outer loop
         vertex 3.164332e+01 2.216963e+02 -5.943036e+01
         vertex 2.547122e+01 2.198728e+02 -6.263034e+01
         vertex 2.536492e+01 2.216963e+02 -6.236897e+01
      endloop
   endfacet
   facet normal 4.191982e-01 1.487539e-01 -8.956256e-01
      outer loop
         vertex 3.177593e+01 2.198728e+02 -5.967942e+01
         vertex 3.203425e+01 2.162238e+02 -6.016458e+01
         vertex 2.567828e+01 2.162238e+02 -6.313949e+01
      endloop
   endfacet
   facet normal 4.191979e-01 1.487543e-01 -8.956256e-01
      outer loop
         vertex 3.177593e+01 2.198728e+02 -5.967942e+01
         vertex 2.567828e+01 2.162238e+02 -6.313949e+01
         vertex 2.547122e+01 2.198728e+02 -6.263034e+01
      endloop
   endfacet
   facet normal 4.196875e-01 1.408618e-01 -8.966718e-01
      outer loop
         vertex 3.203425e+01 2.162238e+02 -6.016458e+01
         vertex 3.252343e+01 2.089180e+02 -6.108332e+01
         vertex 2.607040e+01 2.089180e+02 -6.410366e+01
      endloop
   endfacet
   facet normal 4.196878e-01 1.408615e-01 -8.966717e-01
      outer loop
         vertex 3.203425e+01 2.162238e+02 -6.016458e+01
         vertex 2.607040e+01 2.089180e+02 -6.410366e+01
         vertex 2.567828e+01 2.162238e+02 -6.313949e+01
      endloop
   endfacet
   facet normal 4.205748e-01 1.252783e-01 -8.985667e-01
      outer loop
         vertex 3.252343e+01 2.089180e+02 -6.108332e+01
         vertex 3.339339e+01 1.942780e+02 -6.271723e+01
         vertex 2.676776e+01 1.942780e+02 -6.581837e+01
      endloop
   endfacet
   facet normal 4.205745e-01 1.252785e-01 -8.985668e-01
      outer loop
         vertex 3.252343e+01 2.089180e+02 -6.108332e+01
         vertex 2.676776e+01 1.942780e+02 -6.581837e+01
         vertex 2.607040e+01 2.089180e+02 -6.410366e+01
      endloop
   endfacet
   facet normal 4.218474e-01 9.864205e-02 -9.012849e-01
      outer loop
         vertex 3.339339e+01 1.942780e+02 -6.271723e+01
         vertex 3.450533e+01 1.704415e+02 -6.480560e+01
         vertex 2.765907e+01 1.704415e+02 -6.801000e+01
      endloop
   endfacet
   facet normal 4.218471e-01 9.864215e-02 -9.012850e-01
      outer loop
         vertex 3.339339e+01 1.942780e+02 -6.271723e+01
         vertex 2.765907e+01 1.704415e+02 -6.801000e+01
         vertex 2.676776e+01 1.942780e+02 -6.581837e+01
      endloop
   endfacet
   facet normal 4.230007e-01 6.562696e-02 -9.037497e-01
      outer loop
         vertex 3.450533e+01 1.704415e+02 -6.480560e+01
         vertex 3.529774e+01 1.448394e+02 -6.629385e+01
         vertex 2.829426e+01 1.448394e+02 -6.957183e+01
      endloop
   endfacet
   facet normal 4.230010e-01 6.562686e-02 -9.037495e-01
      outer loop
         vertex 3.450533e+01 1.704415e+02 -6.480560e+01
         vertex 2.829426e+01 1.448394e+02 -6.957183e+01
         vertex 2.765907e+01 1.704415e+02 -6.801000e+01
      endloop
   endfacet
   facet normal 3.083648e-01 3.450473e-01 -8.864838e-01
      outer loop
         vertex 1.082055e+01 3.650903e+02 -2.660629e+01
         vertex 1.394865e+01 3.425338e+02 -3.429787e+01
         vertex 1.034818e+01 3.425338e+02 -3.555030e+01
      endloop
   endfacet
   facet normal 3.083647e-01 3.450474e-01 -8.864838e-01
      outer loop
         vertex 1.082055e+01 3.650903e+02 -2.660629e+01
         vertex 1.034818e+01 3.425338e+02 -3.555030e+01
         vertex 8.027513e+00 3.650903e+02 -2.757786e+01
      endloop
   endfacet
   facet normal 3.120139e-01 3.131859e-01 -8.969737e-01
      outer loop
         vertex 1.394865e+01 3.425338e+02 -3.429787e+01
         vertex 1.676045e+01 3.199311e+02 -4.121172e+01
         vertex 1.243418e+01 3.199311e+02 -4.271661e+01
      endloop
   endfacet
   facet normal 3.120138e-01 3.131860e-01 -8.969738e-01
      outer loop
         vertex 1.394865e+01 3.425338e+02 -3.429787e+01
         vertex 1.243418e+01 3.199311e+02 -4.271661e+01
         vertex 1.034818e+01 3.425338e+02 -3.555030e+01
      endloop
   endfacet
   facet normal 3.151460e-01 2.826411e-01 -9.059785e-01
      outer loop
         vertex 1.676045e+01 3.199311e+02 -4.121172e+01
         vertex 1.897088e+01 3.000446e+02 -4.664688e+01
         vertex 1.407405e+01 3.000446e+02 -4.835025e+01
      endloop
   endfacet
   facet normal 3.151462e-01 2.826411e-01 -9.059784e-01
      outer loop
         vertex 1.676045e+01 3.199311e+02 -4.121172e+01
         vertex 1.407405e+01 3.000446e+02 -4.835025e+01
         vertex 1.243418e+01 3.199311e+02 -4.271661e+01
      endloop
   endfacet
   facet normal 3.166212e-01 2.669322e-01 -9.102188e-01
      outer loop
         vertex 1.897088e+01 3.000446e+02 -4.664688e+01
         vertex 1.914464e+01 2.983816e+02 -4.707412e+01
         vertex 1.420296e+01 2.983816e+02 -4.879309e+01
      endloop
   endfacet
   facet normal 3.166210e-01 2.669328e-01 -9.102187e-01
      outer loop
         vertex 1.897088e+01 3.000446e+02 -4.664688e+01
         vertex 1.420296e+01 2.983816e+02 -4.879309e+01
         vertex 1.407405e+01 3.000446e+02 -4.835025e+01
      endloop
   endfacet
   facet normal 3.169502e-01 2.632932e-01 -9.111637e-01
      outer loop
         vertex 1.914464e+01 2.983816e+02 -4.707412e+01
         vertex 1.948743e+01 2.950520e+02 -4.791701e+01
         vertex 1.445727e+01 2.950520e+02 -4.966676e+01
      endloop
   endfacet
   facet normal 3.169499e-01 2.632935e-01 -9.111637e-01
      outer loop
         vertex 1.914464e+01 2.983816e+02 -4.707412e+01
         vertex 1.445727e+01 2.950520e+02 -4.966676e+01
         vertex 1.420296e+01 2.983816e+02 -4.879309e+01
      endloop
   endfacet
   facet normal 3.175946e-01 2.559972e-01 -9.130165e-01
      outer loop
         vertex 1.948743e+01 2.950520e+02 -4.791701e+01
         vertex 2.015412e+01 2.883784e+02 -4.955630e+01
         vertex 1.495187e+01 2.883784e+02 -5.136591e+01
      endloop
   endfacet
   facet normal 3.175946e-01 2.559971e-01 -9.130165e-01
      outer loop
         vertex 1.948743e+01 2.950520e+02 -4.791701e+01
         vertex 1.495187e+01 2.883784e+02 -5.136591e+01
         vertex 1.445727e+01 2.950520e+02 -4.966676e+01
      endloop
   endfacet
   facet normal 3.188278e-01 2.413772e-01 -9.165620e-01
      outer loop
         vertex 2.015412e+01 2.883784e+02 -4.955630e+01
         vertex 2.141161e+01 2.749764e+02 -5.264831e+01
         vertex 1.588477e+01 2.749764e+02 -5.457083e+01
      endloop
   endfacet
   facet normal 3.188279e-01 2.413771e-01 -9.165620e-01
      outer loop
         vertex 2.015412e+01 2.883784e+02 -4.955630e+01
         vertex 1.588477e+01 2.749764e+02 -5.457083e+01
         vertex 1.495187e+01 2.883784e+02 -5.136591e+01
      endloop
   endfacet
   facet normal 3.208600e-01 2.149935e-01 -9.224027e-01
      outer loop
         vertex 2.141161e+01 2.749764e+02 -5.264831e+01
         vertex 2.331190e+01 2.520934e+02 -5.732086e+01
         vertex 1.729455e+01 2.520934e+02 -5.941401e+01
      endloop
   endfacet
   facet normal 3.208595e-01 2.149937e-01 -9.224028e-01
      outer loop
         vertex 2.141161e+01 2.749764e+02 -5.264831e+01
         vertex 1.729455e+01 2.520934e+02 -5.941401e+01
         vertex 1.588477e+01 2.749764e+02 -5.457083e+01
      endloop
   endfacet
   facet normal 3.230810e-01 1.815783e-01 -9.287885e-01
      outer loop
         vertex 2.331190e+01 2.520934e+02 -5.732086e+01
         vertex 2.491701e+01 2.290494e+02 -6.126762e+01
         vertex 1.848535e+01 2.290494e+02 -6.350488e+01
      endloop
   endfacet
   facet normal 3.230812e-01 1.815782e-01 -9.287884e-01
      outer loop
         vertex 2.331190e+01 2.520934e+02 -5.732086e+01
         vertex 1.848535e+01 2.290494e+02 -6.350488e+01
         vertex 1.729455e+01 2.520934e+02 -5.941401e+01
      endloop
   endfacet
   facet normal 3.243407e-01 1.594139e-01 -9.324110e-01
      outer loop
         vertex 2.491701e+01 2.290494e+02 -6.126762e+01
         vertex 2.536492e+01 2.216963e+02 -6.236897e+01
         vertex 1.881764e+01 2.216963e+02 -6.464645e+01
      endloop
   endfacet
   facet normal 3.243410e-01 1.594136e-01 -9.324110e-01
      outer loop
         vertex 2.491701e+01 2.290494e+02 -6.126762e+01
         vertex 1.881764e+01 2.216963e+02 -6.464645e+01
         vertex 1.848535e+01 2.290494e+02 -6.350488e+01
      endloop
   endfacet
   facet normal 3.246886e-01 1.527218e-01 -9.334095e-01
      outer loop
         vertex 2.536492e+01 2.216963e+02 -6.236897e+01
         vertex 2.547122e+01 2.198728e+02 -6.263034e+01
         vertex 1.889650e+01 2.198728e+02 -6.491737e+01
      endloop
   endfacet
   facet normal 3.246880e-01 1.527238e-01 -9.334094e-01
      outer loop
         vertex 2.536492e+01 2.216963e+02 -6.236897e+01
         vertex 1.889650e+01 2.198728e+02 -6.491737e+01
         vertex 1.881764e+01 2.216963e+02 -6.464645e+01
      endloop
   endfacet
   facet normal 3.248864e-01 1.487543e-01 -9.339812e-01
      outer loop
         vertex 2.547122e+01 2.198728e+02 -6.263034e+01
         vertex 2.567828e+01 2.162238e+02 -6.313949e+01
         vertex 1.905012e+01 2.162238e+02 -6.544511e+01
      endloop
   endfacet
   facet normal 3.248875e-01 1.487525e-01 -9.339812e-01
      outer loop
         vertex 2.547122e+01 2.198728e+02 -6.263034e+01
         vertex 1.905012e+01 2.162238e+02 -6.544511e+01
         vertex 1.889650e+01 2.198728e+02 -6.491737e+01
      endloop
   endfacet
   facet normal 3.252666e-01 1.408615e-01 -9.350720e-01
      outer loop
         vertex 2.567828e+01 2.162238e+02 -6.313949e+01
         vertex 2.607040e+01 2.089180e+02 -6.410366e+01
         vertex 1.934102e+01 2.089180e+02 -6.644449e+01
      endloop
   endfacet
   facet normal 3.252659e-01 1.408622e-01 -9.350721e-01
      outer loop
         vertex 2.567828e+01 2.162238e+02 -6.313949e+01
         vertex 1.934102e+01 2.089180e+02 -6.644449e+01
         vertex 1.905012e+01 2.162238e+02 -6.544511e+01
      endloop
   endfacet
   facet normal 3.259532e-01 1.252785e-01 -9.370485e-01
      outer loop
         vertex 2.607040e+01 2.089180e+02 -6.410366e+01
         vertex 2.676776e+01 1.942780e+02 -6.581837e+01
         vertex 1.985837e+01 1.942780e+02 -6.822180e+01
      endloop
   endfacet
   facet normal 3.259541e-01 1.252780e-01 -9.370482e-01
      outer loop
         vertex 2.607040e+01 2.089180e+02 -6.410366e+01
         vertex 1.985837e+01 1.942780e+02 -6.822180e+01
         vertex 1.934102e+01 2.089180e+02 -6.644449e+01
      endloop
   endfacet
   facet normal 3.269395e-01 9.864215e-02 -9.398831e-01
      outer loop
         vertex 2.676776e+01 1.942780e+02 -6.581837e+01
         vertex 2.765907e+01 1.704415e+02 -6.801000e+01
         vertex 2.051962e+01 1.704415e+02 -7.049347e+01
      endloop
   endfacet
   facet normal 3.269392e-01 9.864224e-02 -9.398832e-01
      outer loop
         vertex 2.676776e+01 1.942780e+02 -6.581837e+01
         vertex 2.051962e+01 1.704415e+02 -7.049347e+01
         vertex 1.985837e+01 1.942780e+02 -6.822180e+01
      endloop
   endfacet
   facet normal 3.278341e-01 6.562687e-02 -9.424531e-01
      outer loop
         vertex 2.765907e+01 1.704415e+02 -6.801000e+01
         vertex 2.829426e+01 1.448394e+02 -6.957183e+01
         vertex 2.099085e+01 1.448394e+02 -7.211234e+01
      endloop
   endfacet
   facet normal 3.278335e-01 6.562706e-02 -9.424533e-01
      outer loop
         vertex 2.765907e+01 1.704415e+02 -6.801000e+01
         vertex 2.099085e+01 1.448394e+02 -7.211234e+01
         vertex 2.051962e+01 1.704415e+02 -7.049347e+01
      endloop
   endfacet
   facet normal 2.155813e-01 3.450474e-01 -9.134917e-01
      outer loop
         vertex 8.027513e+00 3.650903e+02 -2.757786e+01
         vertex 1.034818e+01 3.425338e+02 -3.555030e+01
         vertex 6.638011e+00 3.425338e+02 -3.642589e+01
      endloop
   endfacet
   facet normal 2.155818e-01 3.450473e-01 -9.134916e-01
      outer loop
         vertex 8.027513e+00 3.650903e+02 -2.757786e+01
         vertex 6.638011e+00 3.425338e+02 -3.642589e+01
         vertex 5.149383e+00 3.650903e+02 -2.825709e+01
      endloop
   endfacet
   facet normal 2.181329e-01 3.131860e-01 -9.243011e-01
      outer loop
         vertex 1.034818e+01 3.425338e+02 -3.555030e+01
         vertex 1.243418e+01 3.199311e+02 -4.271661e+01
         vertex 7.976116e+00 3.199311e+02 -4.376871e+01
      endloop
   endfacet
   facet normal 2.181323e-01 3.131861e-01 -9.243012e-01
      outer loop
         vertex 1.034818e+01 3.425338e+02 -3.555030e+01
         vertex 7.976116e+00 3.199311e+02 -4.376871e+01
         vertex 6.638011e+00 3.425338e+02 -3.642589e+01
      endloop
   endfacet
   facet normal 2.203224e-01 2.826411e-01 -9.335803e-01
      outer loop
         vertex 1.243418e+01 3.199311e+02 -4.271661e+01
         vertex 1.407405e+01 3.000446e+02 -4.835025e+01
         vertex 9.028038e+00 3.000446e+02 -4.954110e+01
      endloop
   endfacet
   facet normal 2.203227e-01 2.826410e-01 -9.335802e-01
      outer loop
         vertex 1.243418e+01 3.199311e+02 -4.271661e+01
         vertex 9.028038e+00 3.000446e+02 -4.954110e+01
         vertex 7.976116e+00 3.199311e+02 -4.376871e+01
      endloop
   endfacet
   facet normal 2.213540e-01 2.669328e-01 -9.379495e-01
      outer loop
         vertex 1.407405e+01 3.000446e+02 -4.835025e+01
         vertex 1.420296e+01 2.983816e+02 -4.879309e+01
         vertex 9.110727e+00 2.983816e+02 -4.999485e+01
      endloop
   endfacet
   facet normal 2.213534e-01 2.669343e-01 -9.379492e-01
      outer loop
         vertex 1.407405e+01 3.000446e+02 -4.835025e+01
         vertex 9.110727e+00 2.983816e+02 -4.999485e+01
         vertex 9.028038e+00 3.000446e+02 -4.954110e+01
      endloop
   endfacet
   facet normal 2.215833e-01 2.632935e-01 -9.389235e-01
      outer loop
         vertex 1.420296e+01 2.983816e+02 -4.879309e+01
         vertex 1.445727e+01 2.950520e+02 -4.966676e+01
         vertex 9.273859e+00 2.950520e+02 -5.089003e+01
      endloop
   endfacet
   facet normal 2.215839e-01 2.632926e-01 -9.389236e-01
      outer loop
         vertex 1.420296e+01 2.983816e+02 -4.879309e+01
         vertex 9.273859e+00 2.950520e+02 -5.089003e+01
         vertex 9.110727e+00 2.983816e+02 -4.999485e+01
      endloop
   endfacet
   facet normal 2.220342e-01 2.559971e-01 -9.408328e-01
      outer loop
         vertex 1.445727e+01 2.950520e+02 -4.966676e+01
         vertex 1.495187e+01 2.883784e+02 -5.136591e+01
         vertex 9.591127e+00 2.883784e+02 -5.263103e+01
      endloop
   endfacet
   facet normal 2.220339e-01 2.559973e-01 -9.408328e-01
      outer loop
         vertex 1.445727e+01 2.950520e+02 -4.966676e+01
         vertex 9.591127e+00 2.883784e+02 -5.263103e+01
         vertex 9.273859e+00 2.950520e+02 -5.089003e+01
      endloop
   endfacet
   facet normal 2.228961e-01 2.413771e-01 -9.444863e-01
      outer loop
         vertex 1.495187e+01 2.883784e+02 -5.136591e+01
         vertex 1.588477e+01 2.749764e+02 -5.457083e+01
         vertex 1.018955e+01 2.749764e+02 -5.591488e+01
      endloop
   endfacet
   facet normal 2.228964e-01 2.413770e-01 -9.444863e-01
      outer loop
         vertex 1.495187e+01 2.883784e+02 -5.136591e+01
         vertex 1.018955e+01 2.749764e+02 -5.591488e+01
         vertex 9.591127e+00 2.883784e+02 -5.263103e+01
      endloop
   endfacet
   facet normal 2.243165e-01 2.149937e-01 -9.505050e-01
      outer loop
         vertex 1.588477e+01 2.749764e+02 -5.457083e+01
         vertex 1.729455e+01 2.520934e+02 -5.941401e+01
         vertex 1.109388e+01 2.520934e+02 -6.087735e+01
      endloop
   endfacet
   facet normal 2.243165e-01 2.149937e-01 -9.505050e-01
      outer loop
         vertex 1.588477e+01 2.749764e+02 -5.457083e+01
         vertex 1.109388e+01 2.520934e+02 -6.087735e+01
         vertex 1.018955e+01 2.749764e+02 -5.591488e+01
      endloop
   endfacet
   facet normal 2.258701e-01 1.815783e-01 -9.570852e-01
      outer loop
         vertex 1.729455e+01 2.520934e+02 -5.941401e+01
         vertex 1.848535e+01 2.290494e+02 -6.350488e+01
         vertex 1.185774e+01 2.290494e+02 -6.506898e+01
      endloop
   endfacet
   facet normal 2.258694e-01 1.815784e-01 -9.570853e-01
      outer loop
         vertex 1.729455e+01 2.520934e+02 -5.941401e+01
         vertex 1.185774e+01 2.290494e+02 -6.506898e+01
         vertex 1.109388e+01 2.520934e+02 -6.087735e+01
      endloop
   endfacet
   facet normal 2.267508e-01 1.594136e-01 -9.608181e-01
      outer loop
         vertex 1.848535e+01 2.290494e+02 -6.350488e+01
         vertex 1.881764e+01 2.216963e+02 -6.464645e+01
         vertex 1.207089e+01 2.216963e+02 -6.623866e+01
      endloop
   endfacet
   facet normal 2.267511e-01 1.594134e-01 -9.608181e-01
      outer loop
         vertex 1.848535e+01 2.290494e+02 -6.350488e+01
         vertex 1.207089e+01 2.216963e+02 -6.623866e+01
         vertex 1.185774e+01 2.290494e+02 -6.506898e+01
      endloop
   endfacet
   facet normal 2.269929e-01 1.527238e-01 -9.618470e-01
      outer loop
         vertex 1.881764e+01 2.216963e+02 -6.464645e+01
         vertex 1.889650e+01 2.198728e+02 -6.491737e+01
         vertex 1.212148e+01 2.198728e+02 -6.651626e+01
      endloop
   endfacet
   facet normal 2.269937e-01 1.527213e-01 -9.618472e-01
      outer loop
         vertex 1.881764e+01 2.216963e+02 -6.464645e+01
         vertex 1.212148e+01 2.198728e+02 -6.651626e+01
         vertex 1.207089e+01 2.216963e+02 -6.623866e+01
      endloop
   endfacet
   facet normal 2.271324e-01 1.487525e-01 -9.624363e-01
      outer loop
         vertex 1.889650e+01 2.198728e+02 -6.491737e+01
         vertex 1.905012e+01 2.162238e+02 -6.544511e+01
         vertex 1.222002e+01 2.162238e+02 -6.705699e+01
      endloop
   endfacet
   facet normal 2.271320e-01 1.487532e-01 -9.624363e-01
      outer loop
         vertex 1.889650e+01 2.198728e+02 -6.491737e+01
         vertex 1.222002e+01 2.162238e+02 -6.705699e+01
         vertex 1.212148e+01 2.198728e+02 -6.651626e+01
      endloop
   endfacet
   facet normal 2.273973e-01 1.408622e-01 -9.635602e-01
      outer loop
         vertex 1.905012e+01 2.162238e+02 -6.544511e+01
         vertex 1.934102e+01 2.089180e+02 -6.644449e+01
         vertex 1.240662e+01 2.089180e+02 -6.808099e+01
      endloop
   endfacet
   facet normal 2.273976e-01 1.408620e-01 -9.635602e-01
      outer loop
         vertex 1.905012e+01 2.162238e+02 -6.544511e+01
         vertex 1.240662e+01 2.089180e+02 -6.808099e+01
         vertex 1.222002e+01 2.162238e+02 -6.705699e+01
      endloop
   endfacet
   facet normal 2.278783e-01 1.252780e-01 -9.655966e-01
      outer loop
         vertex 1.934102e+01 2.089180e+02 -6.644449e+01
         vertex 1.985837e+01 1.942780e+02 -6.822180e+01
         vertex 1.273849e+01 1.942780e+02 -6.990208e+01
      endloop
   endfacet
   facet normal 2.278780e-01 1.252782e-01 -9.655967e-01
      outer loop
         vertex 1.934102e+01 2.089180e+02 -6.644449e+01
         vertex 1.273849e+01 1.942780e+02 -6.990208e+01
         vertex 1.240662e+01 2.089180e+02 -6.808099e+01
      endloop
   endfacet
   facet normal 2.285682e-01 9.864224e-02 -9.685176e-01
      outer loop
         vertex 1.985837e+01 1.942780e+02 -6.822180e+01
         vertex 2.051962e+01 1.704415e+02 -7.049347e+01
         vertex 1.316266e+01 1.704415e+02 -7.222970e+01
      endloop
   endfacet
   facet normal 2.285677e-01 9.864239e-02 -9.685177e-01
      outer loop
         vertex 1.985837e+01 1.942780e+02 -6.822180e+01
         vertex 1.316266e+01 1.704415e+02 -7.222970e+01
         vertex 1.273849e+01 1.942780e+02 -6.990208e+01
      endloop
   endfacet
   facet normal 2.291922e-01 6.562706e-02 -9.711663e-01
      outer loop
         vertex 2.051962e+01 1.704415e+02 -7.049347e+01
         vertex 2.099085e+01 1.448394e+02 -7.211234e+01
         vertex 1.346493e+01 1.448394e+02 -7.388843e+01
      endloop
   endfacet
   facet normal 2.291932e-01 6.562675e-02 -9.711661e-01
      outer loop
         vertex 2.051962e+01 1.704415e+02 -7.049347e+01
         vertex 1.346493e+01 1.448394e+02 -7.388843e+01
         vertex 1.316266e+01 1.704415e+02 -7.222970e+01
      endloop
   endfacet
   facet normal 1.205134e-01 3.450473e-01 -9.308162e-01
      outer loop
         vertex 5.149383e+00 3.650903e+02 -2.825709e+01
         vertex 6.638011e+00 3.425338e+02 -3.642589e+01
         vertex 2.857482e+00 3.425338e+02 -3.691536e+01
      endloop
   endfacet
   facet normal 1.205126e-01 3.450474e-01 -9.308163e-01
      outer loop
         vertex 5.149383e+00 3.650903e+02 -2.825709e+01
         vertex 2.857482e+00 3.425338e+02 -3.691536e+01
         vertex 2.216668e+00 3.650903e+02 -2.863679e+01
      endloop
   endfacet
   facet normal 1.219385e-01 3.131860e-01 -9.418309e-01
      outer loop
         vertex 6.638011e+00 3.425338e+02 -3.642589e+01
         vertex 7.976116e+00 3.199311e+02 -4.376871e+01
         vertex 3.433500e+00 3.199311e+02 -4.435684e+01
      endloop
   endfacet
   facet normal 1.219395e-01 3.131859e-01 -9.418309e-01
      outer loop
         vertex 6.638011e+00 3.425338e+02 -3.642589e+01
         vertex 3.433500e+00 3.199311e+02 -4.435684e+01
         vertex 2.857482e+00 3.425338e+02 -3.691536e+01
      endloop
   endfacet
   facet normal 1.231632e-01 2.826410e-01 -9.512859e-01
      outer loop
         vertex 7.976116e+00 3.199311e+02 -4.376871e+01
         vertex 9.028038e+00 3.000446e+02 -4.954110e+01
         vertex 3.886323e+00 3.000446e+02 -5.020679e+01
      endloop
   endfacet
   facet normal 1.231627e-01 2.826411e-01 -9.512860e-01
      outer loop
         vertex 7.976116e+00 3.199311e+02 -4.376871e+01
         vertex 3.886323e+00 3.000446e+02 -5.020679e+01
         vertex 3.433500e+00 3.199311e+02 -4.435684e+01
      endloop
   endfacet
   facet normal 1.237393e-01 2.669343e-01 -9.557377e-01
      outer loop
         vertex 9.028038e+00 3.000446e+02 -4.954110e+01
         vertex 9.110727e+00 2.983816e+02 -4.999485e+01
         vertex 3.921919e+00 2.983816e+02 -5.066665e+01
      endloop
   endfacet
   facet normal 1.237396e-01 2.669336e-01 -9.557379e-01
      outer loop
         vertex 9.028038e+00 3.000446e+02 -4.954110e+01
         vertex 3.921919e+00 2.983816e+02 -5.066665e+01
         vertex 3.886323e+00 3.000446e+02 -5.020679e+01
      endloop
   endfacet
   facet normal 1.238677e-01 2.632926e-01 -9.567308e-01
      outer loop
         vertex 9.110727e+00 2.983816e+02 -4.999485e+01
         vertex 9.273859e+00 2.950520e+02 -5.089003e+01
         vertex 3.992143e+00 2.950520e+02 -5.157386e+01
      endloop
   endfacet
   facet normal 1.238679e-01 2.632923e-01 -9.567308e-01
      outer loop
         vertex 9.110727e+00 2.983816e+02 -4.999485e+01
         vertex 3.992143e+00 2.950520e+02 -5.157386e+01
         vertex 3.921919e+00 2.983816e+02 -5.066665e+01
      endloop
   endfacet
   facet normal 1.241198e-01 2.559973e-01 -9.586760e-01
      outer loop
         vertex 9.273859e+00 2.950520e+02 -5.089003e+01
         vertex 9.591127e+00 2.883784e+02 -5.263103e+01
         vertex 4.128718e+00 2.883784e+02 -5.333825e+01
      endloop
   endfacet
   facet normal 1.241196e-01 2.559975e-01 -9.586760e-01
      outer loop
         vertex 9.273859e+00 2.950520e+02 -5.089003e+01
         vertex 4.128718e+00 2.883784e+02 -5.333825e+01
         vertex 3.992143e+00 2.950520e+02 -5.157386e+01
      endloop
   endfacet
   facet normal 1.246022e-01 2.413770e-01 -9.623988e-01
      outer loop
         vertex 9.591127e+00 2.883784e+02 -5.263103e+01
         vertex 1.018955e+01 2.749764e+02 -5.591488e+01
         vertex 4.386324e+00 2.749764e+02 -5.666623e+01
      endloop
   endfacet
   facet normal 1.246018e-01 2.413772e-01 -9.623988e-01
      outer loop
         vertex 9.591127e+00 2.883784e+02 -5.263103e+01
         vertex 4.386324e+00 2.749764e+02 -5.666623e+01
         vertex 4.128718e+00 2.883784e+02 -5.333825e+01
      endloop
   endfacet
   facet normal 1.253960e-01 2.149937e-01 -9.685317e-01
      outer loop
         vertex 1.018955e+01 2.749764e+02 -5.591488e+01
         vertex 1.109388e+01 2.520934e+02 -6.087735e+01
         vertex 4.775612e+00 2.520934e+02 -6.169538e+01
      endloop
   endfacet
   facet normal 1.253962e-01 2.149936e-01 -9.685316e-01
      outer loop
         vertex 1.018955e+01 2.749764e+02 -5.591488e+01
         vertex 4.775612e+00 2.520934e+02 -6.169538e+01
         vertex 4.386324e+00 2.749764e+02 -5.666623e+01
      endloop
   endfacet
   facet normal 1.262630e-01 1.815784e-01 -9.752369e-01
      outer loop
         vertex 1.109388e+01 2.520934e+02 -6.087735e+01
         vertex 1.185774e+01 2.290494e+02 -6.506898e+01
         vertex 5.104431e+00 2.290494e+02 -6.594333e+01
      endloop
   endfacet
   facet normal 1.262641e-01 1.815781e-01 -9.752368e-01
      outer loop
         vertex 1.109388e+01 2.520934e+02 -6.087735e+01
         vertex 5.104431e+00 2.290494e+02 -6.594333e+01
         vertex 4.775612e+00 2.520934e+02 -6.169538e+01
      endloop
   endfacet
   facet normal 1.267564e-01 1.594134e-01 -9.790404e-01
      outer loop
         vertex 1.185774e+01 2.290494e+02 -6.506898e+01
         vertex 1.207089e+01 2.216963e+02 -6.623866e+01
         vertex 5.196188e+00 2.216963e+02 -6.712873e+01
      endloop
   endfacet
   facet normal 1.267554e-01 1.594143e-01 -9.790404e-01
      outer loop
         vertex 1.185774e+01 2.290494e+02 -6.506898e+01
         vertex 5.196188e+00 2.216963e+02 -6.712873e+01
         vertex 5.104431e+00 2.290494e+02 -6.594333e+01
      endloop
   endfacet
   facet normal 1.268923e-01 1.527213e-01 -9.800891e-01
      outer loop
         vertex 1.207089e+01 2.216963e+02 -6.623866e+01
         vertex 1.212148e+01 2.198728e+02 -6.651626e+01
         vertex 5.217965e+00 2.198728e+02 -6.741006e+01
      endloop
   endfacet
   facet normal 1.268922e-01 1.527216e-01 -9.800890e-01
      outer loop
         vertex 1.207089e+01 2.216963e+02 -6.623866e+01
         vertex 5.217965e+00 2.198728e+02 -6.741006e+01
         vertex 5.196188e+00 2.216963e+02 -6.712873e+01
      endloop
   endfacet
   facet normal 1.269706e-01 1.487532e-01 -9.806890e-01
      outer loop
         vertex 1.212148e+01 2.198728e+02 -6.651626e+01
         vertex 1.222002e+01 2.162238e+02 -6.705699e+01
         vertex 5.260384e+00 2.162238e+02 -6.795806e+01
      endloop
   endfacet
   facet normal 1.269699e-01 1.487544e-01 -9.806889e-01
      outer loop
         vertex 1.212148e+01 2.198728e+02 -6.651626e+01
         vertex 5.260384e+00 2.162238e+02 -6.795806e+01
         vertex 5.217965e+00 2.198728e+02 -6.741006e+01
      endloop
   endfacet
   facet normal 1.271184e-01 1.408620e-01 -9.818344e-01
      outer loop
         vertex 1.222002e+01 2.162238e+02 -6.705699e+01
         vertex 1.240662e+01 2.089180e+02 -6.808099e+01
         vertex 5.340712e+00 2.089180e+02 -6.899581e+01
      endloop
   endfacet
   facet normal 1.271189e-01 1.408615e-01 -9.818344e-01
      outer loop
         vertex 1.222002e+01 2.162238e+02 -6.705699e+01
         vertex 5.340712e+00 2.089180e+02 -6.899581e+01
         vertex 5.260384e+00 2.162238e+02 -6.795806e+01
      endloop
   endfacet
   facet normal 1.273866e-01 1.252782e-01 -9.839096e-01
      outer loop
         vertex 1.240662e+01 2.089180e+02 -6.808099e+01
         vertex 1.273849e+01 1.942780e+02 -6.990208e+01
         vertex 5.483570e+00 1.942780e+02 -7.084137e+01
      endloop
   endfacet
   facet normal 1.273870e-01 1.252780e-01 -9.839095e-01
      outer loop
         vertex 1.240662e+01 2.089180e+02 -6.808099e+01
         vertex 5.483570e+00 1.942780e+02 -7.084137e+01
         vertex 5.340712e+00 2.089180e+02 -6.899581e+01
      endloop
   endfacet
   facet normal 1.277715e-01 9.864239e-02 -9.868861e-01
      outer loop
         vertex 1.273849e+01 1.942780e+02 -6.990208e+01
         vertex 1.316266e+01 1.704415e+02 -7.222970e+01
         vertex 5.666163e+00 1.704415e+02 -7.320026e+01
      endloop
   endfacet
   facet normal 1.277720e-01 9.864223e-02 -9.868860e-01
      outer loop
         vertex 1.273849e+01 1.942780e+02 -6.990208e+01
         vertex 5.666163e+00 1.704415e+02 -7.320026e+01
         vertex 5.483570e+00 1.942780e+02 -7.084137e+01
      endloop
   endfacet
   facet normal 1.281214e-01 6.562675e-02 -9.895848e-01
      outer loop
         vertex 1.316266e+01 1.704415e+02 -7.222970e+01
         vertex 1.346493e+01 1.448394e+02 -7.388843e+01
         vertex 5.796285e+00 1.448394e+02 -7.488129e+01
      endloop
   endfacet
   facet normal 1.281209e-01 6.562692e-02 -9.895848e-01
      outer loop
         vertex 1.316266e+01 1.704415e+02 -7.222970e+01
         vertex 5.796285e+00 1.448394e+02 -7.488129e+01
         vertex 5.666163e+00 1.704415e+02 -7.320026e+01
      endloop
   endfacet
   facet normal 2.416636e-02 3.450474e-01 -9.382741e-01
      outer loop
         vertex 2.216668e+00 3.650903e+02 -2.863679e+01
         vertex 2.857482e+00 3.425338e+02 -3.691536e+01
         vertex -9.533368e-01 3.425338e+02 -3.701351e+01
      endloop
   endfacet
   facet normal 2.416656e-02 3.450474e-01 -9.382741e-01
      outer loop
         vertex 2.216668e+00 3.650903e+02 -2.863679e+01
         vertex -9.533368e-01 3.425338e+02 -3.701351e+01
         vertex -7.395431e-01 3.650903e+02 -2.871293e+01
      endloop
   endfacet
   facet normal 2.445256e-02 3.131859e-01 -9.493770e-01
      outer loop
         vertex 2.857482e+00 3.425338e+02 -3.691536e+01
         vertex 3.433500e+00 3.199311e+02 -4.435684e+01
         vertex -1.145513e+00 3.199311e+02 -4.447478e+01
      endloop
   endfacet
   facet normal 2.445233e-02 3.131859e-01 -9.493770e-01
      outer loop
         vertex 2.857482e+00 3.425338e+02 -3.691536e+01
         vertex -1.145513e+00 3.199311e+02 -4.447478e+01
         vertex -9.533368e-01 3.425338e+02 -3.701351e+01
      endloop
   endfacet
   facet normal 2.469771e-02 2.826411e-01 -9.589077e-01
      outer loop
         vertex 3.433500e+00 3.199311e+02 -4.435684e+01
         vertex 3.886323e+00 3.000446e+02 -5.020679e+01
         vertex -1.296587e+00 3.000446e+02 -5.034029e+01
      endloop
   endfacet
   facet normal 2.469804e-02 2.826410e-01 -9.589077e-01
      outer loop
         vertex 3.433500e+00 3.199311e+02 -4.435684e+01
         vertex -1.296587e+00 3.000446e+02 -5.034029e+01
         vertex -1.145513e+00 3.199311e+02 -4.447478e+01
      endloop
   endfacet
   facet normal 2.481364e-02 2.669336e-01 -9.633954e-01
      outer loop
         vertex 3.886323e+00 3.000446e+02 -5.020679e+01
         vertex 3.921919e+00 2.983816e+02 -5.066665e+01
         vertex -1.308463e+00 2.983816e+02 -5.080136e+01
      endloop
   endfacet
   facet normal 2.481329e-02 2.669346e-01 -9.633952e-01
      outer loop
         vertex 3.886323e+00 3.000446e+02 -5.020679e+01
         vertex -1.308463e+00 2.983816e+02 -5.080136e+01
         vertex -1.296587e+00 3.000446e+02 -5.034029e+01
      endloop
   endfacet
   facet normal 2.483988e-02 2.632923e-01 -9.643962e-01
      outer loop
         vertex 3.921919e+00 2.983816e+02 -5.066665e+01
         vertex 3.992143e+00 2.950520e+02 -5.157386e+01
         vertex -1.331892e+00 2.950520e+02 -5.171099e+01
      endloop
   endfacet
   facet normal 2.483941e-02 2.632930e-01 -9.643961e-01
      outer loop
         vertex 3.921919e+00 2.983816e+02 -5.066665e+01
         vertex -1.331892e+00 2.950520e+02 -5.171099e+01
         vertex -1.308463e+00 2.983816e+02 -5.080136e+01
      endloop
   endfacet
   facet normal 2.488983e-02 2.559975e-01 -9.663570e-01
      outer loop
         vertex 3.992143e+00 2.950520e+02 -5.157386e+01
         vertex 4.128718e+00 2.883784e+02 -5.333825e+01
         vertex -1.377457e+00 2.883784e+02 -5.348007e+01
      endloop
   endfacet
   facet normal 2.489038e-02 2.559971e-01 -9.663571e-01
      outer loop
         vertex 3.992143e+00 2.950520e+02 -5.157386e+01
         vertex -1.377457e+00 2.883784e+02 -5.348007e+01
         vertex -1.331892e+00 2.950520e+02 -5.171099e+01
      endloop
   endfacet
   facet normal 2.498610e-02 2.413771e-01 -9.701097e-01
      outer loop
         vertex 4.128718e+00 2.883784e+02 -5.333825e+01
         vertex 4.386324e+00 2.749764e+02 -5.666623e+01
         vertex -1.463402e+00 2.749764e+02 -5.681689e+01
      endloop
   endfacet
   facet normal 2.498649e-02 2.413770e-01 -9.701097e-01
      outer loop
         vertex 4.128718e+00 2.883784e+02 -5.333825e+01
         vertex -1.463402e+00 2.749764e+02 -5.681689e+01
         vertex -1.377457e+00 2.883784e+02 -5.348007e+01
      endloop
   endfacet
   facet normal 2.514574e-02 2.149936e-01 -9.762917e-01
      outer loop
         vertex 4.386324e+00 2.749764e+02 -5.666623e+01
         vertex 4.775612e+00 2.520934e+02 -6.169538e+01
         vertex -1.593279e+00 2.520934e+02 -6.185942e+01
      endloop
   endfacet
   facet normal 2.514532e-02 2.149937e-01 -9.762917e-01
      outer loop
         vertex 4.386324e+00 2.749764e+02 -5.666623e+01
         vertex -1.593279e+00 2.520934e+02 -6.185942e+01
         vertex -1.463402e+00 2.749764e+02 -5.681689e+01
      endloop
   endfacet
   facet normal 2.532046e-02 1.815781e-01 -9.830505e-01
      outer loop
         vertex 4.775612e+00 2.520934e+02 -6.169538e+01
         vertex 5.104431e+00 2.290494e+02 -6.594333e+01
         vertex -1.702982e+00 2.290494e+02 -6.611867e+01
      endloop
   endfacet
   facet normal 2.531982e-02 1.815783e-01 -9.830505e-01
      outer loop
         vertex 4.775612e+00 2.520934e+02 -6.169538e+01
         vertex -1.702982e+00 2.290494e+02 -6.611867e+01
         vertex -1.593279e+00 2.520934e+02 -6.185942e+01
      endloop
   endfacet
   facet normal 2.541799e-02 1.594142e-01 -9.868845e-01
      outer loop
         vertex 5.104431e+00 2.290494e+02 -6.594333e+01
         vertex 5.196188e+00 2.216963e+02 -6.712873e+01
         vertex -1.733595e+00 2.216963e+02 -6.730721e+01
      endloop
   endfacet
   facet normal 2.541922e-02 1.594131e-01 -9.868847e-01
      outer loop
         vertex 5.104431e+00 2.290494e+02 -6.594333e+01
         vertex -1.733595e+00 2.216963e+02 -6.730721e+01
         vertex -1.702982e+00 2.290494e+02 -6.611867e+01
      endloop
   endfacet
   facet normal 2.544626e-02 1.527216e-01 -9.879416e-01
      outer loop
         vertex 5.196188e+00 2.216963e+02 -6.712873e+01
         vertex 5.217965e+00 2.198728e+02 -6.741006e+01
         vertex -1.740860e+00 2.198728e+02 -6.758929e+01
      endloop
   endfacet
   facet normal 2.544520e-02 1.527255e-01 -9.879410e-01
      outer loop
         vertex 5.196188e+00 2.216963e+02 -6.712873e+01
         vertex -1.740860e+00 2.198728e+02 -6.758929e+01
         vertex -1.733595e+00 2.216963e+02 -6.730721e+01
      endloop
   endfacet
   facet normal 2.546078e-02 1.487544e-01 -9.885463e-01
      outer loop
         vertex 5.217965e+00 2.198728e+02 -6.741006e+01
         vertex 5.260384e+00 2.162238e+02 -6.795806e+01
         vertex -1.755013e+00 2.162238e+02 -6.813875e+01
      endloop
   endfacet
   facet normal 2.546184e-02 1.487525e-01 -9.885466e-01
      outer loop
         vertex 5.217965e+00 2.198728e+02 -6.741006e+01
         vertex -1.755013e+00 2.162238e+02 -6.813875e+01
         vertex -1.740860e+00 2.198728e+02 -6.758929e+01
      endloop
   endfacet
   facet normal 2.549195e-02 1.408615e-01 -9.897011e-01
      outer loop
         vertex 5.260384e+00 2.162238e+02 -6.795806e+01
         vertex 5.340712e+00 2.089180e+02 -6.899581e+01
         vertex -1.781812e+00 2.089180e+02 -6.917927e+01
      endloop
   endfacet
   facet normal 2.549051e-02 1.408628e-01 -9.897009e-01
      outer loop
         vertex 5.260384e+00 2.162238e+02 -6.795806e+01
         vertex -1.781812e+00 2.089180e+02 -6.917927e+01
         vertex -1.755013e+00 2.162238e+02 -6.813875e+01
      endloop
   endfacet
   facet normal 2.554561e-02 1.252780e-01 -9.917927e-01
      outer loop
         vertex 5.340712e+00 2.089180e+02 -6.899581e+01
         vertex 5.483570e+00 1.942780e+02 -7.084137e+01
         vertex -1.829474e+00 1.942780e+02 -7.102973e+01
      endloop
   endfacet
   facet normal 2.554582e-02 1.252779e-01 -9.917927e-01
      outer loop
         vertex 5.340712e+00 2.089180e+02 -6.899581e+01
         vertex -1.829474e+00 1.942780e+02 -7.102973e+01
         vertex -1.781812e+00 2.089180e+02 -6.917927e+01
      endloop
   endfacet
   facet normal 2.562279e-02 9.864223e-02 -9.947930e-01
      outer loop
         vertex 5.483570e+00 1.942780e+02 -7.084137e+01
         vertex 5.666163e+00 1.704415e+02 -7.320026e+01
         vertex -1.890392e+00 1.704415e+02 -7.339490e+01
      endloop
   endfacet
   facet normal 2.562289e-02 9.864220e-02 -9.947930e-01
      outer loop
         vertex 5.483570e+00 1.942780e+02 -7.084137e+01
         vertex -1.890392e+00 1.704415e+02 -7.339490e+01
         vertex -1.829474e+00 1.942780e+02 -7.102973e+01
      endloop
   endfacet
   facet normal 2.569202e-02 6.562692e-02 -9.975134e-01
      outer loop
         vertex 5.666163e+00 1.704415e+02 -7.320026e+01
         vertex 5.796285e+00 1.448394e+02 -7.488129e+01
         vertex -1.933804e+00 1.448394e+02 -7.508038e+01
      endloop
   endfacet
   facet normal 2.569286e-02 6.562667e-02 -9.975134e-01
      outer loop
         vertex 5.666163e+00 1.704415e+02 -7.320026e+01
         vertex -1.933804e+00 1.448394e+02 -7.508038e+01
         vertex -1.890392e+00 1.704415e+02 -7.339490e+01
      endloop
   endfacet
   facet normal -7.243615e-02 3.450474e-01 -9.357859e-01
      outer loop
         vertex -7.395431e-01 3.650903e+02 -2.871293e+01
         vertex -9.533368e-01 3.425338e+02 -3.701351e+01
         vertex -4.754050e+00 3.425338e+02 -3.671931e+01
      endloop
   endfacet
   facet normal -7.243551e-02 3.450473e-01 -9.357860e-01
      outer loop
         vertex -7.395431e-01 3.650903e+02 -2.871293e+01
         vertex -4.754050e+00 3.425338e+02 -3.671931e+01
         vertex -3.687915e+00 3.650903e+02 -2.848470e+01
      endloop
   endfacet
   facet normal -7.329282e-02 3.131859e-01 -9.468594e-01
      outer loop
         vertex -9.533368e-01 3.425338e+02 -3.701351e+01
         vertex -1.145513e+00 3.199311e+02 -4.447478e+01
         vertex -5.712382e+00 3.199311e+02 -4.412127e+01
      endloop
   endfacet
   facet normal -7.329331e-02 3.131860e-01 -9.468593e-01
      outer loop
         vertex -9.533368e-01 3.425338e+02 -3.701351e+01
         vertex -5.712382e+00 3.199311e+02 -4.412127e+01
         vertex -4.754050e+00 3.425338e+02 -3.671931e+01
      endloop
   endfacet
   facet normal -7.402822e-02 2.826410e-01 -9.563649e-01
      outer loop
         vertex -1.145513e+00 3.199311e+02 -4.447478e+01
         vertex -1.296587e+00 3.000446e+02 -5.034029e+01
         vertex -6.465754e+00 3.000446e+02 -4.994016e+01
      endloop
   endfacet
   facet normal -7.402860e-02 2.826411e-01 -9.563649e-01
      outer loop
         vertex -1.145513e+00 3.199311e+02 -4.447478e+01
         vertex -6.465754e+00 3.000446e+02 -4.994016e+01
         vertex -5.712382e+00 3.199311e+02 -4.412127e+01
      endloop
   endfacet
   facet normal -7.437555e-02 2.669346e-01 -9.608404e-01
      outer loop
         vertex -1.296587e+00 3.000446e+02 -5.034029e+01
         vertex -1.308463e+00 2.983816e+02 -5.080136e+01
         vertex -6.524974e+00 2.983816e+02 -5.039757e+01
      endloop
   endfacet
   facet normal -7.437471e-02 2.669319e-01 -9.608412e-01
      outer loop
         vertex -1.296587e+00 3.000446e+02 -5.034029e+01
         vertex -6.524974e+00 2.983816e+02 -5.039757e+01
         vertex -6.465754e+00 3.000446e+02 -4.994016e+01
      endloop
   endfacet
   facet normal -7.445259e-02 2.632930e-01 -9.618387e-01
      outer loop
         vertex -1.308463e+00 2.983816e+02 -5.080136e+01
         vertex -1.331892e+00 2.950520e+02 -5.171099e+01
         vertex -6.641808e+00 2.950520e+02 -5.129996e+01
      endloop
   endfacet
   facet normal -7.445282e-02 2.632934e-01 -9.618385e-01
      outer loop
         vertex -1.308463e+00 2.983816e+02 -5.080136e+01
         vertex -6.641808e+00 2.950520e+02 -5.129996e+01
         vertex -6.524974e+00 2.983816e+02 -5.039757e+01
      endloop
   endfacet
   facet normal -7.460390e-02 2.559971e-01 -9.637945e-01
      outer loop
         vertex -1.331892e+00 2.950520e+02 -5.171099e+01
         vertex -1.377457e+00 2.883784e+02 -5.348007e+01
         vertex -6.869030e+00 2.883784e+02 -5.305499e+01
      endloop
   endfacet
   facet normal -7.460398e-02 2.559971e-01 -9.637944e-01
      outer loop
         vertex -1.331892e+00 2.950520e+02 -5.171099e+01
         vertex -6.869030e+00 2.883784e+02 -5.305499e+01
         vertex -6.641808e+00 2.950520e+02 -5.129996e+01
      endloop
   endfacet
   facet normal -7.489314e-02 2.413770e-01 -9.675372e-01
      outer loop
         vertex -1.377457e+00 2.883784e+02 -5.348007e+01
         vertex -1.463402e+00 2.749764e+02 -5.681689e+01
         vertex -7.297616e+00 2.749764e+02 -5.636529e+01
      endloop
   endfacet
   facet normal -7.489360e-02 2.413772e-01 -9.675371e-01
      outer loop
         vertex -1.377457e+00 2.883784e+02 -5.348007e+01
         vertex -7.297616e+00 2.749764e+02 -5.636529e+01
         vertex -6.869030e+00 2.883784e+02 -5.305499e+01
      endloop
   endfacet
   facet normal -7.537115e-02 2.149937e-01 -9.737027e-01
      outer loop
         vertex -1.463402e+00 2.749764e+02 -5.681689e+01
         vertex -1.593279e+00 2.520934e+02 -6.185942e+01
         vertex -7.945282e+00 2.520934e+02 -6.136773e+01
      endloop
   endfacet
   facet normal -7.537040e-02 2.149935e-01 -9.737028e-01
      outer loop
         vertex -1.463402e+00 2.749764e+02 -5.681689e+01
         vertex -7.945282e+00 2.520934e+02 -6.136773e+01
         vertex -7.297616e+00 2.749764e+02 -5.636529e+01
      endloop
   endfacet
   facet normal -7.589306e-02 1.815783e-01 -9.804436e-01
      outer loop
         vertex -1.593279e+00 2.520934e+02 -6.185942e+01
         vertex -1.702982e+00 2.290494e+02 -6.611867e+01
         vertex -8.492344e+00 2.290494e+02 -6.559312e+01
      endloop
   endfacet
   facet normal -7.589294e-02 1.815783e-01 -9.804436e-01
      outer loop
         vertex -1.593279e+00 2.520934e+02 -6.185942e+01
         vertex -8.492344e+00 2.290494e+02 -6.559312e+01
         vertex -7.945282e+00 2.520934e+02 -6.136773e+01
      endloop
   endfacet
   facet normal -7.618771e-02 1.594132e-01 -9.842677e-01
      outer loop
         vertex -1.702982e+00 2.290494e+02 -6.611867e+01
         vertex -1.733595e+00 2.216963e+02 -6.730721e+01
         vertex -8.645002e+00 2.216963e+02 -6.677223e+01
      endloop
   endfacet
   facet normal -7.618905e-02 1.594144e-01 -9.842674e-01
      outer loop
         vertex -1.702982e+00 2.290494e+02 -6.611867e+01
         vertex -8.645002e+00 2.216963e+02 -6.677223e+01
         vertex -8.492344e+00 2.290494e+02 -6.559312e+01
      endloop
   endfacet
   facet normal -7.627048e-02 1.527254e-01 -9.853211e-01
      outer loop
         vertex -1.733595e+00 2.216963e+02 -6.730721e+01
         vertex -1.740860e+00 2.198728e+02 -6.758929e+01
         vertex -8.681232e+00 2.198728e+02 -6.705206e+01
      endloop
   endfacet
   facet normal -7.626931e-02 1.527209e-01 -9.853219e-01
      outer loop
         vertex -1.733595e+00 2.216963e+02 -6.730721e+01
         vertex -8.681232e+00 2.198728e+02 -6.705206e+01
         vertex -8.645002e+00 2.216963e+02 -6.677223e+01
      endloop
   endfacet
   facet normal -7.631677e-02 1.487525e-01 -9.859252e-01
      outer loop
         vertex -1.740860e+00 2.198728e+02 -6.758929e+01
         vertex -1.755013e+00 2.162238e+02 -6.813875e+01
         vertex -8.751805e+00 2.162238e+02 -6.759715e+01
      endloop
   endfacet
   facet normal -7.631722e-02 1.487533e-01 -9.859250e-01
      outer loop
         vertex -1.740860e+00 2.198728e+02 -6.758929e+01
         vertex -8.751805e+00 2.162238e+02 -6.759715e+01
         vertex -8.681232e+00 2.198728e+02 -6.705206e+01
      endloop
   endfacet
   facet normal -7.640691e-02 1.408628e-01 -9.870763e-01
      outer loop
         vertex -1.755013e+00 2.162238e+02 -6.813875e+01
         vertex -1.781812e+00 2.089180e+02 -6.917927e+01
         vertex -8.885449e+00 2.089180e+02 -6.862939e+01
      endloop
   endfacet
   facet normal -7.640589e-02 1.408618e-01 -9.870765e-01
      outer loop
         vertex -1.755013e+00 2.162238e+02 -6.813875e+01
         vertex -8.885449e+00 2.089180e+02 -6.862939e+01
         vertex -8.751805e+00 2.162238e+02 -6.759715e+01
      endloop
   endfacet
   facet normal -7.656751e-02 1.252779e-01 -9.891627e-01
      outer loop
         vertex -1.781812e+00 2.089180e+02 -6.917927e+01
         vertex -1.829474e+00 1.942780e+02 -7.102973e+01
         vertex -9.123125e+00 1.942780e+02 -7.046516e+01
      endloop
   endfacet
   facet normal -7.656840e-02 1.252784e-01 -9.891626e-01
      outer loop
         vertex -1.781812e+00 2.089180e+02 -6.917927e+01
         vertex -9.123125e+00 1.942780e+02 -7.046516e+01
         vertex -8.885449e+00 2.089180e+02 -6.862939e+01
      endloop
   endfacet
   facet normal -7.679906e-02 9.864220e-02 -9.921550e-01
      outer loop
         vertex -1.829474e+00 1.942780e+02 -7.102973e+01
         vertex -1.890392e+00 1.704415e+02 -7.339490e+01
         vertex -9.426909e+00 1.704415e+02 -7.281152e+01
      endloop
   endfacet
   facet normal -7.679914e-02 9.864222e-02 -9.921550e-01
      outer loop
         vertex -1.829474e+00 1.942780e+02 -7.102973e+01
         vertex -9.426909e+00 1.704415e+02 -7.281152e+01
         vertex -9.123125e+00 1.942780e+02 -7.046516e+01
      endloop
   endfacet
   facet normal -7.700911e-02 6.562667e-02 -9.948682e-01
      outer loop
         vertex -1.890392e+00 1.704415e+02 -7.339490e+01
         vertex -1.933804e+00 1.448394e+02 -7.508038e+01
         vertex -9.643395e+00 1.448394e+02 -7.448361e+01
      endloop
   endfacet
   facet normal -7.700908e-02 6.562666e-02 -9.948682e-01
      outer loop
         vertex -1.890392e+00 1.704415e+02 -7.339490e+01
         vertex -9.643395e+00 1.448394e+02 -7.448361e+01
         vertex -9.426909e+00 1.704415e+02 -7.281152e+01
      endloop
   endfacet
   facet normal -1.682704e-01 3.450473e-01 -9.233783e-01
      outer loop
         vertex -3.687915e+00 3.650903e+02 -2.848470e+01
         vertex -4.754050e+00 3.425338e+02 -3.671931e+01
         vertex -8.504369e+00 3.425338e+02 -3.603588e+01
      endloop
   endfacet
   facet normal -1.682706e-01 3.450473e-01 -9.233782e-01
      outer loop
         vertex -3.687915e+00 3.650903e+02 -2.848470e+01
         vertex -8.504369e+00 3.425338e+02 -3.603588e+01
         vertex -6.597195e+00 3.650903e+02 -2.795454e+01
      endloop
   endfacet
   facet normal -1.702615e-01 3.131860e-01 -9.343048e-01
      outer loop
         vertex -4.754050e+00 3.425338e+02 -3.671931e+01
         vertex -5.712382e+00 3.199311e+02 -4.412127e+01
         vertex -1.021870e+01 3.199311e+02 -4.330007e+01
      endloop
   endfacet
   facet normal -1.702616e-01 3.131860e-01 -9.343048e-01
      outer loop
         vertex -4.754050e+00 3.425338e+02 -3.671931e+01
         vertex -1.021870e+01 3.199311e+02 -4.330007e+01
         vertex -8.504369e+00 3.425338e+02 -3.603588e+01
      endloop
   endfacet
   facet normal -1.719707e-01 2.826411e-01 -9.436843e-01
      outer loop
         vertex -5.712382e+00 3.199311e+02 -4.412127e+01
         vertex -6.465754e+00 3.000446e+02 -4.994016e+01
         vertex -1.156638e+01 3.000446e+02 -4.901066e+01
      endloop
   endfacet
   facet normal -1.719708e-01 2.826411e-01 -9.436843e-01
      outer loop
         vertex -5.712382e+00 3.199311e+02 -4.412127e+01
         vertex -1.156638e+01 3.000446e+02 -4.901066e+01
         vertex -1.021870e+01 3.199311e+02 -4.330007e+01
      endloop
   endfacet
   facet normal -1.727751e-01 2.669320e-01 -9.481013e-01
      outer loop
         vertex -6.465754e+00 3.000446e+02 -4.994016e+01
         vertex -6.524974e+00 2.983816e+02 -5.039757e+01
         vertex -1.167232e+01 2.983816e+02 -4.945955e+01
      endloop
   endfacet
   facet normal -1.727756e-01 2.669335e-01 -9.481008e-01
      outer loop
         vertex -6.465754e+00 3.000446e+02 -4.994016e+01
         vertex -1.167232e+01 2.983816e+02 -4.945955e+01
         vertex -1.156638e+01 3.000446e+02 -4.901066e+01
      endloop
   endfacet
   facet normal -1.729552e-01 2.632934e-01 -9.490854e-01
      outer loop
         vertex -6.524974e+00 2.983816e+02 -5.039757e+01
         vertex -6.641808e+00 2.950520e+02 -5.129996e+01
         vertex -1.188132e+01 2.950520e+02 -5.034515e+01
      endloop
   endfacet
   facet normal -1.729545e-01 2.632923e-01 -9.490858e-01
      outer loop
         vertex -6.524974e+00 2.983816e+02 -5.039757e+01
         vertex -1.188132e+01 2.950520e+02 -5.034515e+01
         vertex -1.167232e+01 2.983816e+02 -4.945955e+01
      endloop
   endfacet
   facet normal -1.733063e-01 2.559971e-01 -9.510155e-01
      outer loop
         vertex -6.641808e+00 2.950520e+02 -5.129996e+01
         vertex -6.869030e+00 2.883784e+02 -5.305499e+01
         vertex -1.228779e+01 2.883784e+02 -5.206751e+01
      endloop
   endfacet
   facet normal -1.733069e-01 2.559976e-01 -9.510152e-01
      outer loop
         vertex -6.641808e+00 2.950520e+02 -5.129996e+01
         vertex -1.228779e+01 2.883784e+02 -5.206751e+01
         vertex -1.188132e+01 2.950520e+02 -5.034515e+01
      endloop
   endfacet
   facet normal -1.739797e-01 2.413772e-01 -9.547084e-01
      outer loop
         vertex -6.869030e+00 2.883784e+02 -5.305499e+01
         vertex -7.297616e+00 2.749764e+02 -5.636529e+01
         vertex -1.305447e+01 2.749764e+02 -5.531620e+01
      endloop
   endfacet
   facet normal -1.739793e-01 2.413770e-01 -9.547085e-01
      outer loop
         vertex -6.869030e+00 2.883784e+02 -5.305499e+01
         vertex -1.305447e+01 2.749764e+02 -5.531620e+01
         vertex -1.228779e+01 2.883784e+02 -5.206751e+01
      endloop
   endfacet
   facet normal -1.750881e-01 2.149935e-01 -9.607923e-01
      outer loop
         vertex -7.297616e+00 2.749764e+02 -5.636529e+01
         vertex -7.945282e+00 2.520934e+02 -6.136773e+01
         vertex -1.421306e+01 2.520934e+02 -6.022553e+01
      endloop
   endfacet
   facet normal -1.750884e-01 2.149936e-01 -9.607923e-01
      outer loop
         vertex -7.297616e+00 2.749764e+02 -5.636529e+01
         vertex -1.421306e+01 2.520934e+02 -6.022553e+01
         vertex -1.305447e+01 2.749764e+02 -5.531620e+01
      endloop
   endfacet
   facet normal -1.763001e-01 1.815783e-01 -9.674438e-01
      outer loop
         vertex -7.945282e+00 2.520934e+02 -6.136773e+01
         vertex -8.492344e+00 2.290494e+02 -6.559312e+01
         vertex -1.519168e+01 2.290494e+02 -6.437228e+01
      endloop
   endfacet
   facet normal -1.763002e-01 1.815783e-01 -9.674438e-01
      outer loop
         vertex -7.945282e+00 2.520934e+02 -6.136773e+01
         vertex -1.519168e+01 2.290494e+02 -6.437228e+01
         vertex -1.421306e+01 2.520934e+02 -6.022553e+01
      endloop
   endfacet
   facet normal -1.769883e-01 1.594144e-01 -9.712169e-01
      outer loop
         vertex -8.492344e+00 2.290494e+02 -6.559312e+01
         vertex -8.645002e+00 2.216963e+02 -6.677223e+01
         vertex -1.546477e+01 2.216963e+02 -6.552944e+01
      endloop
   endfacet
   facet normal -1.769877e-01 1.594139e-01 -9.712170e-01
      outer loop
         vertex -8.492344e+00 2.290494e+02 -6.559312e+01
         vertex -1.546477e+01 2.216963e+02 -6.552944e+01
         vertex -1.519168e+01 2.290494e+02 -6.437228e+01
      endloop
   endfacet
   facet normal -1.771772e-01 1.527209e-01 -9.722575e-01
      outer loop
         vertex -8.645002e+00 2.216963e+02 -6.677223e+01
         vertex -8.681232e+00 2.198728e+02 -6.705206e+01
         vertex -1.552958e+01 2.198728e+02 -6.580407e+01
      endloop
   endfacet
   facet normal -1.771778e-01 1.527237e-01 -9.722569e-01
      outer loop
         vertex -8.645002e+00 2.216963e+02 -6.677223e+01
         vertex -1.552958e+01 2.198728e+02 -6.580407e+01
         vertex -1.546477e+01 2.216963e+02 -6.552944e+01
      endloop
   endfacet
   facet normal -1.772859e-01 1.487533e-01 -9.728526e-01
      outer loop
         vertex -8.681232e+00 2.198728e+02 -6.705206e+01
         vertex -8.751805e+00 2.162238e+02 -6.759715e+01
         vertex -1.565583e+01 2.162238e+02 -6.633901e+01
      endloop
   endfacet
   facet normal -1.772856e-01 1.487529e-01 -9.728527e-01
      outer loop
         vertex -8.681232e+00 2.198728e+02 -6.705206e+01
         vertex -1.565583e+01 2.162238e+02 -6.633901e+01
         vertex -1.552958e+01 2.198728e+02 -6.580407e+01
      endloop
   endfacet
   facet normal -1.774927e-01 1.408618e-01 -9.739889e-01
      outer loop
         vertex -8.751805e+00 2.162238e+02 -6.759715e+01
         vertex -8.885449e+00 2.089180e+02 -6.862939e+01
         vertex -1.589490e+01 2.089180e+02 -6.735204e+01
      endloop
   endfacet
   facet normal -1.774929e-01 1.408620e-01 -9.739888e-01
      outer loop
         vertex -8.751805e+00 2.162238e+02 -6.759715e+01
         vertex -1.589490e+01 2.089180e+02 -6.735204e+01
         vertex -1.565583e+01 2.162238e+02 -6.633901e+01
      endloop
   endfacet
   facet normal -1.778684e-01 1.252783e-01 -9.760472e-01
      outer loop
         vertex -8.885449e+00 2.089180e+02 -6.862939e+01
         vertex -9.123125e+00 1.942780e+02 -7.046516e+01
         vertex -1.632007e+01 1.942780e+02 -6.915363e+01
      endloop
   endfacet
   facet normal -1.778678e-01 1.252781e-01 -9.760474e-01
      outer loop
         vertex -8.885449e+00 2.089180e+02 -6.862939e+01
         vertex -1.632007e+01 1.942780e+02 -6.915363e+01
         vertex -1.589490e+01 2.089180e+02 -6.735204e+01
      endloop
   endfacet
   facet normal -1.784064e-01 9.864222e-02 -9.789999e-01
      outer loop
         vertex -9.123125e+00 1.942780e+02 -7.046516e+01
         vertex -9.426909e+00 1.704415e+02 -7.281152e+01
         vertex -1.686350e+01 1.704415e+02 -7.145633e+01
      endloop
   endfacet
   facet normal -1.784065e-01 9.864226e-02 -9.789999e-01
      outer loop
         vertex -9.123125e+00 1.942780e+02 -7.046516e+01
         vertex -1.686350e+01 1.704415e+02 -7.145633e+01
         vertex -1.632007e+01 1.942780e+02 -6.915363e+01
      endloop
   endfacet
   facet normal -1.788941e-01 6.562667e-02 -9.816772e-01
      outer loop
         vertex -9.426909e+00 1.704415e+02 -7.281152e+01
         vertex -9.643395e+00 1.448394e+02 -7.448361e+01
         vertex -1.725076e+01 1.448394e+02 -7.309730e+01
      endloop
   endfacet
   facet normal -1.788942e-01 6.562671e-02 -9.816771e-01
      outer loop
         vertex -9.426909e+00 1.704415e+02 -7.281152e+01
         vertex -1.725076e+01 1.448394e+02 -7.309730e+01
         vertex -1.686350e+01 1.704415e+02 -7.145633e+01
      endloop
   endfacet
   facet normal -2.623210e-01 3.450473e-01 -9.011826e-01
      outer loop
         vertex -6.597195e+00 3.650903e+02 -2.795454e+01
         vertex -8.504369e+00 3.425338e+02 -3.603588e+01
         vertex -1.216454e+01 3.425338e+02 -3.497046e+01
      endloop
   endfacet
   facet normal -2.623210e-01 3.450473e-01 -9.011826e-01
      outer loop
         vertex -6.597195e+00 3.650903e+02 -2.795454e+01
         vertex -1.216454e+01 3.425338e+02 -3.497046e+01
         vertex -9.436543e+00 3.650903e+02 -2.712804e+01
      endloop
   endfacet
   facet normal -2.654254e-01 3.131860e-01 -9.118464e-01
      outer loop
         vertex -8.504369e+00 3.425338e+02 -3.603588e+01
         vertex -1.021870e+01 3.199311e+02 -4.330007e+01
         vertex -1.461670e+01 3.199311e+02 -4.201988e+01
      endloop
   endfacet
   facet normal -2.654251e-01 3.131860e-01 -9.118465e-01
      outer loop
         vertex -8.504369e+00 3.425338e+02 -3.603588e+01
         vertex -1.461670e+01 3.199311e+02 -4.201988e+01
         vertex -1.216454e+01 3.425338e+02 -3.497046e+01
      endloop
   endfacet
   facet normal -2.680902e-01 2.826411e-01 -9.210004e-01
      outer loop
         vertex -1.021870e+01 3.199311e+02 -4.330007e+01
         vertex -1.156638e+01 3.000446e+02 -4.901066e+01
         vertex -1.654440e+01 3.000446e+02 -4.756163e+01
      endloop
   endfacet
   facet normal -2.680900e-01 2.826411e-01 -9.210004e-01
      outer loop
         vertex -1.021870e+01 3.199311e+02 -4.330007e+01
         vertex -1.654440e+01 3.000446e+02 -4.756163e+01
         vertex -1.461670e+01 3.199311e+02 -4.201988e+01
      endloop
   endfacet
   facet normal -2.693448e-01 2.669335e-01 -9.253107e-01
      outer loop
         vertex -1.156638e+01 3.000446e+02 -4.901066e+01
         vertex -1.167232e+01 2.983816e+02 -4.945955e+01
         vertex -1.669593e+01 2.983816e+02 -4.799725e+01
      endloop
   endfacet
   facet normal -2.693449e-01 2.669336e-01 -9.253107e-01
      outer loop
         vertex -1.156638e+01 3.000446e+02 -4.901066e+01
         vertex -1.669593e+01 2.983816e+02 -4.799725e+01
         vertex -1.654440e+01 3.000446e+02 -4.756163e+01
      endloop
   endfacet
   facet normal -2.696241e-01 2.632923e-01 -9.262721e-01
      outer loop
         vertex -1.167232e+01 2.983816e+02 -4.945955e+01
         vertex -1.188132e+01 2.950520e+02 -5.034515e+01
         vertex -1.699488e+01 2.950520e+02 -4.885667e+01
      endloop
   endfacet
   facet normal -2.696246e-01 2.632931e-01 -9.262717e-01
      outer loop
         vertex -1.167232e+01 2.983816e+02 -4.945955e+01
         vertex -1.699488e+01 2.950520e+02 -4.885667e+01
         vertex -1.669593e+01 2.983816e+02 -4.799725e+01
      endloop
   endfacet
   facet normal -2.701728e-01 2.559976e-01 -9.281551e-01
      outer loop
         vertex -1.188132e+01 2.950520e+02 -5.034515e+01
         vertex -1.228779e+01 2.883784e+02 -5.206751e+01
         vertex -1.757630e+01 2.883784e+02 -5.052810e+01
      endloop
   endfacet
   facet normal -2.701723e-01 2.559972e-01 -9.281554e-01
      outer loop
         vertex -1.188132e+01 2.950520e+02 -5.034515e+01
         vertex -1.757630e+01 2.883784e+02 -5.052810e+01
         vertex -1.699488e+01 2.950520e+02 -4.885667e+01
      endloop
   endfacet
   facet normal -2.712216e-01 2.413770e-01 -9.317596e-01
      outer loop
         vertex -1.228779e+01 2.883784e+02 -5.206751e+01
         vertex -1.305447e+01 2.749764e+02 -5.531620e+01
         vertex -1.867295e+01 2.749764e+02 -5.368074e+01
      endloop
   endfacet
   facet normal -2.712220e-01 2.413772e-01 -9.317594e-01
      outer loop
         vertex -1.228779e+01 2.883784e+02 -5.206751e+01
         vertex -1.867295e+01 2.749764e+02 -5.368074e+01
         vertex -1.757630e+01 2.883784e+02 -5.052810e+01
      endloop
   endfacet
   facet normal -2.729502e-01 2.149936e-01 -9.376972e-01
      outer loop
         vertex -1.305447e+01 2.749764e+02 -5.531620e+01
         vertex -1.421306e+01 2.520934e+02 -6.022553e+01
         vertex -2.033018e+01 2.520934e+02 -5.844493e+01
      endloop
   endfacet
   facet normal -2.729499e-01 2.149935e-01 -9.376972e-01
      outer loop
         vertex -1.305447e+01 2.749764e+02 -5.531620e+01
         vertex -2.033018e+01 2.520934e+02 -5.844493e+01
         vertex -1.867295e+01 2.749764e+02 -5.368074e+01
      endloop
   endfacet
   facet normal -2.748397e-01 1.815783e-01 -9.441888e-01
      outer loop
         vertex -1.421306e+01 2.520934e+02 -6.022553e+01
         vertex -1.519168e+01 2.290494e+02 -6.437228e+01
         vertex -2.172999e+01 2.290494e+02 -6.246908e+01
      endloop
   endfacet
   facet normal -2.748398e-01 1.815783e-01 -9.441887e-01
      outer loop
         vertex -1.421306e+01 2.520934e+02 -6.022553e+01
         vertex -2.172999e+01 2.290494e+02 -6.246908e+01
         vertex -2.033018e+01 2.520934e+02 -5.844493e+01
      endloop
   endfacet
   facet normal -2.759113e-01 1.594139e-01 -9.478714e-01
      outer loop
         vertex -1.519168e+01 2.290494e+02 -6.437228e+01
         vertex -1.546477e+01 2.216963e+02 -6.552944e+01
         vertex -2.212061e+01 2.216963e+02 -6.359203e+01
      endloop
   endfacet
   facet normal -2.759116e-01 1.594141e-01 -9.478713e-01
      outer loop
         vertex -1.519168e+01 2.290494e+02 -6.437228e+01
         vertex -2.212061e+01 2.216963e+02 -6.359203e+01
         vertex -2.172999e+01 2.290494e+02 -6.246908e+01
      endloop
   endfacet
   facet normal -2.762071e-01 1.527237e-01 -9.488863e-01
      outer loop
         vertex -1.546477e+01 2.216963e+02 -6.552944e+01
         vertex -1.552958e+01 2.198728e+02 -6.580407e+01
         vertex -2.221331e+01 2.198728e+02 -6.385853e+01
      endloop
   endfacet
   facet normal -2.762068e-01 1.527226e-01 -9.488865e-01
      outer loop
         vertex -1.546477e+01 2.216963e+02 -6.552944e+01
         vertex -2.221331e+01 2.198728e+02 -6.385853e+01
         vertex -2.212061e+01 2.216963e+02 -6.359203e+01
      endloop
   endfacet
   facet normal -2.763758e-01 1.487529e-01 -9.494677e-01
      outer loop
         vertex -1.552958e+01 2.198728e+02 -6.580407e+01
         vertex -1.565583e+01 2.162238e+02 -6.633901e+01
         vertex -2.239389e+01 2.162238e+02 -6.437766e+01
      endloop
   endfacet
   facet normal -2.763763e-01 1.487540e-01 -9.494674e-01
      outer loop
         vertex -1.552958e+01 2.198728e+02 -6.580407e+01
         vertex -2.239389e+01 2.162238e+02 -6.437766e+01
         vertex -2.221331e+01 2.198728e+02 -6.385853e+01
      endloop
   endfacet
   facet normal -2.766988e-01 1.408620e-01 -9.505765e-01
      outer loop
         vertex -1.565583e+01 2.162238e+02 -6.633901e+01
         vertex -1.589490e+01 2.089180e+02 -6.735204e+01
         vertex -2.273586e+01 2.089180e+02 -6.536074e+01
      endloop
   endfacet
   facet normal -2.766985e-01 1.408617e-01 -9.505766e-01
      outer loop
         vertex -1.565583e+01 2.162238e+02 -6.633901e+01
         vertex -2.273586e+01 2.089180e+02 -6.536074e+01
         vertex -2.239389e+01 2.162238e+02 -6.437766e+01
      endloop
   endfacet
   facet normal -2.772840e-01 1.252781e-01 -9.525854e-01
      outer loop
         vertex -1.589490e+01 2.089180e+02 -6.735204e+01
         vertex -1.632007e+01 1.942780e+02 -6.915363e+01
         vertex -2.334402e+01 1.942780e+02 -6.710906e+01
      endloop
   endfacet
   facet normal -2.772837e-01 1.252779e-01 -9.525855e-01
      outer loop
         vertex -1.589490e+01 2.089180e+02 -6.735204e+01
         vertex -2.334402e+01 1.942780e+02 -6.710906e+01
         vertex -2.273586e+01 2.089180e+02 -6.536074e+01
      endloop
   endfacet
   facet normal -2.781224e-01 9.864226e-02 -9.554672e-01
      outer loop
         vertex -1.632007e+01 1.942780e+02 -6.915363e+01
         vertex -1.686350e+01 1.704415e+02 -7.145633e+01
         vertex -2.412133e+01 1.704415e+02 -6.934368e+01
      endloop
   endfacet
   facet normal -2.781228e-01 9.864239e-02 -9.554671e-01
      outer loop
         vertex -1.632007e+01 1.942780e+02 -6.915363e+01
         vertex -2.412133e+01 1.704415e+02 -6.934368e+01
         vertex -2.334402e+01 1.942780e+02 -6.710906e+01
      endloop
   endfacet
   facet normal -2.788828e-01 6.562671e-02 -9.580801e-01
      outer loop
         vertex -1.686350e+01 1.704415e+02 -7.145633e+01
         vertex -1.725076e+01 1.448394e+02 -7.309730e+01
         vertex -2.467527e+01 1.448394e+02 -7.093613e+01
      endloop
   endfacet
   facet normal -2.788829e-01 6.562675e-02 -9.580801e-01
      outer loop
         vertex -1.686350e+01 1.704415e+02 -7.145633e+01
         vertex -2.467527e+01 1.448394e+02 -7.093613e+01
         vertex -2.412133e+01 1.704415e+02 -6.934368e+01
      endloop
   endfacet
   facet normal -3.535907e-01 3.450473e-01 -8.694343e-01
      outer loop
         vertex -9.436543e+00 3.650903e+02 -2.712804e+01
         vertex -1.216454e+01 3.425338e+02 -3.497046e+01
         vertex -1.569576e+01 3.425338e+02 -3.353434e+01
      endloop
   endfacet
   facet normal -3.535911e-01 3.450474e-01 -8.694341e-01
      outer loop
         vertex -9.436543e+00 3.650903e+02 -2.712804e+01
         vertex -1.569576e+01 3.425338e+02 -3.353434e+01
         vertex -1.217586e+01 3.650903e+02 -2.601399e+01
      endloop
   endfacet
   facet normal -3.577752e-01 3.131860e-01 -8.797224e-01
      outer loop
         vertex -1.216454e+01 3.425338e+02 -3.497046e+01
         vertex -1.461670e+01 3.199311e+02 -4.201988e+01
         vertex -1.885975e+01 3.199311e+02 -4.029427e+01
      endloop
   endfacet
   facet normal -3.577749e-01 3.131859e-01 -8.797225e-01
      outer loop
         vertex -1.216454e+01 3.425338e+02 -3.497046e+01
         vertex -1.885975e+01 3.199311e+02 -4.029427e+01
         vertex -1.569576e+01 3.425338e+02 -3.353434e+01
      endloop
   endfacet
   facet normal -3.613670e-01 2.826411e-01 -8.885539e-01
      outer loop
         vertex -1.461670e+01 3.199311e+02 -4.201988e+01
         vertex -1.654440e+01 3.000446e+02 -4.756163e+01
         vertex -2.134705e+01 3.000446e+02 -4.560843e+01
      endloop
   endfacet
   facet normal -3.613669e-01 2.826410e-01 -8.885539e-01
      outer loop
         vertex -1.461670e+01 3.199311e+02 -4.201988e+01
         vertex -2.134705e+01 3.000446e+02 -4.560843e+01
         vertex -1.885975e+01 3.199311e+02 -4.029427e+01
      endloop
   endfacet
   facet normal -3.630583e-01 2.669335e-01 -8.927123e-01
      outer loop
         vertex -1.654440e+01 3.000446e+02 -4.756163e+01
         vertex -1.669593e+01 2.983816e+02 -4.799725e+01
         vertex -2.154257e+01 2.983816e+02 -4.602617e+01
      endloop
   endfacet
   facet normal -3.630582e-01 2.669331e-01 -8.927124e-01
      outer loop
         vertex -1.654440e+01 3.000446e+02 -4.756163e+01
         vertex -2.154257e+01 2.983816e+02 -4.602617e+01
         vertex -2.134705e+01 3.000446e+02 -4.560843e+01
      endloop
   endfacet
   facet normal -3.634355e-01 2.632931e-01 -8.936394e-01
      outer loop
         vertex -1.669593e+01 2.983816e+02 -4.799725e+01
         vertex -1.699488e+01 2.950520e+02 -4.885667e+01
         vertex -2.192830e+01 2.950520e+02 -4.685029e+01
      endloop
   endfacet
   facet normal -3.634354e-01 2.632929e-01 -8.936395e-01
      outer loop
         vertex -1.669593e+01 2.983816e+02 -4.799725e+01
         vertex -2.192830e+01 2.950520e+02 -4.685029e+01
         vertex -2.154257e+01 2.983816e+02 -4.602617e+01
      endloop
   endfacet
   facet normal -3.641741e-01 2.559972e-01 -8.954567e-01
      outer loop
         vertex -1.699488e+01 2.950520e+02 -4.885667e+01
         vertex -1.757630e+01 2.883784e+02 -5.052810e+01
         vertex -2.267849e+01 2.883784e+02 -4.845309e+01
      endloop
   endfacet
   facet normal -3.641745e-01 2.559975e-01 -8.954564e-01
      outer loop
         vertex -1.699488e+01 2.950520e+02 -4.885667e+01
         vertex -2.267849e+01 2.883784e+02 -4.845309e+01
         vertex -2.192830e+01 2.950520e+02 -4.685029e+01
      endloop
   endfacet
   facet normal -3.655887e-01 2.413772e-01 -8.989338e-01
      outer loop
         vertex -1.757630e+01 2.883784e+02 -5.052810e+01
         vertex -1.867295e+01 2.749764e+02 -5.368074e+01
         vertex -2.409349e+01 2.749764e+02 -5.147626e+01
      endloop
   endfacet
   facet normal -3.655883e-01 2.413770e-01 -8.989340e-01
      outer loop
         vertex -1.757630e+01 2.883784e+02 -5.052810e+01
         vertex -2.409349e+01 2.749764e+02 -5.147626e+01
         vertex -2.267849e+01 2.883784e+02 -4.845309e+01
      endloop
   endfacet
   facet normal -3.679183e-01 2.149935e-01 -9.046623e-01
      outer loop
         vertex -1.867295e+01 2.749764e+02 -5.368074e+01
         vertex -2.033018e+01 2.520934e+02 -5.844493e+01
         vertex -2.623179e+01 2.520934e+02 -5.604479e+01
      endloop
   endfacet
   facet normal -3.679185e-01 2.149936e-01 -9.046622e-01
      outer loop
         vertex -1.867295e+01 2.749764e+02 -5.368074e+01
         vertex -2.623179e+01 2.520934e+02 -5.604479e+01
         vertex -2.409349e+01 2.749764e+02 -5.147626e+01
      endloop
   endfacet
   facet normal -3.704651e-01 1.815783e-01 -9.109253e-01
      outer loop
         vertex -2.033018e+01 2.520934e+02 -5.844493e+01
         vertex -2.172999e+01 2.290494e+02 -6.246908e+01
         vertex -2.803795e+01 2.290494e+02 -5.990369e+01
      endloop
   endfacet
   facet normal -3.704654e-01 1.815784e-01 -9.109252e-01
      outer loop
         vertex -2.033018e+01 2.520934e+02 -5.844493e+01
         vertex -2.803795e+01 2.290494e+02 -5.990369e+01
         vertex -2.623179e+01 2.520934e+02 -5.604479e+01
      endloop
   endfacet
   facet normal -3.719106e-01 1.594141e-01 -9.144778e-01
      outer loop
         vertex -2.172999e+01 2.290494e+02 -6.246908e+01
         vertex -2.212061e+01 2.216963e+02 -6.359203e+01
         vertex -2.854196e+01 2.216963e+02 -6.098051e+01
      endloop
   endfacet
   facet normal -3.719100e-01 1.594135e-01 -9.144781e-01
      outer loop
         vertex -2.172999e+01 2.290494e+02 -6.246908e+01
         vertex -2.854196e+01 2.216963e+02 -6.098051e+01
         vertex -2.803795e+01 2.290494e+02 -5.990369e+01
      endloop
   endfacet
   facet normal -3.723089e-01 1.527226e-01 -9.154572e-01
      outer loop
         vertex -2.212061e+01 2.216963e+02 -6.359203e+01
         vertex -2.221331e+01 2.198728e+02 -6.385853e+01
         vertex -2.866158e+01 2.198728e+02 -6.123608e+01
      endloop
   endfacet
   facet normal -3.723089e-01 1.527226e-01 -9.154572e-01
      outer loop
         vertex -2.212061e+01 2.216963e+02 -6.359203e+01
         vertex -2.866158e+01 2.198728e+02 -6.123608e+01
         vertex -2.854196e+01 2.216963e+02 -6.098051e+01
      endloop
   endfacet
   facet normal -3.725370e-01 1.487539e-01 -9.160177e-01
      outer loop
         vertex -2.221331e+01 2.198728e+02 -6.385853e+01
         vertex -2.239389e+01 2.162238e+02 -6.437766e+01
         vertex -2.889458e+01 2.162238e+02 -6.173389e+01
      endloop
   endfacet
   facet normal -3.725369e-01 1.487537e-01 -9.160178e-01
      outer loop
         vertex -2.221331e+01 2.198728e+02 -6.385853e+01
         vertex -2.889458e+01 2.162238e+02 -6.173389e+01
         vertex -2.866158e+01 2.198728e+02 -6.123608e+01
      endloop
   endfacet
   facet normal -3.729720e-01 1.408617e-01 -9.170877e-01
      outer loop
         vertex -2.239389e+01 2.162238e+02 -6.437766e+01
         vertex -2.273586e+01 2.089180e+02 -6.536074e+01
         vertex -2.933581e+01 2.089180e+02 -6.267659e+01
      endloop
   endfacet
   facet normal -3.729721e-01 1.408619e-01 -9.170876e-01
      outer loop
         vertex -2.239389e+01 2.162238e+02 -6.437766e+01
         vertex -2.933581e+01 2.089180e+02 -6.267659e+01
         vertex -2.889458e+01 2.162238e+02 -6.173389e+01
      endloop
   endfacet
   facet normal -3.737592e-01 1.252779e-01 -9.190264e-01
      outer loop
         vertex -2.273586e+01 2.089180e+02 -6.536074e+01
         vertex -2.334402e+01 1.942780e+02 -6.710906e+01
         vertex -3.012051e+01 1.942780e+02 -6.435313e+01
      endloop
   endfacet
   facet normal -3.737602e-01 1.252784e-01 -9.190259e-01
      outer loop
         vertex -2.273586e+01 2.089180e+02 -6.536074e+01
         vertex -3.012051e+01 1.942780e+02 -6.435313e+01
         vertex -2.933581e+01 2.089180e+02 -6.267659e+01
      endloop
   endfacet
   facet normal -3.748906e-01 9.864239e-02 -9.218062e-01
      outer loop
         vertex -2.334402e+01 1.942780e+02 -6.710906e+01
         vertex -2.412133e+01 1.704415e+02 -6.934368e+01
         vertex -3.112347e+01 1.704415e+02 -6.649597e+01
      endloop
   endfacet
   facet normal -3.748899e-01 9.864215e-02 -9.218065e-01
      outer loop
         vertex -2.334402e+01 1.942780e+02 -6.710906e+01
         vertex -3.112347e+01 1.704415e+02 -6.649597e+01
         vertex -3.012051e+01 1.942780e+02 -6.435313e+01
      endloop
   endfacet
   facet normal -3.759161e-01 6.562675e-02 -9.243269e-01
      outer loop
         vertex -2.412133e+01 1.704415e+02 -6.934368e+01
         vertex -2.467527e+01 1.448394e+02 -7.093613e+01
         vertex -3.183821e+01 1.448394e+02 -6.802303e+01
      endloop
   endfacet
   facet normal -3.759158e-01 6.562665e-02 -9.243270e-01
      outer loop
         vertex -2.412133e+01 1.704415e+02 -6.934368e+01
         vertex -3.183821e+01 1.448394e+02 -6.802303e+01
         vertex -3.112347e+01 1.704415e+02 -6.649597e+01
      endloop
   endfacet
   facet normal -4.411136e-01 3.450474e-01 -8.284692e-01
      outer loop
         vertex -1.217586e+01 3.650903e+02 -2.601399e+01
         vertex -1.569576e+01 3.425338e+02 -3.353434e+01
         vertex -1.906061e+01 3.425338e+02 -3.174275e+01
      endloop
   endfacet
   facet normal -4.411134e-01 3.450473e-01 -8.284693e-01
      outer loop
         vertex -1.217586e+01 3.650903e+02 -2.601399e+01
         vertex -1.906061e+01 3.425338e+02 -3.174275e+01
         vertex -1.478611e+01 3.650903e+02 -2.462418e+01
      endloop
   endfacet
   facet normal -4.463332e-01 3.131859e-01 -8.382728e-01
      outer loop
         vertex -1.569576e+01 3.425338e+02 -3.353434e+01
         vertex -1.885975e+01 3.199311e+02 -4.029427e+01
         vertex -2.290289e+01 3.199311e+02 -3.814152e+01
      endloop
   endfacet
   facet normal -4.463334e-01 3.131860e-01 -8.382727e-01
      outer loop
         vertex -1.569576e+01 3.425338e+02 -3.353434e+01
         vertex -2.290289e+01 3.199311e+02 -3.814152e+01
         vertex -1.906061e+01 3.425338e+02 -3.174275e+01
      endloop
   endfacet
   facet normal -4.508140e-01 2.826410e-01 -8.466881e-01
      outer loop
         vertex -1.885975e+01 3.199311e+02 -4.029427e+01
         vertex -2.134705e+01 3.000446e+02 -4.560843e+01
         vertex -2.592341e+01 3.000446e+02 -4.317178e+01
      endloop
   endfacet
   facet normal -4.508139e-01 2.826410e-01 -8.466882e-01
      outer loop
         vertex -1.885975e+01 3.199311e+02 -4.029427e+01
         vertex -2.592341e+01 3.000446e+02 -4.317178e+01
         vertex -2.290289e+01 3.199311e+02 -3.814152e+01
      endloop
   endfacet
   facet normal -4.529236e-01 2.669331e-01 -8.506509e-01
      outer loop
         vertex -2.134705e+01 3.000446e+02 -4.560843e+01
         vertex -2.154257e+01 2.983816e+02 -4.602617e+01
         vertex -2.616085e+01 2.983816e+02 -4.356719e+01
      endloop
   endfacet
   facet normal -4.529238e-01 2.669340e-01 -8.506505e-01
      outer loop
         vertex -2.134705e+01 3.000446e+02 -4.560843e+01
         vertex -2.616085e+01 2.983816e+02 -4.356719e+01
         vertex -2.592341e+01 3.000446e+02 -4.317178e+01
      endloop
   endfacet
   facet normal -4.533940e-01 2.632929e-01 -8.515343e-01
      outer loop
         vertex -2.154257e+01 2.983816e+02 -4.602617e+01
         vertex -2.192830e+01 2.950520e+02 -4.685029e+01
         vertex -2.662927e+01 2.950520e+02 -4.434729e+01
      endloop
   endfacet
   facet normal -4.533940e-01 2.632929e-01 -8.515343e-01
      outer loop
         vertex -2.154257e+01 2.983816e+02 -4.602617e+01
         vertex -2.662927e+01 2.950520e+02 -4.434729e+01
         vertex -2.616085e+01 2.983816e+02 -4.356719e+01
      endloop
   endfacet
   facet normal -4.543162e-01 2.559975e-01 -8.532655e-01
      outer loop
         vertex -2.192830e+01 2.950520e+02 -4.685029e+01
         vertex -2.267849e+01 2.883784e+02 -4.845309e+01
         vertex -2.754029e+01 2.883784e+02 -4.586445e+01
      endloop
   endfacet
   facet normal -4.543159e-01 2.559972e-01 -8.532658e-01
      outer loop
         vertex -2.192830e+01 2.950520e+02 -4.685029e+01
         vertex -2.754029e+01 2.883784e+02 -4.586445e+01
         vertex -2.662927e+01 2.950520e+02 -4.434729e+01
      endloop
   endfacet
   facet normal -4.560804e-01 2.413770e-01 -8.565791e-01
      outer loop
         vertex -2.267849e+01 2.883784e+02 -4.845309e+01
         vertex -2.409349e+01 2.749764e+02 -5.147626e+01
         vertex -2.925863e+01 2.749764e+02 -4.872611e+01
      endloop
   endfacet
   facet normal -4.560805e-01 2.413770e-01 -8.565791e-01
      outer loop
         vertex -2.267849e+01 2.883784e+02 -4.845309e+01
         vertex -2.925863e+01 2.749764e+02 -4.872611e+01
         vertex -2.754029e+01 2.883784e+02 -4.586445e+01
      endloop
   endfacet
   facet normal -4.589862e-01 2.149936e-01 -8.620380e-01
      outer loop
         vertex -2.409349e+01 2.749764e+02 -5.147626e+01
         vertex -2.623179e+01 2.520934e+02 -5.604479e+01
         vertex -3.185534e+01 2.520934e+02 -5.305057e+01
      endloop
   endfacet
   facet normal -4.589867e-01 2.149937e-01 -8.620376e-01
      outer loop
         vertex -2.409349e+01 2.749764e+02 -5.147626e+01
         vertex -3.185534e+01 2.520934e+02 -5.305057e+01
         vertex -2.925863e+01 2.749764e+02 -4.872611e+01
      endloop
   endfacet
   facet normal -4.621640e-01 1.815784e-01 -8.680056e-01
      outer loop
         vertex -2.623179e+01 2.520934e+02 -5.604479e+01
         vertex -2.803795e+01 2.290494e+02 -5.990369e+01
         vertex -3.404870e+01 2.290494e+02 -5.670330e+01
      endloop
   endfacet
   facet normal -4.621637e-01 1.815783e-01 -8.680058e-01
      outer loop
         vertex -2.623179e+01 2.520934e+02 -5.604479e+01
         vertex -3.404870e+01 2.290494e+02 -5.670330e+01
         vertex -3.185534e+01 2.520934e+02 -5.305057e+01
      endloop
   endfacet
   facet normal -4.639664e-01 1.594135e-01 -8.713912e-01
      outer loop
         vertex -2.803795e+01 2.290494e+02 -5.990369e+01
         vertex -2.854196e+01 2.216963e+02 -6.098051e+01
         vertex -3.466076e+01 2.216963e+02 -5.772260e+01
      endloop
   endfacet
   facet normal -4.639665e-01 1.594137e-01 -8.713910e-01
      outer loop
         vertex -2.803795e+01 2.290494e+02 -5.990369e+01
         vertex -3.466076e+01 2.216963e+02 -5.772260e+01
         vertex -3.404870e+01 2.290494e+02 -5.670330e+01
      endloop
   endfacet
   facet normal -4.644631e-01 1.527226e-01 -8.723244e-01
      outer loop
         vertex -2.854196e+01 2.216963e+02 -6.098051e+01
         vertex -2.866158e+01 2.198728e+02 -6.123608e+01
         vertex -3.480602e+01 2.198728e+02 -5.796451e+01
      endloop
   endfacet
   facet normal -4.644632e-01 1.527232e-01 -8.723242e-01
      outer loop
         vertex -2.854196e+01 2.216963e+02 -6.098051e+01
         vertex -3.480602e+01 2.198728e+02 -5.796451e+01
         vertex -3.466076e+01 2.216963e+02 -5.772260e+01
      endloop
   endfacet
   facet normal -4.647478e-01 1.487537e-01 -8.728584e-01
      outer loop
         vertex -2.866158e+01 2.198728e+02 -6.123608e+01
         vertex -2.889458e+01 2.162238e+02 -6.173389e+01
         vertex -3.508897e+01 2.162238e+02 -5.843572e+01
      endloop
   endfacet
   facet normal -4.647475e-01 1.487531e-01 -8.728587e-01
      outer loop
         vertex -2.866158e+01 2.198728e+02 -6.123608e+01
         vertex -3.508897e+01 2.162238e+02 -5.843572e+01
         vertex -3.480602e+01 2.198728e+02 -5.796451e+01
      endloop
   endfacet
   facet normal -4.652906e-01 1.408619e-01 -8.738779e-01
      outer loop
         vertex -2.889458e+01 2.162238e+02 -6.173389e+01
         vertex -2.933581e+01 2.089180e+02 -6.267659e+01
         vertex -3.562480e+01 2.089180e+02 -5.932806e+01
      endloop
   endfacet
   facet normal -4.652906e-01 1.408619e-01 -8.738779e-01
      outer loop
         vertex -2.889458e+01 2.162238e+02 -6.173389e+01
         vertex -3.562480e+01 2.089180e+02 -5.932806e+01
         vertex -3.508897e+01 2.162238e+02 -5.843572e+01
      endloop
   endfacet
   facet normal -4.662744e-01 1.252784e-01 -8.757246e-01
      outer loop
         vertex -2.933581e+01 2.089180e+02 -6.267659e+01
         vertex -3.012051e+01 1.942780e+02 -6.435313e+01
         vertex -3.657772e+01 1.942780e+02 -6.091502e+01
      endloop
   endfacet
   facet normal -4.662740e-01 1.252782e-01 -8.757248e-01
      outer loop
         vertex -2.933581e+01 2.089180e+02 -6.267659e+01
         vertex -3.657772e+01 1.942780e+02 -6.091502e+01
         vertex -3.562480e+01 2.089180e+02 -5.932806e+01
      endloop
   endfacet
   facet normal -4.676849e-01 9.864215e-02 -8.783738e-01
      outer loop
         vertex -3.012051e+01 1.942780e+02 -6.435313e+01
         vertex -3.112347e+01 1.704415e+02 -6.649597e+01
         vertex -3.779570e+01 1.704415e+02 -6.294339e+01
      endloop
   endfacet
   facet normal -4.676850e-01 9.864218e-02 -8.783738e-01
      outer loop
         vertex -3.012051e+01 1.942780e+02 -6.435313e+01
         vertex -3.779570e+01 1.704415e+02 -6.294339e+01
         vertex -3.657772e+01 1.942780e+02 -6.091502e+01
      endloop
   endfacet
   facet normal -4.689631e-01 6.562665e-02 -8.807762e-01
      outer loop
         vertex -3.112347e+01 1.704415e+02 -6.649597e+01
         vertex -3.183821e+01 1.448394e+02 -6.802303e+01
         vertex -3.866366e+01 1.448394e+02 -6.438886e+01
      endloop
   endfacet
   facet normal -4.689638e-01 6.562690e-02 -8.807758e-01
      outer loop
         vertex -3.112347e+01 1.704415e+02 -6.649597e+01
         vertex -3.866366e+01 1.448394e+02 -6.438886e+01
         vertex -3.779570e+01 1.704415e+02 -6.294339e+01
      endloop
   endfacet
   facet normal -5.239592e-01 3.450473e-01 -7.787227e-01
      outer loop
         vertex -1.478611e+01 3.650903e+02 -2.462418e+01
         vertex -1.906061e+01 3.425338e+02 -3.174275e+01
         vertex -2.222341e+01 3.425338e+02 -2.961468e+01
      endloop
   endfacet
   facet normal -5.239593e-01 3.450474e-01 -7.787226e-01
      outer loop
         vertex -1.478611e+01 3.650903e+02 -2.462418e+01
         vertex -2.222341e+01 3.425338e+02 -2.961468e+01
         vertex -1.723962e+01 3.650903e+02 -2.297334e+01
      endloop
   endfacet
   facet normal -5.301595e-01 3.131860e-01 -7.879375e-01
      outer loop
         vertex -1.906061e+01 3.425338e+02 -3.174275e+01
         vertex -2.290289e+01 3.199311e+02 -3.814152e+01
         vertex -2.670325e+01 3.199311e+02 -3.558447e+01
      endloop
   endfacet
   facet normal -5.301594e-01 3.131859e-01 -7.879376e-01
      outer loop
         vertex -1.906061e+01 3.425338e+02 -3.174275e+01
         vertex -2.670325e+01 3.199311e+02 -3.558447e+01
         vertex -2.222341e+01 3.425338e+02 -2.961468e+01
      endloop
   endfacet
   facet normal -5.354814e-01 2.826410e-01 -7.958478e-01
      outer loop
         vertex -2.290289e+01 3.199311e+02 -3.814152e+01
         vertex -2.592341e+01 3.000446e+02 -4.317178e+01
         vertex -3.022498e+01 3.000446e+02 -4.027749e+01
      endloop
   endfacet
   facet normal -5.354817e-01 2.826411e-01 -7.958476e-01
      outer loop
         vertex -2.290289e+01 3.199311e+02 -3.814152e+01
         vertex -3.022498e+01 3.000446e+02 -4.027749e+01
         vertex -2.670325e+01 3.199311e+02 -3.558447e+01
      endloop
   endfacet
   facet normal -5.379878e-01 2.669340e-01 -7.995720e-01
      outer loop
         vertex -2.592341e+01 3.000446e+02 -4.317178e+01
         vertex -2.616085e+01 2.983816e+02 -4.356719e+01
         vertex -3.050181e+01 2.983816e+02 -4.064640e+01
      endloop
   endfacet
   facet normal -5.379876e-01 2.669325e-01 -7.995726e-01
      outer loop
         vertex -2.592341e+01 3.000446e+02 -4.317178e+01
         vertex -3.050181e+01 2.983816e+02 -4.064640e+01
         vertex -3.022498e+01 3.000446e+02 -4.027749e+01
      endloop
   endfacet
   facet normal -5.385467e-01 2.632929e-01 -8.004026e-01
      outer loop
         vertex -2.616085e+01 2.983816e+02 -4.356719e+01
         vertex -2.662927e+01 2.950520e+02 -4.434729e+01
         vertex -3.104797e+01 2.950520e+02 -4.137419e+01
      endloop
   endfacet
   facet normal -5.385467e-01 2.632928e-01 -8.004026e-01
      outer loop
         vertex -2.616085e+01 2.983816e+02 -4.356719e+01
         vertex -3.104797e+01 2.950520e+02 -4.137419e+01
         vertex -3.050181e+01 2.983816e+02 -4.064640e+01
      endloop
   endfacet
   facet normal -5.396415e-01 2.559972e-01 -8.020302e-01
      outer loop
         vertex -2.662927e+01 2.950520e+02 -4.434729e+01
         vertex -2.754029e+01 2.883784e+02 -4.586445e+01
         vertex -3.211015e+01 2.883784e+02 -4.278965e+01
      endloop
   endfacet
   facet normal -5.396417e-01 2.559974e-01 -8.020300e-01
      outer loop
         vertex -2.662927e+01 2.950520e+02 -4.434729e+01
         vertex -3.211015e+01 2.883784e+02 -4.278965e+01
         vertex -3.104797e+01 2.950520e+02 -4.137419e+01
      endloop
   endfacet
   facet normal -5.417372e-01 2.413770e-01 -8.051447e-01
      outer loop
         vertex -2.754029e+01 2.883784e+02 -4.586445e+01
         vertex -2.925863e+01 2.749764e+02 -4.872611e+01
         vertex -3.411362e+01 2.749764e+02 -4.545945e+01
      endloop
   endfacet
   facet normal -5.417371e-01 2.413770e-01 -8.051447e-01
      outer loop
         vertex -2.754029e+01 2.883784e+02 -4.586445e+01
         vertex -3.411362e+01 2.749764e+02 -4.545945e+01
         vertex -3.211015e+01 2.883784e+02 -4.278965e+01
      endloop
   endfacet
   facet normal -5.451896e-01 2.149937e-01 -8.102753e-01
      outer loop
         vertex -2.925863e+01 2.749764e+02 -4.872611e+01
         vertex -3.185534e+01 2.520934e+02 -5.305057e+01
         vertex -3.714122e+01 2.520934e+02 -4.949400e+01
      endloop
   endfacet
   facet normal -5.451894e-01 2.149937e-01 -8.102754e-01
      outer loop
         vertex -2.925863e+01 2.749764e+02 -4.872611e+01
         vertex -3.714122e+01 2.520934e+02 -4.949400e+01
         vertex -3.411362e+01 2.749764e+02 -4.545945e+01
      endloop
   endfacet
   facet normal -5.489639e-01 1.815783e-01 -8.158848e-01
      outer loop
         vertex -3.185534e+01 2.520934e+02 -5.305057e+01
         vertex -3.404870e+01 2.290494e+02 -5.670330e+01
         vertex -3.969853e+01 2.290494e+02 -5.290184e+01
      endloop
   endfacet
   facet normal -5.489639e-01 1.815783e-01 -8.158847e-01
      outer loop
         vertex -3.185534e+01 2.520934e+02 -5.305057e+01
         vertex -3.969853e+01 2.290494e+02 -5.290184e+01
         vertex -3.714122e+01 2.520934e+02 -4.949400e+01
      endloop
   endfacet
   facet normal -5.511050e-01 1.594137e-01 -8.190669e-01
      outer loop
         vertex -3.404870e+01 2.290494e+02 -5.670330e+01
         vertex -3.466076e+01 2.216963e+02 -5.772260e+01
         vertex -4.041215e+01 2.216963e+02 -5.385281e+01
      endloop
   endfacet
   facet normal -5.511050e-01 1.594137e-01 -8.190669e-01
      outer loop
         vertex -3.404870e+01 2.290494e+02 -5.670330e+01
         vertex -4.041215e+01 2.216963e+02 -5.385281e+01
         vertex -3.969853e+01 2.290494e+02 -5.290184e+01
      endloop
   endfacet
   facet normal -5.516952e-01 1.527232e-01 -8.199439e-01
      outer loop
         vertex -3.466076e+01 2.216963e+02 -5.772260e+01
         vertex -3.480602e+01 2.198728e+02 -5.796451e+01
         vertex -4.058151e+01 2.198728e+02 -5.407850e+01
      endloop
   endfacet
   facet normal -5.516952e-01 1.527233e-01 -8.199439e-01
      outer loop
         vertex -3.466076e+01 2.216963e+02 -5.772260e+01
         vertex -4.058151e+01 2.198728e+02 -5.407850e+01
         vertex -4.041215e+01 2.216963e+02 -5.385281e+01
      endloop
   endfacet
   facet normal -5.520331e-01 1.487530e-01 -8.204462e-01
      outer loop
         vertex -3.480602e+01 2.198728e+02 -5.796451e+01
         vertex -3.508897e+01 2.162238e+02 -5.843572e+01
         vertex -4.091142e+01 2.162238e+02 -5.451812e+01
      endloop
   endfacet
   facet normal -5.520331e-01 1.487531e-01 -8.204462e-01
      outer loop
         vertex -3.480602e+01 2.198728e+02 -5.796451e+01
         vertex -4.091142e+01 2.162238e+02 -5.451812e+01
         vertex -4.058151e+01 2.198728e+02 -5.407850e+01
      endloop
   endfacet
   facet normal -5.526778e-01 1.408619e-01 -8.214044e-01
      outer loop
         vertex -3.508897e+01 2.162238e+02 -5.843572e+01
         vertex -3.562480e+01 2.089180e+02 -5.932806e+01
         vertex -4.153615e+01 2.089180e+02 -5.535064e+01
      endloop
   endfacet
   facet normal -5.526778e-01 1.408619e-01 -8.214044e-01
      outer loop
         vertex -3.508897e+01 2.162238e+02 -5.843572e+01
         vertex -4.153615e+01 2.089180e+02 -5.535064e+01
         vertex -4.091142e+01 2.162238e+02 -5.451812e+01
      endloop
   endfacet
   facet normal -5.538458e-01 1.252782e-01 -8.231404e-01
      outer loop
         vertex -3.562480e+01 2.089180e+02 -5.932806e+01
         vertex -3.657772e+01 1.942780e+02 -6.091502e+01
         vertex -4.264720e+01 1.942780e+02 -5.683121e+01
      endloop
   endfacet
   facet normal -5.538459e-01 1.252782e-01 -8.231404e-01
      outer loop
         vertex -3.562480e+01 2.089180e+02 -5.932806e+01
         vertex -4.264720e+01 1.942780e+02 -5.683121e+01
         vertex -4.153615e+01 2.089180e+02 -5.535064e+01
      endloop
   endfacet
   facet normal -5.555212e-01 9.864219e-02 -8.256306e-01
      outer loop
         vertex -3.657772e+01 1.942780e+02 -6.091502e+01
         vertex -3.779570e+01 1.704415e+02 -6.294339e+01
         vertex -4.406728e+01 1.704415e+02 -5.872359e+01
      endloop
   endfacet
   facet normal -5.555213e-01 9.864223e-02 -8.256306e-01
      outer loop
         vertex -3.657772e+01 1.942780e+02 -6.091502e+01
         vertex -4.406728e+01 1.704415e+02 -5.872359e+01
         vertex -4.264720e+01 1.942780e+02 -5.683121e+01
      endloop
   endfacet
   facet normal -5.570406e-01 6.562690e-02 -8.278882e-01
      outer loop
         vertex -3.779570e+01 1.704415e+02 -6.294339e+01
         vertex -3.866366e+01 1.448394e+02 -6.438886e+01
         vertex -4.507927e+01 1.448394e+02 -6.007215e+01
      endloop
   endfacet
   facet normal -5.570403e-01 6.562680e-02 -8.278884e-01
      outer loop
         vertex -3.779570e+01 1.704415e+02 -6.294339e+01
         vertex -4.507927e+01 1.448394e+02 -6.007215e+01
         vertex -4.406728e+01 1.704415e+02 -5.872359e+01
      endloop
   endfacet
   facet normal -6.012516e-01 3.450473e-01 -7.207211e-01
      outer loop
         vertex -1.723962e+01 3.650903e+02 -2.297334e+01
         vertex -2.222341e+01 3.425338e+02 -2.961468e+01
         vertex -2.515063e+01 3.425338e+02 -2.717268e+01
      endloop
   endfacet
   facet normal -6.012513e-01 3.450473e-01 -7.207213e-01
      outer loop
         vertex -1.723962e+01 3.650903e+02 -2.297334e+01
         vertex -2.515063e+01 3.425338e+02 -2.717268e+01
         vertex -1.951040e+01 3.650903e+02 -2.107899e+01
      endloop
   endfacet
   facet normal -6.083658e-01 3.131860e-01 -7.292501e-01
      outer loop
         vertex -2.222341e+01 3.425338e+02 -2.961468e+01
         vertex -2.670325e+01 3.199311e+02 -3.558447e+01
         vertex -3.022055e+01 3.199311e+02 -3.265022e+01
      endloop
   endfacet
   facet normal -6.083664e-01 3.131861e-01 -7.292495e-01
      outer loop
         vertex -2.222341e+01 3.425338e+02 -2.961468e+01
         vertex -3.022055e+01 3.199311e+02 -3.265022e+01
         vertex -2.515063e+01 3.425338e+02 -2.717268e+01
      endloop
   endfacet
   facet normal -6.144737e-01 2.826411e-01 -7.365705e-01
      outer loop
         vertex -2.670325e+01 3.199311e+02 -3.558447e+01
         vertex -3.022498e+01 3.000446e+02 -4.027749e+01
         vertex -3.420615e+01 3.000446e+02 -3.695625e+01
      endloop
   endfacet
   facet normal -6.144732e-01 2.826409e-01 -7.365710e-01
      outer loop
         vertex -2.670325e+01 3.199311e+02 -3.558447e+01
         vertex -3.420615e+01 3.000446e+02 -3.695625e+01
         vertex -3.022055e+01 3.199311e+02 -3.265022e+01
      endloop
   endfacet
   facet normal -6.173492e-01 2.669326e-01 -7.400182e-01
      outer loop
         vertex -3.022498e+01 3.000446e+02 -4.027749e+01
         vertex -3.050181e+01 2.983816e+02 -4.064640e+01
         vertex -3.451945e+01 2.983816e+02 -3.729474e+01
      endloop
   endfacet
   facet normal -6.173494e-01 2.669340e-01 -7.400176e-01
      outer loop
         vertex -3.022498e+01 3.000446e+02 -4.027749e+01
         vertex -3.451945e+01 2.983816e+02 -3.729474e+01
         vertex -3.420615e+01 3.000446e+02 -3.695625e+01
      endloop
   endfacet
   facet normal -6.179905e-01 2.632929e-01 -7.407865e-01
      outer loop
         vertex -3.050181e+01 2.983816e+02 -4.064640e+01
         vertex -3.104797e+01 2.950520e+02 -4.137419e+01
         vertex -3.513754e+01 2.950520e+02 -3.796252e+01
      endloop
   endfacet
   facet normal -6.179904e-01 2.632925e-01 -7.407867e-01
      outer loop
         vertex -3.050181e+01 2.983816e+02 -4.064640e+01
         vertex -3.513754e+01 2.950520e+02 -3.796252e+01
         vertex -3.451945e+01 2.983816e+02 -3.729474e+01
      endloop
   endfacet
   facet normal -6.192473e-01 2.559974e-01 -7.422925e-01
      outer loop
         vertex -3.104797e+01 2.950520e+02 -4.137419e+01
         vertex -3.211015e+01 2.883784e+02 -4.278965e+01
         vertex -3.633963e+01 2.883784e+02 -3.926126e+01
      endloop
   endfacet
   facet normal -6.192471e-01 2.559972e-01 -7.422927e-01
      outer loop
         vertex -3.104797e+01 2.950520e+02 -4.137419e+01
         vertex -3.633963e+01 2.883784e+02 -3.926126e+01
         vertex -3.513754e+01 2.950520e+02 -3.796252e+01
      endloop
   endfacet
   facet normal -6.216514e-01 2.413770e-01 -7.451756e-01
      outer loop
         vertex -3.211015e+01 2.883784e+02 -4.278965e+01
         vertex -3.411362e+01 2.749764e+02 -4.545945e+01
         vertex -3.860700e+01 2.749764e+02 -4.171092e+01
      endloop
   endfacet
   facet normal -6.216520e-01 2.413773e-01 -7.451750e-01
      outer loop
         vertex -3.211015e+01 2.883784e+02 -4.278965e+01
         vertex -3.860700e+01 2.749764e+02 -4.171092e+01
         vertex -3.633963e+01 2.883784e+02 -3.926126e+01
      endloop
   endfacet
   facet normal -6.256132e-01 2.149937e-01 -7.499239e-01
      outer loop
         vertex -3.411362e+01 2.749764e+02 -4.545945e+01
         vertex -3.714122e+01 2.520934e+02 -4.949400e+01
         vertex -4.203339e+01 2.520934e+02 -4.541278e+01
      endloop
   endfacet
   facet normal -6.256129e-01 2.149936e-01 -7.499242e-01
      outer loop
         vertex -3.411362e+01 2.749764e+02 -4.545945e+01
         vertex -4.203339e+01 2.520934e+02 -4.541278e+01
         vertex -3.860700e+01 2.749764e+02 -4.171092e+01
      endloop
   endfacet
   facet normal -6.299441e-01 1.815783e-01 -7.551157e-01
      outer loop
         vertex -3.714122e+01 2.520934e+02 -4.949400e+01
         vertex -3.969853e+01 2.290494e+02 -5.290184e+01
         vertex -4.492754e+01 2.290494e+02 -4.853962e+01
      endloop
   endfacet
   facet normal -6.299442e-01 1.815784e-01 -7.551156e-01
      outer loop
         vertex -3.714122e+01 2.520934e+02 -4.949400e+01
         vertex -4.492754e+01 2.290494e+02 -4.853962e+01
         vertex -4.203339e+01 2.520934e+02 -4.541278e+01
      endloop
   endfacet
   facet normal -6.324011e-01 1.594137e-01 -7.580607e-01
      outer loop
         vertex -3.969853e+01 2.290494e+02 -5.290184e+01
         vertex -4.041215e+01 2.216963e+02 -5.385281e+01
         vertex -4.573516e+01 2.216963e+02 -4.941216e+01
      endloop
   endfacet
   facet normal -6.324010e-01 1.594135e-01 -7.580609e-01
      outer loop
         vertex -3.969853e+01 2.290494e+02 -5.290184e+01
         vertex -4.573516e+01 2.216963e+02 -4.941216e+01
         vertex -4.492754e+01 2.290494e+02 -4.853962e+01
      endloop
   endfacet
   facet normal -6.330785e-01 1.527231e-01 -7.588724e-01
      outer loop
         vertex -4.041215e+01 2.216963e+02 -5.385281e+01
         vertex -4.058151e+01 2.198728e+02 -5.407850e+01
         vertex -4.592683e+01 2.198728e+02 -4.961924e+01
      endloop
   endfacet
   facet normal -6.330784e-01 1.527225e-01 -7.588726e-01
      outer loop
         vertex -4.041215e+01 2.216963e+02 -5.385281e+01
         vertex -4.592683e+01 2.198728e+02 -4.961924e+01
         vertex -4.573516e+01 2.216963e+02 -4.941216e+01
      endloop
   endfacet
   facet normal -6.334660e-01 1.487531e-01 -7.593374e-01
      outer loop
         vertex -4.058151e+01 2.198728e+02 -5.407850e+01
         vertex -4.091142e+01 2.162238e+02 -5.451812e+01
         vertex -4.630019e+01 2.162238e+02 -5.002262e+01
      endloop
   endfacet
   facet normal -6.334662e-01 1.487537e-01 -7.593371e-01
      outer loop
         vertex -4.058151e+01 2.198728e+02 -5.407850e+01
         vertex -4.630019e+01 2.162238e+02 -5.002262e+01
         vertex -4.592683e+01 2.198728e+02 -4.961924e+01
      endloop
   endfacet
   facet normal -6.342058e-01 1.408619e-01 -7.602243e-01
      outer loop
         vertex -4.091142e+01 2.162238e+02 -5.451812e+01
         vertex -4.153615e+01 2.089180e+02 -5.535064e+01
         vertex -4.700721e+01 2.089180e+02 -5.078649e+01
      endloop
   endfacet
   facet normal -6.342058e-01 1.408619e-01 -7.602242e-01
      outer loop
         vertex -4.091142e+01 2.162238e+02 -5.451812e+01
         vertex -4.700721e+01 2.089180e+02 -5.078649e+01
         vertex -4.630019e+01 2.162238e+02 -5.002262e+01
      endloop
   endfacet
   facet normal -6.355462e-01 1.252782e-01 -7.618309e-01
      outer loop
         vertex -4.153615e+01 2.089180e+02 -5.535064e+01
         vertex -4.264720e+01 1.942780e+02 -5.683121e+01
         vertex -4.826460e+01 1.942780e+02 -5.214497e+01
      endloop
   endfacet
   facet normal -6.355462e-01 1.252782e-01 -7.618310e-01
      outer loop
         vertex -4.153615e+01 2.089180e+02 -5.535064e+01
         vertex -4.826460e+01 1.942780e+02 -5.214497e+01
         vertex -4.700721e+01 2.089180e+02 -5.078649e+01
      endloop
   endfacet
   facet normal -6.374689e-01 9.864224e-02 -7.641355e-01
      outer loop
         vertex -4.264720e+01 1.942780e+02 -5.683121e+01
         vertex -4.406728e+01 1.704415e+02 -5.872359e+01
         vertex -4.987173e+01 1.704415e+02 -5.388131e+01
      endloop
   endfacet
   facet normal -6.374688e-01 9.864222e-02 -7.641356e-01
      outer loop
         vertex -4.264720e+01 1.942780e+02 -5.683121e+01
         vertex -4.987173e+01 1.704415e+02 -5.388131e+01
         vertex -4.826460e+01 1.942780e+02 -5.214497e+01
      endloop
   endfacet
   facet normal -6.392122e-01 6.562680e-02 -7.662251e-01
      outer loop
         vertex -4.406728e+01 1.704415e+02 -5.872359e+01
         vertex -4.507927e+01 1.448394e+02 -6.007215e+01
         vertex -5.101702e+01 1.448394e+02 -5.511867e+01
      endloop
   endfacet
   facet normal -6.392121e-01 6.562677e-02 -7.662252e-01
      outer loop
         vertex -4.406728e+01 1.704415e+02 -5.872359e+01
         vertex -5.101702e+01 1.448394e+02 -5.511867e+01
         vertex -4.987173e+01 1.704415e+02 -5.388131e+01
      endloop
   endfacet
   facet normal -6.721697e-01 3.450473e-01 -6.550804e-01
      outer loop
         vertex -1.951040e+01 3.650903e+02 -2.107899e+01
         vertex -2.515063e+01 3.425338e+02 -2.717268e+01
         vertex -2.781125e+01 3.425338e+02 -2.444265e+01
      endloop
   endfacet
   facet normal -6.721702e-01 3.450474e-01 -6.550798e-01
      outer loop
         vertex -1.951040e+01 3.650903e+02 -2.107899e+01
         vertex -2.781125e+01 3.425338e+02 -2.444265e+01
         vertex -2.157435e+01 3.650903e+02 -1.896119e+01
      endloop
   endfacet
   facet normal -6.801243e-01 3.131861e-01 -6.628314e-01
      outer loop
         vertex -2.515063e+01 3.425338e+02 -2.717268e+01
         vertex -3.022055e+01 3.199311e+02 -3.265022e+01
         vertex -3.341750e+01 3.199311e+02 -2.936986e+01
      endloop
   endfacet
   facet normal -6.801236e-01 3.131859e-01 -6.628321e-01
      outer loop
         vertex -2.515063e+01 3.425338e+02 -2.717268e+01
         vertex -3.341750e+01 3.199311e+02 -2.936986e+01
         vertex -2.781125e+01 3.425338e+02 -2.444265e+01
      endloop
   endfacet
   facet normal -6.869517e-01 2.826409e-01 -6.694860e-01
      outer loop
         vertex -3.022055e+01 3.199311e+02 -3.265022e+01
         vertex -3.420615e+01 3.000446e+02 -3.695625e+01
         vertex -3.782474e+01 3.000446e+02 -3.324327e+01
      endloop
   endfacet
   facet normal -6.869520e-01 2.826411e-01 -6.694856e-01
      outer loop
         vertex -3.022055e+01 3.199311e+02 -3.265022e+01
         vertex -3.782474e+01 3.000446e+02 -3.324327e+01
         vertex -3.341750e+01 3.199311e+02 -2.936986e+01
      endloop
   endfacet
   facet normal -6.901662e-01 2.669342e-01 -6.726193e-01
      outer loop
         vertex -3.420615e+01 3.000446e+02 -3.695625e+01
         vertex -3.451945e+01 2.983816e+02 -3.729474e+01
         vertex -3.817118e+01 2.983816e+02 -3.354775e+01
      endloop
   endfacet
   facet normal -6.901663e-01 2.669351e-01 -6.726189e-01
      outer loop
         vertex -3.420615e+01 3.000446e+02 -3.695625e+01
         vertex -3.817118e+01 2.983816e+02 -3.354775e+01
         vertex -3.782474e+01 3.000446e+02 -3.324327e+01
      endloop
   endfacet
   facet normal -6.908833e-01 2.632925e-01 -6.733182e-01
      outer loop
         vertex -3.451945e+01 2.983816e+02 -3.729474e+01
         vertex -3.513754e+01 2.950520e+02 -3.796252e+01
         vertex -3.885466e+01 2.950520e+02 -3.414844e+01
      endloop
   endfacet
   facet normal -6.908833e-01 2.632926e-01 -6.733181e-01
      outer loop
         vertex -3.451945e+01 2.983816e+02 -3.729474e+01
         vertex -3.885466e+01 2.950520e+02 -3.414844e+01
         vertex -3.817118e+01 2.983816e+02 -3.354775e+01
      endloop
   endfacet
   facet normal -6.922881e-01 2.559972e-01 -6.746871e-01
      outer loop
         vertex -3.513754e+01 2.950520e+02 -3.796252e+01
         vertex -3.633963e+01 2.883784e+02 -3.926126e+01
         vertex -4.018391e+01 2.883784e+02 -3.531669e+01
      endloop
   endfacet
   facet normal -6.922880e-01 2.559970e-01 -6.746872e-01
      outer loop
         vertex -3.513754e+01 2.950520e+02 -3.796252e+01
         vertex -4.018391e+01 2.883784e+02 -3.531669e+01
         vertex -3.885466e+01 2.950520e+02 -3.414844e+01
      endloop
   endfacet
   facet normal -6.949766e-01 2.413773e-01 -6.773068e-01
      outer loop
         vertex -3.633963e+01 2.883784e+02 -3.926126e+01
         vertex -3.860700e+01 2.749764e+02 -4.171092e+01
         vertex -4.269114e+01 2.749764e+02 -3.752023e+01
      endloop
   endfacet
   facet normal -6.949764e-01 2.413772e-01 -6.773070e-01
      outer loop
         vertex -3.633963e+01 2.883784e+02 -3.926126e+01
         vertex -4.269114e+01 2.749764e+02 -3.752023e+01
         vertex -4.018391e+01 2.883784e+02 -3.531669e+01
      endloop
   endfacet
   facet normal -6.994054e-01 2.149936e-01 -6.816229e-01
      outer loop
         vertex -3.860700e+01 2.749764e+02 -4.171092e+01
         vertex -4.203339e+01 2.520934e+02 -4.541278e+01
         vertex -4.647999e+01 2.520934e+02 -4.085017e+01
      endloop
   endfacet
   facet normal -6.994054e-01 2.149935e-01 -6.816230e-01
      outer loop
         vertex -3.860700e+01 2.749764e+02 -4.171092e+01
         vertex -4.647999e+01 2.520934e+02 -4.085017e+01
         vertex -4.269114e+01 2.749764e+02 -3.752023e+01
      endloop
   endfacet
   facet normal -7.042474e-01 1.815784e-01 -6.863417e-01
      outer loop
         vertex -4.203339e+01 2.520934e+02 -4.541278e+01
         vertex -4.492754e+01 2.290494e+02 -4.853962e+01
         vertex -4.968031e+01 2.290494e+02 -4.366285e+01
      endloop
   endfacet
   facet normal -7.042473e-01 1.815784e-01 -6.863418e-01
      outer loop
         vertex -4.203339e+01 2.520934e+02 -4.541278e+01
         vertex -4.968031e+01 2.290494e+02 -4.366285e+01
         vertex -4.647999e+01 2.520934e+02 -4.085017e+01
      endloop
   endfacet
   facet normal -7.069938e-01 1.594135e-01 -6.890190e-01
      outer loop
         vertex -4.492754e+01 2.290494e+02 -4.853962e+01
         vertex -4.573516e+01 2.216963e+02 -4.941216e+01
         vertex -5.057337e+01 2.216963e+02 -4.444774e+01
      endloop
   endfacet
   facet normal -7.069941e-01 1.594140e-01 -6.890186e-01
      outer loop
         vertex -4.492754e+01 2.290494e+02 -4.853962e+01
         vertex -5.057337e+01 2.216963e+02 -4.444774e+01
         vertex -4.968031e+01 2.290494e+02 -4.366285e+01
      endloop
   endfacet
   facet normal -7.077510e-01 1.527225e-01 -6.897568e-01
      outer loop
         vertex -4.573516e+01 2.216963e+02 -4.941216e+01
         vertex -4.592683e+01 2.198728e+02 -4.961924e+01
         vertex -5.078531e+01 2.198728e+02 -4.463401e+01
      endloop
   endfacet
   facet normal -7.077510e-01 1.527220e-01 -6.897569e-01
      outer loop
         vertex -4.573516e+01 2.216963e+02 -4.941216e+01
         vertex -5.078531e+01 2.198728e+02 -4.463401e+01
         vertex -5.057337e+01 2.216963e+02 -4.444774e+01
      endloop
   endfacet
   facet normal -7.081846e-01 1.487537e-01 -6.901789e-01
      outer loop
         vertex -4.592683e+01 2.198728e+02 -4.961924e+01
         vertex -4.630019e+01 2.162238e+02 -5.002262e+01
         vertex -5.119817e+01 2.162238e+02 -4.499686e+01
      endloop
   endfacet
   facet normal -7.081844e-01 1.487531e-01 -6.901792e-01
      outer loop
         vertex -4.592683e+01 2.198728e+02 -4.961924e+01
         vertex -5.119817e+01 2.162238e+02 -4.499686e+01
         vertex -5.078531e+01 2.198728e+02 -4.463401e+01
      endloop
   endfacet
   facet normal -7.090116e-01 1.408619e-01 -6.909851e-01
      outer loop
         vertex -4.630019e+01 2.162238e+02 -5.002262e+01
         vertex -4.700721e+01 2.089180e+02 -5.078649e+01
         vertex -5.197999e+01 2.089180e+02 -4.568398e+01
      endloop
   endfacet
   facet normal -7.090117e-01 1.408621e-01 -6.909850e-01
      outer loop
         vertex -4.630019e+01 2.162238e+02 -5.002262e+01
         vertex -5.197999e+01 2.089180e+02 -4.568398e+01
         vertex -5.119817e+01 2.162238e+02 -4.499686e+01
      endloop
   endfacet
   facet normal -7.105102e-01 1.252782e-01 -6.924454e-01
      outer loop
         vertex -4.700721e+01 2.089180e+02 -5.078649e+01
         vertex -4.826460e+01 1.942780e+02 -5.214497e+01
         vertex -5.337039e+01 1.942780e+02 -4.690598e+01
      endloop
   endfacet
   facet normal -7.105101e-01 1.252781e-01 -6.924455e-01
      outer loop
         vertex -4.700721e+01 2.089180e+02 -5.078649e+01
         vertex -5.337039e+01 1.942780e+02 -4.690598e+01
         vertex -5.197999e+01 2.089180e+02 -4.568398e+01
      endloop
   endfacet
   facet normal -7.126596e-01 9.864223e-02 -6.945401e-01
      outer loop
         vertex -4.826460e+01 1.942780e+02 -5.214497e+01
         vertex -4.987173e+01 1.704415e+02 -5.388131e+01
         vertex -5.514753e+01 1.704415e+02 -4.846786e+01
      endloop
   endfacet
   facet normal -7.126596e-01 9.864220e-02 -6.945402e-01
      outer loop
         vertex -4.826460e+01 1.942780e+02 -5.214497e+01
         vertex -5.514753e+01 1.704415e+02 -4.846786e+01
         vertex -5.337039e+01 1.942780e+02 -4.690598e+01
      endloop
   endfacet
   facet normal -7.146084e-01 6.562676e-02 -6.964395e-01
      outer loop
         vertex -4.987173e+01 1.704415e+02 -5.388131e+01
         vertex -5.101702e+01 1.448394e+02 -5.511867e+01
         vertex -5.641398e+01 1.448394e+02 -4.958091e+01
      endloop
   endfacet
   facet normal -7.146085e-01 6.562683e-02 -6.964394e-01
      outer loop
         vertex -4.987173e+01 1.704415e+02 -5.388131e+01
         vertex -5.641398e+01 1.448394e+02 -4.958091e+01
         vertex -5.514753e+01 1.704415e+02 -4.846786e+01
      endloop
   endfacet
   facet normal -7.359634e-01 3.450474e-01 -5.824948e-01
      outer loop
         vertex -2.157435e+01 3.650903e+02 -1.896119e+01
         vertex -2.781125e+01 3.425338e+02 -2.444265e+01
         vertex -3.017706e+01 3.425338e+02 -2.145352e+01
      endloop
   endfacet
   facet normal -7.359631e-01 3.450473e-01 -5.824952e-01
      outer loop
         vertex -2.157435e+01 3.650903e+02 -1.896119e+01
         vertex -3.017706e+01 3.425338e+02 -2.145352e+01
         vertex -2.340961e+01 3.650903e+02 -1.664239e+01
      endloop
   endfacet
   facet normal -7.446718e-01 3.131859e-01 -5.893882e-01
      outer loop
         vertex -2.781125e+01 3.425338e+02 -2.444265e+01
         vertex -3.341750e+01 3.199311e+02 -2.936986e+01
         vertex -3.626023e+01 3.199311e+02 -2.577817e+01
      endloop
   endfacet
   facet normal -7.446722e-01 3.131860e-01 -5.893876e-01
      outer loop
         vertex -2.781125e+01 3.425338e+02 -2.444265e+01
         vertex -3.626023e+01 3.199311e+02 -2.577817e+01
         vertex -3.017706e+01 3.425338e+02 -2.145352e+01
      endloop
   endfacet
   facet normal -7.521479e-01 2.826411e-01 -5.953046e-01
      outer loop
         vertex -3.341750e+01 3.199311e+02 -2.936986e+01
         vertex -3.782474e+01 3.000446e+02 -3.324327e+01
         vertex -4.104237e+01 3.000446e+02 -2.917790e+01
      endloop
   endfacet
   facet normal -7.521476e-01 2.826409e-01 -5.953051e-01
      outer loop
         vertex -3.341750e+01 3.199311e+02 -2.936986e+01
         vertex -4.104237e+01 3.000446e+02 -2.917790e+01
         vertex -3.626023e+01 3.199311e+02 -2.577817e+01
      endloop
   endfacet
   facet normal -7.556676e-01 2.669351e-01 -5.980904e-01
      outer loop
         vertex -3.782474e+01 3.000446e+02 -3.324327e+01
         vertex -3.817118e+01 2.983816e+02 -3.354775e+01
         vertex -4.141828e+01 2.983816e+02 -2.944514e+01
      endloop
   endfacet
   facet normal -7.556676e-01 2.669351e-01 -5.980903e-01
      outer loop
         vertex -3.782474e+01 3.000446e+02 -3.324327e+01
         vertex -4.141828e+01 2.983816e+02 -2.944514e+01
         vertex -4.104237e+01 3.000446e+02 -2.917790e+01
      endloop
   endfacet
   facet normal -7.564529e-01 2.632927e-01 -5.987119e-01
      outer loop
         vertex -3.817118e+01 2.983816e+02 -3.354775e+01
         vertex -3.885466e+01 2.950520e+02 -3.414844e+01
         vertex -4.215990e+01 2.950520e+02 -2.997237e+01
      endloop
   endfacet
   facet normal -7.564529e-01 2.632927e-01 -5.987119e-01
      outer loop
         vertex -3.817118e+01 2.983816e+02 -3.354775e+01
         vertex -4.215990e+01 2.950520e+02 -2.997237e+01
         vertex -4.141828e+01 2.983816e+02 -2.944514e+01
      endloop
   endfacet
   facet normal -7.579909e-01 2.559970e-01 -5.999294e-01
      outer loop
         vertex -3.885466e+01 2.950520e+02 -3.414844e+01
         vertex -4.018391e+01 2.883784e+02 -3.531669e+01
         vertex -4.360223e+01 2.883784e+02 -3.099776e+01
      endloop
   endfacet
   facet normal -7.579910e-01 2.559971e-01 -5.999292e-01
      outer loop
         vertex -3.885466e+01 2.950520e+02 -3.414844e+01
         vertex -4.360223e+01 2.883784e+02 -3.099776e+01
         vertex -4.215990e+01 2.950520e+02 -2.997237e+01
      endloop
   endfacet
   facet normal -7.609344e-01 2.413772e-01 -6.022590e-01
      outer loop
         vertex -4.018391e+01 2.883784e+02 -3.531669e+01
         vertex -4.269114e+01 2.749764e+02 -3.752023e+01
         vertex -4.632274e+01 2.749764e+02 -3.293183e+01
      endloop
   endfacet
   facet normal -7.609343e-01 2.413772e-01 -6.022591e-01
      outer loop
         vertex -4.018391e+01 2.883784e+02 -3.531669e+01
         vertex -4.632274e+01 2.749764e+02 -3.293183e+01
         vertex -4.360223e+01 2.883784e+02 -3.099776e+01
      endloop
   endfacet
   facet normal -7.657833e-01 2.149935e-01 -6.060971e-01
      outer loop
         vertex -4.269114e+01 2.749764e+02 -3.752023e+01
         vertex -4.647999e+01 2.520934e+02 -4.085017e+01
         vertex -5.043390e+01 2.520934e+02 -3.585454e+01
      endloop
   endfacet
   facet normal -7.657834e-01 2.149936e-01 -6.060969e-01
      outer loop
         vertex -4.269114e+01 2.749764e+02 -3.752023e+01
         vertex -5.043390e+01 2.520934e+02 -3.585454e+01
         vertex -4.632274e+01 2.749764e+02 -3.293183e+01
      endloop
   endfacet
   facet normal -7.710848e-01 1.815784e-01 -6.102929e-01
      outer loop
         vertex -4.647999e+01 2.520934e+02 -4.085017e+01
         vertex -4.968031e+01 2.290494e+02 -4.366285e+01
         vertex -5.390646e+01 2.290494e+02 -3.832326e+01
      endloop
   endfacet
   facet normal -7.710847e-01 1.815783e-01 -6.102931e-01
      outer loop
         vertex -4.647999e+01 2.520934e+02 -4.085017e+01
         vertex -5.390646e+01 2.290494e+02 -3.832326e+01
         vertex -5.043390e+01 2.520934e+02 -3.585454e+01
      endloop
   endfacet
   facet normal -7.740927e-01 1.594140e-01 -6.126726e-01
      outer loop
         vertex -4.968031e+01 2.290494e+02 -4.366285e+01
         vertex -5.057337e+01 2.216963e+02 -4.444774e+01
         vertex -5.487548e+01 2.216963e+02 -3.901215e+01
      endloop
   endfacet
   facet normal -7.740923e-01 1.594133e-01 -6.126733e-01
      outer loop
         vertex -4.968031e+01 2.290494e+02 -4.366285e+01
         vertex -5.487548e+01 2.216963e+02 -3.901215e+01
         vertex -5.390646e+01 2.290494e+02 -3.832326e+01
      endloop
   endfacet
   facet normal -7.749215e-01 1.527219e-01 -6.133292e-01
      outer loop
         vertex -5.057337e+01 2.216963e+02 -4.444774e+01
         vertex -5.078531e+01 2.198728e+02 -4.463401e+01
         vertex -5.510546e+01 2.198728e+02 -3.917565e+01
      endloop
   endfacet
   facet normal -7.749216e-01 1.527237e-01 -6.133286e-01
      outer loop
         vertex -5.057337e+01 2.216963e+02 -4.444774e+01
         vertex -5.510546e+01 2.198728e+02 -3.917565e+01
         vertex -5.487548e+01 2.216963e+02 -3.901215e+01
      endloop
   endfacet
   facet normal -7.753961e-01 1.487532e-01 -6.137046e-01
      outer loop
         vertex -5.078531e+01 2.198728e+02 -4.463401e+01
         vertex -5.119817e+01 2.162238e+02 -4.499686e+01
         vertex -5.555343e+01 2.162238e+02 -3.949412e+01
      endloop
   endfacet
   facet normal -7.753961e-01 1.487529e-01 -6.137048e-01
      outer loop
         vertex -5.078531e+01 2.198728e+02 -4.463401e+01
         vertex -5.555343e+01 2.162238e+02 -3.949412e+01
         vertex -5.510546e+01 2.198728e+02 -3.917565e+01
      endloop
   endfacet
   facet normal -7.763016e-01 1.408621e-01 -6.144215e-01
      outer loop
         vertex -5.119817e+01 2.162238e+02 -4.499686e+01
         vertex -5.197999e+01 2.089180e+02 -4.568398e+01
         vertex -5.640176e+01 2.089180e+02 -4.009722e+01
      endloop
   endfacet
   facet normal -7.763017e-01 1.408623e-01 -6.144213e-01
      outer loop
         vertex -5.119817e+01 2.162238e+02 -4.499686e+01
         vertex -5.640176e+01 2.089180e+02 -4.009722e+01
         vertex -5.555343e+01 2.162238e+02 -3.949412e+01
      endloop
   endfacet
   facet normal -7.779423e-01 1.252781e-01 -6.157201e-01
      outer loop
         vertex -5.197999e+01 2.089180e+02 -4.568398e+01
         vertex -5.337039e+01 1.942780e+02 -4.690598e+01
         vertex -5.791044e+01 1.942780e+02 -4.116977e+01
      endloop
   endfacet
   facet normal -7.779423e-01 1.252781e-01 -6.157201e-01
      outer loop
         vertex -5.197999e+01 2.089180e+02 -4.568398e+01
         vertex -5.791044e+01 1.942780e+02 -4.116977e+01
         vertex -5.640176e+01 2.089180e+02 -4.009722e+01
      endloop
   endfacet
   facet normal -7.802954e-01 9.864220e-02 -6.175830e-01
      outer loop
         vertex -5.337039e+01 1.942780e+02 -4.690598e+01
         vertex -5.514753e+01 1.704415e+02 -4.846786e+01
         vertex -5.983876e+01 1.704415e+02 -4.254066e+01
      endloop
   endfacet
   facet normal -7.802956e-01 9.864232e-02 -6.175827e-01
      outer loop
         vertex -5.337039e+01 1.942780e+02 -4.690598e+01
         vertex -5.983876e+01 1.704415e+02 -4.254066e+01
         vertex -5.791044e+01 1.942780e+02 -4.116977e+01
      endloop
   endfacet
   facet normal -7.824293e-01 6.562683e-02 -6.192717e-01
      outer loop
         vertex -5.514753e+01 1.704415e+02 -4.846786e+01
         vertex -5.641398e+01 1.448394e+02 -4.958091e+01
         vertex -6.121294e+01 1.448394e+02 -4.351759e+01
      endloop
   endfacet
   facet normal -7.824292e-01 6.562679e-02 -6.192719e-01
      outer loop
         vertex -5.514753e+01 1.704415e+02 -4.846786e+01
         vertex -6.121294e+01 1.448394e+02 -4.351759e+01
         vertex -5.983876e+01 1.704415e+02 -4.254066e+01
      endloop
   endfacet
   facet normal -7.919553e-01 3.450473e-01 -5.037351e-01
      outer loop
         vertex -2.340961e+01 3.650903e+02 -1.664239e+01
         vertex -3.017706e+01 3.425338e+02 -2.145352e+01
         vertex -3.222300e+01 3.425338e+02 -1.823698e+01
      endloop
   endfacet
   facet normal -7.919552e-01 3.450473e-01 -5.037354e-01
      outer loop
         vertex -2.340961e+01 3.650903e+02 -1.664239e+01
         vertex -3.222300e+01 3.425338e+02 -1.823698e+01
         vertex -2.499673e+01 3.650903e+02 -1.414719e+01
      endloop
   endfacet
   facet normal -8.013270e-01 3.131860e-01 -5.096956e-01
      outer loop
         vertex -3.017706e+01 3.425338e+02 -2.145352e+01
         vertex -3.626023e+01 3.199311e+02 -2.577817e+01
         vertex -3.871858e+01 3.199311e+02 -2.191323e+01
      endloop
   endfacet
   facet normal -8.013268e-01 3.131860e-01 -5.096960e-01
      outer loop
         vertex -3.017706e+01 3.425338e+02 -2.145352e+01
         vertex -3.871858e+01 3.199311e+02 -2.191323e+01
         vertex -3.222300e+01 3.425338e+02 -1.823698e+01
      endloop
   endfacet
   facet normal -8.093711e-01 2.826409e-01 -5.148131e-01
      outer loop
         vertex -3.626023e+01 3.199311e+02 -2.577817e+01
         vertex -4.104237e+01 3.000446e+02 -2.917790e+01
         vertex -4.382494e+01 3.000446e+02 -2.480323e+01
      endloop
   endfacet
   facet normal -8.093715e-01 2.826411e-01 -5.148124e-01
      outer loop
         vertex -3.626023e+01 3.199311e+02 -2.577817e+01
         vertex -4.382494e+01 3.000446e+02 -2.480323e+01
         vertex -3.871858e+01 3.199311e+02 -2.191323e+01
      endloop
   endfacet
   facet normal -8.131588e-01 2.669352e-01 -5.172217e-01
      outer loop
         vertex -4.104237e+01 3.000446e+02 -2.917790e+01
         vertex -4.141828e+01 2.983816e+02 -2.944514e+01
         vertex -4.422634e+01 2.983816e+02 -2.503041e+01
      endloop
   endfacet
   facet normal -8.131589e-01 2.669336e-01 -5.172224e-01
      outer loop
         vertex -4.104237e+01 3.000446e+02 -2.917790e+01
         vertex -4.422634e+01 2.983816e+02 -2.503041e+01
         vertex -4.382494e+01 3.000446e+02 -2.480323e+01
      endloop
   endfacet
   facet normal -8.140037e-01 2.632927e-01 -5.177595e-01
      outer loop
         vertex -4.141828e+01 2.983816e+02 -2.944514e+01
         vertex -4.215990e+01 2.950520e+02 -2.997237e+01
         vertex -4.501823e+01 2.950520e+02 -2.547859e+01
      endloop
   endfacet
   facet normal -8.140038e-01 2.632931e-01 -5.177592e-01
      outer loop
         vertex -4.141828e+01 2.983816e+02 -2.944514e+01
         vertex -4.501823e+01 2.950520e+02 -2.547859e+01
         vertex -4.422634e+01 2.983816e+02 -2.503041e+01
      endloop
   endfacet
   facet normal -8.156588e-01 2.559971e-01 -5.188122e-01
      outer loop
         vertex -4.215990e+01 2.950520e+02 -2.997237e+01
         vertex -4.360223e+01 2.883784e+02 -3.099776e+01
         vertex -4.655835e+01 2.883784e+02 -2.635024e+01
      endloop
   endfacet
   facet normal -8.156588e-01 2.559971e-01 -5.188122e-01
      outer loop
         vertex -4.215990e+01 2.950520e+02 -2.997237e+01
         vertex -4.655835e+01 2.883784e+02 -2.635024e+01
         vertex -4.501823e+01 2.950520e+02 -2.547859e+01
      endloop
   endfacet
   facet normal -8.188266e-01 2.413772e-01 -5.208264e-01
      outer loop
         vertex -4.360223e+01 2.883784e+02 -3.099776e+01
         vertex -4.632274e+01 2.749764e+02 -3.293183e+01
         vertex -4.946330e+01 2.749764e+02 -2.799433e+01
      endloop
   endfacet
   facet normal -8.188263e-01 2.413769e-01 -5.208269e-01
      outer loop
         vertex -4.360223e+01 2.883784e+02 -3.099776e+01
         vertex -4.946330e+01 2.749764e+02 -2.799433e+01
         vertex -4.655835e+01 2.883784e+02 -2.635024e+01
      endloop
   endfacet
   facet normal -8.240444e-01 2.149936e-01 -5.241456e-01
      outer loop
         vertex -4.632274e+01 2.749764e+02 -3.293183e+01
         vertex -5.043390e+01 2.520934e+02 -3.585454e+01
         vertex -5.385319e+01 2.520934e+02 -3.047884e+01
      endloop
   endfacet
   facet normal -8.240445e-01 2.149937e-01 -5.241453e-01
      outer loop
         vertex -4.632274e+01 2.749764e+02 -3.293183e+01
         vertex -5.385319e+01 2.520934e+02 -3.047884e+01
         vertex -4.946330e+01 2.749764e+02 -2.799433e+01
      endloop
   endfacet
   facet normal -8.297491e-01 1.815783e-01 -5.277744e-01
      outer loop
         vertex -5.043390e+01 2.520934e+02 -3.585454e+01
         vertex -5.390646e+01 2.290494e+02 -3.832326e+01
         vertex -5.756118e+01 2.290494e+02 -3.257742e+01
      endloop
   endfacet
   facet normal -8.297491e-01 1.815784e-01 -5.277742e-01
      outer loop
         vertex -5.043390e+01 2.520934e+02 -3.585454e+01
         vertex -5.756118e+01 2.290494e+02 -3.257742e+01
         vertex -5.385319e+01 2.520934e+02 -3.047884e+01
      endloop
   endfacet
   facet normal -8.329851e-01 1.594133e-01 -5.298332e-01
      outer loop
         vertex -5.390646e+01 2.290494e+02 -3.832326e+01
         vertex -5.487548e+01 2.216963e+02 -3.901215e+01
         vertex -5.859591e+01 2.216963e+02 -3.316303e+01
      endloop
   endfacet
   facet normal -8.329853e-01 1.594137e-01 -5.298328e-01
      outer loop
         vertex -5.390646e+01 2.290494e+02 -3.832326e+01
         vertex -5.859591e+01 2.216963e+02 -3.316303e+01
         vertex -5.756118e+01 2.290494e+02 -3.257742e+01
      endloop
   endfacet
   facet normal -8.338771e-01 1.527235e-01 -5.304003e-01
      outer loop
         vertex -5.487548e+01 2.216963e+02 -3.901215e+01
         vertex -5.510546e+01 2.198728e+02 -3.917565e+01
         vertex -5.884147e+01 2.198728e+02 -3.330202e+01
      endloop
   endfacet
   facet normal -8.338771e-01 1.527229e-01 -5.304005e-01
      outer loop
         vertex -5.487548e+01 2.216963e+02 -3.901215e+01
         vertex -5.884147e+01 2.198728e+02 -3.330202e+01
         vertex -5.859591e+01 2.216963e+02 -3.316303e+01
      endloop
   endfacet
   facet normal -8.343879e-01 1.487529e-01 -5.307254e-01
      outer loop
         vertex -5.510546e+01 2.198728e+02 -3.917565e+01
         vertex -5.555343e+01 2.162238e+02 -3.949412e+01
         vertex -5.931982e+01 2.162238e+02 -3.357274e+01
      endloop
   endfacet
   facet normal -8.343879e-01 1.487532e-01 -5.307252e-01
      outer loop
         vertex -5.510546e+01 2.198728e+02 -3.917565e+01
         vertex -5.931982e+01 2.162238e+02 -3.357274e+01
         vertex -5.884147e+01 2.198728e+02 -3.330202e+01
      endloop
   endfacet
   facet normal -8.353624e-01 1.408623e-01 -5.313449e-01
      outer loop
         vertex -5.555343e+01 2.162238e+02 -3.949412e+01
         vertex -5.640176e+01 2.089180e+02 -4.009722e+01
         vertex -6.022566e+01 2.089180e+02 -3.408541e+01
      endloop
   endfacet
   facet normal -8.353623e-01 1.408620e-01 -5.313452e-01
      outer loop
         vertex -5.555343e+01 2.162238e+02 -3.949412e+01
         vertex -6.022566e+01 2.089180e+02 -3.408541e+01
         vertex -5.931982e+01 2.162238e+02 -3.357274e+01
      endloop
   endfacet
   facet normal -8.371280e-01 1.252781e-01 -5.324680e-01
      outer loop
         vertex -5.640176e+01 2.089180e+02 -4.009722e+01
         vertex -5.791044e+01 1.942780e+02 -4.116977e+01
         vertex -6.183663e+01 1.942780e+02 -3.499716e+01
      endloop
   endfacet
   facet normal -8.371280e-01 1.252781e-01 -5.324680e-01
      outer loop
         vertex -5.640176e+01 2.089180e+02 -4.009722e+01
         vertex -6.183663e+01 1.942780e+02 -3.499716e+01
         vertex -6.022566e+01 2.089180e+02 -3.408541e+01
      endloop
   endfacet
   facet normal -8.396606e-01 9.864231e-02 -5.340785e-01
      outer loop
         vertex -5.791044e+01 1.942780e+02 -4.116977e+01
         vertex -5.983876e+01 1.704415e+02 -4.254066e+01
         vertex -6.389568e+01 1.704415e+02 -3.616250e+01
      endloop
   endfacet
   facet normal -8.396604e-01 9.864220e-02 -5.340788e-01
      outer loop
         vertex -5.791044e+01 1.942780e+02 -4.116977e+01
         vertex -6.389568e+01 1.704415e+02 -3.616250e+01
         vertex -6.183663e+01 1.942780e+02 -3.499716e+01
      endloop
   endfacet
   facet normal -8.419566e-01 6.562678e-02 -5.355392e-01
      outer loop
         vertex -5.983876e+01 1.704415e+02 -4.254066e+01
         vertex -6.121294e+01 1.448394e+02 -4.351759e+01
         vertex -6.536302e+01 1.448394e+02 -3.699297e+01
      endloop
   endfacet
   facet normal -8.419567e-01 6.562686e-02 -5.355390e-01
      outer loop
         vertex -5.983876e+01 1.704415e+02 -4.254066e+01
         vertex -6.536302e+01 1.448394e+02 -3.699297e+01
         vertex -6.389568e+01 1.704415e+02 -3.616250e+01
      endloop
   endfacet
   facet normal -8.395525e-01 3.450473e-01 -4.196355e-01
      outer loop
         vertex -2.499673e+01 3.650903e+02 -1.414719e+01
         vertex -3.222300e+01 3.425338e+02 -1.823698e+01
         vertex -3.392735e+01 3.425338e+02 -1.482712e+01
      endloop
   endfacet
   facet normal -8.395525e-01 3.450473e-01 -4.196355e-01
      outer loop
         vertex -2.499673e+01 3.650903e+02 -1.414719e+01
         vertex -3.392735e+01 3.425338e+02 -1.482712e+01
         vertex -2.631887e+01 3.650903e+02 -1.150202e+01
      endloop
   endfacet
   facet normal -8.494870e-01 3.131860e-01 -4.246015e-01
      outer loop
         vertex -3.222300e+01 3.425338e+02 -1.823698e+01
         vertex -3.871858e+01 3.199311e+02 -2.191323e+01
         vertex -4.076651e+01 3.199311e+02 -1.781601e+01
      endloop
   endfacet
   facet normal -8.494871e-01 3.131860e-01 -4.246011e-01
      outer loop
         vertex -3.222300e+01 3.425338e+02 -1.823698e+01
         vertex -4.076651e+01 3.199311e+02 -1.781601e+01
         vertex -3.392735e+01 3.425338e+02 -1.482712e+01
      endloop
   endfacet
   facet normal -8.580150e-01 2.826411e-01 -4.288639e-01
      outer loop
         vertex -3.871858e+01 3.199311e+02 -2.191323e+01
         vertex -4.382494e+01 3.000446e+02 -2.480323e+01
         vertex -4.614296e+01 3.000446e+02 -2.016565e+01
      endloop
   endfacet
   facet normal -8.580149e-01 2.826411e-01 -4.288641e-01
      outer loop
         vertex -3.871858e+01 3.199311e+02 -2.191323e+01
         vertex -4.614296e+01 3.000446e+02 -2.016565e+01
         vertex -4.076651e+01 3.199311e+02 -1.781601e+01
      endloop
   endfacet
   facet normal -8.620307e-01 2.669336e-01 -4.308706e-01
      outer loop
         vertex -4.382494e+01 3.000446e+02 -2.480323e+01
         vertex -4.422634e+01 2.983816e+02 -2.503041e+01
         vertex -4.656558e+01 2.983816e+02 -2.035035e+01
      endloop
   endfacet
   facet normal -8.620308e-01 2.669324e-01 -4.308711e-01
      outer loop
         vertex -4.382494e+01 3.000446e+02 -2.480323e+01
         vertex -4.656558e+01 2.983816e+02 -2.035035e+01
         vertex -4.614296e+01 3.000446e+02 -2.016565e+01
      endloop
   endfacet
   facet normal -8.629261e-01 2.632931e-01 -4.313181e-01
      outer loop
         vertex -4.422634e+01 2.983816e+02 -2.503041e+01
         vertex -4.501823e+01 2.950520e+02 -2.547859e+01
         vertex -4.739936e+01 2.950520e+02 -2.071473e+01
      endloop
   endfacet
   facet normal -8.629261e-01 2.632930e-01 -4.313182e-01
      outer loop
         vertex -4.422634e+01 2.983816e+02 -2.503041e+01
         vertex -4.739936e+01 2.950520e+02 -2.071473e+01
         vertex -4.656558e+01 2.983816e+02 -2.035035e+01
      endloop
   endfacet
   facet normal -8.646806e-01 2.559971e-01 -4.321955e-01
      outer loop
         vertex -4.501823e+01 2.950520e+02 -2.547859e+01
         vertex -4.655835e+01 2.883784e+02 -2.635024e+01
         vertex -4.902095e+01 2.883784e+02 -2.142341e+01
      endloop
   endfacet
   facet normal -8.646807e-01 2.559974e-01 -4.321951e-01
      outer loop
         vertex -4.501823e+01 2.950520e+02 -2.547859e+01
         vertex -4.902095e+01 2.883784e+02 -2.142341e+01
         vertex -4.739936e+01 2.950520e+02 -2.071473e+01
      endloop
   endfacet
   facet normal -8.680383e-01 2.413769e-01 -4.338741e-01
      outer loop
         vertex -4.655835e+01 2.883784e+02 -2.635024e+01
         vertex -4.946330e+01 2.749764e+02 -2.799433e+01
         vertex -5.207955e+01 2.749764e+02 -2.276009e+01
      endloop
   endfacet
   facet normal -8.680384e-01 2.413770e-01 -4.338738e-01
      outer loop
         vertex -4.655835e+01 2.883784e+02 -2.635024e+01
         vertex -5.207955e+01 2.749764e+02 -2.276009e+01
         vertex -4.902095e+01 2.883784e+02 -2.142341e+01
      endloop
   endfacet
   facet normal -8.735700e-01 2.149937e-01 -4.366385e-01
      outer loop
         vertex -4.946330e+01 2.749764e+02 -2.799433e+01
         vertex -5.385319e+01 2.520934e+02 -3.047884e+01
         vertex -5.670163e+01 2.520934e+02 -2.478006e+01
      endloop
   endfacet
   facet normal -8.735698e-01 2.149936e-01 -4.366389e-01
      outer loop
         vertex -4.946330e+01 2.749764e+02 -2.799433e+01
         vertex -5.670163e+01 2.520934e+02 -2.478006e+01
         vertex -5.207955e+01 2.749764e+02 -2.276009e+01
      endloop
   endfacet
   facet normal -8.796177e-01 1.815784e-01 -4.396612e-01
      outer loop
         vertex -5.385319e+01 2.520934e+02 -3.047884e+01
         vertex -5.756118e+01 2.290494e+02 -3.257742e+01
         vertex -6.060574e+01 2.290494e+02 -2.648626e+01
      endloop
   endfacet
   facet normal -8.796177e-01 1.815783e-01 -4.396613e-01
      outer loop
         vertex -5.385319e+01 2.520934e+02 -3.047884e+01
         vertex -6.060574e+01 2.290494e+02 -2.648626e+01
         vertex -5.670163e+01 2.520934e+02 -2.478006e+01
      endloop
   endfacet
   facet normal -8.830483e-01 1.594137e-01 -4.413762e-01
      outer loop
         vertex -5.756118e+01 2.290494e+02 -3.257742e+01
         vertex -5.859591e+01 2.216963e+02 -3.316303e+01
         vertex -6.169519e+01 2.216963e+02 -2.696238e+01
      endloop
   endfacet
   facet normal -8.830484e-01 1.594140e-01 -4.413760e-01
      outer loop
         vertex -5.756118e+01 2.290494e+02 -3.257742e+01
         vertex -6.169519e+01 2.216963e+02 -2.696238e+01
         vertex -6.060574e+01 2.290494e+02 -2.648626e+01
      endloop
   endfacet
   facet normal -8.839940e-01 1.527228e-01 -4.418488e-01
      outer loop
         vertex -5.859591e+01 2.216963e+02 -3.316303e+01
         vertex -5.884147e+01 2.198728e+02 -3.330202e+01
         vertex -6.195375e+01 2.198728e+02 -2.707537e+01
      endloop
   endfacet
   facet normal -8.839940e-01 1.527221e-01 -4.418490e-01
      outer loop
         vertex -5.859591e+01 2.216963e+02 -3.316303e+01
         vertex -6.195375e+01 2.198728e+02 -2.707537e+01
         vertex -6.169519e+01 2.216963e+02 -2.696238e+01
      endloop
   endfacet
   facet normal -8.845354e-01 1.487533e-01 -4.421194e-01
      outer loop
         vertex -5.884147e+01 2.198728e+02 -3.330202e+01
         vertex -5.931982e+01 2.162238e+02 -3.357274e+01
         vertex -6.245739e+01 2.162238e+02 -2.729548e+01
      endloop
   endfacet
   facet normal -8.845354e-01 1.487533e-01 -4.421194e-01
      outer loop
         vertex -5.884147e+01 2.198728e+02 -3.330202e+01
         vertex -6.245739e+01 2.162238e+02 -2.729548e+01
         vertex -6.195375e+01 2.198728e+02 -2.707537e+01
      endloop
   endfacet
   facet normal -8.855684e-01 1.408620e-01 -4.426359e-01
      outer loop
         vertex -5.931982e+01 2.162238e+02 -3.357274e+01
         vertex -6.022566e+01 2.089180e+02 -3.408541e+01
         vertex -6.341115e+01 2.089180e+02 -2.771229e+01
      endloop
   endfacet
   facet normal -8.855685e-01 1.408622e-01 -4.426357e-01
      outer loop
         vertex -5.931982e+01 2.162238e+02 -3.357274e+01
         vertex -6.341115e+01 2.089180e+02 -2.771229e+01
         vertex -6.245739e+01 2.162238e+02 -2.729548e+01
      endloop
   endfacet
   facet normal -8.874399e-01 1.252781e-01 -4.435717e-01
      outer loop
         vertex -6.022566e+01 2.089180e+02 -3.408541e+01
         vertex -6.183663e+01 1.942780e+02 -3.499716e+01
         vertex -6.510733e+01 1.942780e+02 -2.845357e+01
      endloop
   endfacet
   facet normal -8.874400e-01 1.252783e-01 -4.435714e-01
      outer loop
         vertex -6.022566e+01 2.089180e+02 -3.408541e+01
         vertex -6.510733e+01 1.942780e+02 -2.845357e+01
         vertex -6.341115e+01 2.089180e+02 -2.771229e+01
      endloop
   endfacet
   facet normal -8.901245e-01 9.864221e-02 -4.449136e-01
      outer loop
         vertex -6.183663e+01 1.942780e+02 -3.499716e+01
         vertex -6.389568e+01 1.704415e+02 -3.616250e+01
         vertex -6.727529e+01 1.704415e+02 -2.940102e+01
      endloop
   endfacet
   facet normal -8.901245e-01 9.864221e-02 -4.449136e-01
      outer loop
         vertex -6.183663e+01 1.942780e+02 -3.499716e+01
         vertex -6.727529e+01 1.704415e+02 -2.940102e+01
         vertex -6.510733e+01 1.942780e+02 -2.845357e+01
      endloop
   endfacet
   facet normal -8.925588e-01 6.562685e-02 -4.461300e-01
      outer loop
         vertex -6.389568e+01 1.704415e+02 -3.616250e+01
         vertex -6.536302e+01 1.448394e+02 -3.699297e+01
         vertex -6.882024e+01 1.448394e+02 -3.007621e+01
      endloop
   endfacet
   facet normal -8.925586e-01 6.562676e-02 -4.461303e-01
      outer loop
         vertex -6.389568e+01 1.704415e+02 -3.616250e+01
         vertex -6.882024e+01 1.448394e+02 -3.007621e+01
         vertex -6.727529e+01 1.704415e+02 -2.940102e+01
      endloop
   endfacet
   facet normal -8.782498e-01 3.450473e-01 -3.310885e-01
      outer loop
         vertex -2.631887e+01 3.650903e+02 -1.150202e+01
         vertex -3.392735e+01 3.425338e+02 -1.482712e+01
         vertex -3.527208e+01 3.425338e+02 -1.126009e+01
      endloop
   endfacet
   facet normal -8.782500e-01 3.450474e-01 -3.310880e-01
      outer loop
         vertex -2.631887e+01 3.650903e+02 -1.150202e+01
         vertex -3.527208e+01 3.425338e+02 -1.126009e+01
         vertex -2.736202e+01 3.650903e+02 -8.734923e+00
      endloop
   endfacet
   facet normal -8.886426e-01 3.131860e-01 -3.350056e-01
      outer loop
         vertex -3.392735e+01 3.425338e+02 -1.482712e+01
         vertex -4.076651e+01 3.199311e+02 -1.781601e+01
         vertex -4.238230e+01 3.199311e+02 -1.352993e+01
      endloop
   endfacet
   facet normal -8.886424e-01 3.131859e-01 -3.350063e-01
      outer loop
         vertex -3.392735e+01 3.425338e+02 -1.482712e+01
         vertex -4.238230e+01 3.199311e+02 -1.352993e+01
         vertex -3.527208e+01 3.425338e+02 -1.126009e+01
      endloop
   endfacet
   facet normal -8.975637e-01 2.826411e-01 -3.383688e-01
      outer loop
         vertex -4.076651e+01 3.199311e+02 -1.781601e+01
         vertex -4.614296e+01 3.000446e+02 -2.016565e+01
         vertex -4.797184e+01 3.000446e+02 -1.531431e+01
      endloop
   endfacet
   facet normal -8.975637e-01 2.826411e-01 -3.383687e-01
      outer loop
         vertex -4.076651e+01 3.199311e+02 -1.781601e+01
         vertex -4.797184e+01 3.000446e+02 -1.531431e+01
         vertex -4.238230e+01 3.199311e+02 -1.352993e+01
      endloop
   endfacet
   facet normal -9.017644e-01 2.669324e-01 -3.399530e-01
      outer loop
         vertex -4.614296e+01 3.000446e+02 -2.016565e+01
         vertex -4.656558e+01 2.983816e+02 -2.035035e+01
         vertex -4.841122e+01 2.983816e+02 -1.545457e+01
      endloop
   endfacet
   facet normal -9.017642e-01 2.669338e-01 -3.399523e-01
      outer loop
         vertex -4.614296e+01 3.000446e+02 -2.016565e+01
         vertex -4.841122e+01 2.983816e+02 -1.545457e+01
         vertex -4.797184e+01 3.000446e+02 -1.531431e+01
      endloop
   endfacet
   facet normal -9.027008e-01 2.632930e-01 -3.403059e-01
      outer loop
         vertex -4.656558e+01 2.983816e+02 -2.035035e+01
         vertex -4.739936e+01 2.950520e+02 -2.071473e+01
         vertex -4.927805e+01 2.950520e+02 -1.573129e+01
      endloop
   endfacet
   facet normal -9.027008e-01 2.632930e-01 -3.403059e-01
      outer loop
         vertex -4.656558e+01 2.983816e+02 -2.035035e+01
         vertex -4.927805e+01 2.950520e+02 -1.573129e+01
         vertex -4.841122e+01 2.983816e+02 -1.545457e+01
      endloop
   endfacet
   facet normal -9.045364e-01 2.559974e-01 -3.409975e-01
      outer loop
         vertex -4.739936e+01 2.950520e+02 -2.071473e+01
         vertex -4.902095e+01 2.883784e+02 -2.142341e+01
         vertex -5.096391e+01 2.883784e+02 -1.626948e+01
      endloop
   endfacet
   facet normal -9.045363e-01 2.559971e-01 -3.409979e-01
      outer loop
         vertex -4.739936e+01 2.950520e+02 -2.071473e+01
         vertex -5.096391e+01 2.883784e+02 -1.626948e+01
         vertex -4.927805e+01 2.950520e+02 -1.573129e+01
      endloop
   endfacet
   facet normal -9.080491e-01 2.413770e-01 -3.423215e-01
      outer loop
         vertex -4.902095e+01 2.883784e+02 -2.142341e+01
         vertex -5.207955e+01 2.749764e+02 -2.276009e+01
         vertex -5.414373e+01 2.749764e+02 -1.728459e+01
      endloop
   endfacet
   facet normal -9.080490e-01 2.413769e-01 -3.423217e-01
      outer loop
         vertex -4.902095e+01 2.883784e+02 -2.142341e+01
         vertex -5.414373e+01 2.749764e+02 -1.728459e+01
         vertex -5.096391e+01 2.883784e+02 -1.626948e+01
      endloop
   endfacet
   facet normal -9.138354e-01 2.149936e-01 -3.445035e-01
      outer loop
         vertex -5.207955e+01 2.749764e+02 -2.276009e+01
         vertex -5.670163e+01 2.520934e+02 -2.478006e+01
         vertex -5.894901e+01 2.520934e+02 -1.881861e+01
      endloop
   endfacet
   facet normal -9.138356e-01 2.149937e-01 -3.445030e-01
      outer loop
         vertex -5.207955e+01 2.749764e+02 -2.276009e+01
         vertex -5.894901e+01 2.520934e+02 -1.881861e+01
         vertex -5.414373e+01 2.749764e+02 -1.728459e+01
      endloop
   endfacet
   facet normal -9.201619e-01 1.815783e-01 -3.468882e-01
      outer loop
         vertex -5.670163e+01 2.520934e+02 -2.478006e+01
         vertex -6.060574e+01 2.290494e+02 -2.648626e+01
         vertex -6.300787e+01 2.290494e+02 -2.011434e+01
      endloop
   endfacet
   facet normal -9.201618e-01 1.815782e-01 -3.468884e-01
      outer loop
         vertex -5.670163e+01 2.520934e+02 -2.478006e+01
         vertex -6.300787e+01 2.290494e+02 -2.011434e+01
         vertex -5.894901e+01 2.520934e+02 -1.881861e+01
      endloop
   endfacet
   facet normal -9.237506e-01 1.594139e-01 -3.482413e-01
      outer loop
         vertex -6.060574e+01 2.290494e+02 -2.648626e+01
         vertex -6.169519e+01 2.216963e+02 -2.696238e+01
         vertex -6.414050e+01 2.216963e+02 -2.047591e+01
      endloop
   endfacet
   facet normal -9.237506e-01 1.594141e-01 -3.482411e-01
      outer loop
         vertex -6.060574e+01 2.290494e+02 -2.648626e+01
         vertex -6.414050e+01 2.216963e+02 -2.047591e+01
         vertex -6.300787e+01 2.290494e+02 -2.011434e+01
      endloop
   endfacet
   facet normal -9.247402e-01 1.527222e-01 -3.486136e-01
      outer loop
         vertex -6.169519e+01 2.216963e+02 -2.696238e+01
         vertex -6.195375e+01 2.198728e+02 -2.707537e+01
         vertex -6.440930e+01 2.198728e+02 -2.056172e+01
      endloop
   endfacet
   facet normal -9.247403e-01 1.527195e-01 -3.486145e-01
      outer loop
         vertex -6.169519e+01 2.216963e+02 -2.696238e+01
         vertex -6.440930e+01 2.198728e+02 -2.056172e+01
         vertex -6.414050e+01 2.216963e+02 -2.047591e+01
      endloop
   endfacet
   facet normal -9.253062e-01 1.487532e-01 -3.488280e-01
      outer loop
         vertex -6.195375e+01 2.198728e+02 -2.707537e+01
         vertex -6.245739e+01 2.162238e+02 -2.729548e+01
         vertex -6.493291e+01 2.162238e+02 -2.072888e+01
      endloop
   endfacet
   facet normal -9.253062e-01 1.487550e-01 -3.488270e-01
      outer loop
         vertex -6.195375e+01 2.198728e+02 -2.707537e+01
         vertex -6.493291e+01 2.162238e+02 -2.072888e+01
         vertex -6.440930e+01 2.198728e+02 -2.056172e+01
      endloop
   endfacet
   facet normal -9.263870e-01 1.408622e-01 -3.492347e-01
      outer loop
         vertex -6.245739e+01 2.162238e+02 -2.729548e+01
         vertex -6.341115e+01 2.089180e+02 -2.771229e+01
         vertex -6.592447e+01 2.089180e+02 -2.104542e+01
      endloop
   endfacet
   facet normal -9.263869e-01 1.408615e-01 -3.492354e-01
      outer loop
         vertex -6.245739e+01 2.162238e+02 -2.729548e+01
         vertex -6.592447e+01 2.089180e+02 -2.104542e+01
         vertex -6.493291e+01 2.162238e+02 -2.072888e+01
      endloop
   endfacet
   facet normal -9.283451e-01 1.252783e-01 -3.499725e-01
      outer loop
         vertex -6.341115e+01 2.089180e+02 -2.771229e+01
         vertex -6.510733e+01 1.942780e+02 -2.845357e+01
         vertex -6.768787e+01 1.942780e+02 -2.160836e+01
      endloop
   endfacet
   facet normal -9.283450e-01 1.252781e-01 -3.499728e-01
      outer loop
         vertex -6.341115e+01 2.089180e+02 -2.771229e+01
         vertex -6.768787e+01 1.942780e+02 -2.160836e+01
         vertex -6.592447e+01 2.089180e+02 -2.104542e+01
      endloop
   endfacet
   facet normal -9.311534e-01 9.864222e-02 -3.510315e-01
      outer loop
         vertex -6.510733e+01 1.942780e+02 -2.845357e+01
         vertex -6.727529e+01 1.704415e+02 -2.940102e+01
         vertex -6.994176e+01 1.704415e+02 -2.232788e+01
      endloop
   endfacet
   facet normal -9.311535e-01 9.864233e-02 -3.510312e-01
      outer loop
         vertex -6.510733e+01 1.942780e+02 -2.845357e+01
         vertex -6.994176e+01 1.704415e+02 -2.232788e+01
         vertex -6.768787e+01 1.942780e+02 -2.160836e+01
      endloop
   endfacet
   facet normal -9.336998e-01 6.562675e-02 -3.519913e-01
      outer loop
         vertex -6.727529e+01 1.704415e+02 -2.940102e+01
         vertex -6.882024e+01 1.448394e+02 -3.007621e+01
         vertex -7.154795e+01 1.448394e+02 -2.284063e+01
      endloop
   endfacet
   facet normal -9.336997e-01 6.562669e-02 -3.519915e-01
      outer loop
         vertex -6.727529e+01 1.704415e+02 -2.940102e+01
         vertex -7.154795e+01 1.448394e+02 -2.284063e+01
         vertex -6.994176e+01 1.704415e+02 -2.232788e+01
      endloop
   endfacet
   facet normal -9.076381e-01 3.450474e-01 -2.390300e-01
      outer loop
         vertex -2.736202e+01 3.650903e+02 -8.734923e+00
         vertex -3.527208e+01 3.425338e+02 -1.126009e+01
         vertex -3.624290e+01 3.425338e+02 -7.573701e+00
      endloop
   endfacet
   facet normal -9.076380e-01 3.450473e-01 -2.390304e-01
      outer loop
         vertex -2.736202e+01 3.650903e+02 -8.734923e+00
         vertex -3.624290e+01 3.425338e+02 -7.573701e+00
         vertex -2.811513e+01 3.650903e+02 -5.875237e+00
      endloop
   endfacet
   facet normal -9.183783e-01 3.131859e-01 -2.418594e-01
      outer loop
         vertex -3.527208e+01 3.425338e+02 -1.126009e+01
         vertex -4.238230e+01 3.199311e+02 -1.352993e+01
         vertex -4.354883e+01 3.199311e+02 -9.100425e+00
      endloop
   endfacet
   facet normal -9.183784e-01 3.131860e-01 -2.418585e-01
      outer loop
         vertex -3.527208e+01 3.425338e+02 -1.126009e+01
         vertex -4.354883e+01 3.199311e+02 -9.100425e+00
         vertex -3.624290e+01 3.425338e+02 -7.573701e+00
      endloop
   endfacet
   facet normal -9.275980e-01 2.826411e-01 -2.442868e-01
      outer loop
         vertex -4.238230e+01 3.199311e+02 -1.352993e+01
         vertex -4.797184e+01 3.000446e+02 -1.531431e+01
         vertex -4.929222e+01 3.000446e+02 -1.030062e+01
      endloop
   endfacet
   facet normal -9.275978e-01 2.826409e-01 -2.442874e-01
      outer loop
         vertex -4.238230e+01 3.199311e+02 -1.352993e+01
         vertex -4.929222e+01 3.000446e+02 -1.030062e+01
         vertex -4.354883e+01 3.199311e+02 -9.100425e+00
      endloop
   endfacet
   facet normal -9.319391e-01 2.669338e-01 -2.454299e-01
      outer loop
         vertex -4.797184e+01 3.000446e+02 -1.531431e+01
         vertex -4.841122e+01 2.983816e+02 -1.545457e+01
         vertex -4.974369e+01 2.983816e+02 -1.039497e+01
      endloop
   endfacet
   facet normal -9.319392e-01 2.669335e-01 -2.454300e-01
      outer loop
         vertex -4.797184e+01 3.000446e+02 -1.531431e+01
         vertex -4.974369e+01 2.983816e+02 -1.039497e+01
         vertex -4.929222e+01 3.000446e+02 -1.030062e+01
      endloop
   endfacet
   facet normal -9.329071e-01 2.632930e-01 -2.456852e-01
      outer loop
         vertex -4.841122e+01 2.983816e+02 -1.545457e+01
         vertex -4.927805e+01 2.950520e+02 -1.573129e+01
         vertex -5.063438e+01 2.950520e+02 -1.058110e+01
      endloop
   endfacet
   facet normal -9.329070e-01 2.632935e-01 -2.456848e-01
      outer loop
         vertex -4.841122e+01 2.983816e+02 -1.545457e+01
         vertex -5.063438e+01 2.950520e+02 -1.058110e+01
         vertex -4.974369e+01 2.983816e+02 -1.039497e+01
      endloop
   endfacet
   facet normal -9.348040e-01 2.559971e-01 -2.461849e-01
      outer loop
         vertex -4.927805e+01 2.950520e+02 -1.573129e+01
         vertex -5.096391e+01 2.883784e+02 -1.626948e+01
         vertex -5.236663e+01 2.883784e+02 -1.094309e+01
      endloop
   endfacet
   facet normal -9.348040e-01 2.559972e-01 -2.461847e-01
      outer loop
         vertex -4.927805e+01 2.950520e+02 -1.573129e+01
         vertex -5.236663e+01 2.883784e+02 -1.094309e+01
         vertex -5.063438e+01 2.950520e+02 -1.058110e+01
      endloop
   endfacet
   facet normal -9.384340e-01 2.413769e-01 -2.471413e-01
      outer loop
         vertex -5.096391e+01 2.883784e+02 -1.626948e+01
         vertex -5.414373e+01 2.749764e+02 -1.728459e+01
         vertex -5.563399e+01 2.749764e+02 -1.162587e+01
      endloop
   endfacet
   facet normal -9.384341e-01 2.413771e-01 -2.471409e-01
      outer loop
         vertex -5.096391e+01 2.883784e+02 -1.626948e+01
         vertex -5.563399e+01 2.749764e+02 -1.162587e+01
         vertex -5.236663e+01 2.883784e+02 -1.094309e+01
      endloop
   endfacet
   facet normal -9.444143e-01 2.149937e-01 -2.487155e-01
      outer loop
         vertex -5.414373e+01 2.749764e+02 -1.728459e+01
         vertex -5.894901e+01 2.520934e+02 -1.881861e+01
         vertex -6.057152e+01 2.520934e+02 -1.265767e+01
      endloop
   endfacet
   facet normal -9.444141e-01 2.149935e-01 -2.487162e-01
      outer loop
         vertex -5.414373e+01 2.749764e+02 -1.728459e+01
         vertex -6.057152e+01 2.520934e+02 -1.265767e+01
         vertex -5.563399e+01 2.749764e+02 -1.162587e+01
      endloop
   endfacet
   facet normal -9.509524e-01 1.815782e-01 -2.504375e-01
      outer loop
         vertex -5.894901e+01 2.520934e+02 -1.881861e+01
         vertex -6.300787e+01 2.290494e+02 -2.011434e+01
         vertex -6.474210e+01 2.290494e+02 -1.352919e+01
      endloop
   endfacet
   facet normal -9.509524e-01 1.815783e-01 -2.504374e-01
      outer loop
         vertex -5.894901e+01 2.520934e+02 -1.881861e+01
         vertex -6.474210e+01 2.290494e+02 -1.352919e+01
         vertex -6.057152e+01 2.520934e+02 -1.265767e+01
      endloop
   endfacet
   facet normal -9.546614e-01 1.594141e-01 -2.514137e-01
      outer loop
         vertex -6.300787e+01 2.290494e+02 -2.011434e+01
         vertex -6.414050e+01 2.216963e+02 -2.047591e+01
         vertex -6.590590e+01 2.216963e+02 -1.377240e+01
      endloop
   endfacet
   facet normal -9.546613e-01 1.594136e-01 -2.514143e-01
      outer loop
         vertex -6.300787e+01 2.290494e+02 -2.011434e+01
         vertex -6.590590e+01 2.216963e+02 -1.377240e+01
         vertex -6.474210e+01 2.290494e+02 -1.352919e+01
      endloop
   endfacet
   facet normal -9.556839e-01 1.527194e-01 -2.516843e-01
      outer loop
         vertex -6.414050e+01 2.216963e+02 -2.047591e+01
         vertex -6.440930e+01 2.198728e+02 -2.056172e+01
         vertex -6.618211e+01 2.198728e+02 -1.383011e+01
      endloop
   endfacet
   facet normal -9.556835e-01 1.527244e-01 -2.516828e-01
      outer loop
         vertex -6.414050e+01 2.216963e+02 -2.047591e+01
         vertex -6.618211e+01 2.198728e+02 -1.383011e+01
         vertex -6.590590e+01 2.216963e+02 -1.377240e+01
      endloop
   endfacet
   facet normal -9.562687e-01 1.487551e-01 -2.518373e-01
      outer loop
         vertex -6.440930e+01 2.198728e+02 -2.056172e+01
         vertex -6.493291e+01 2.162238e+02 -2.072888e+01
         vertex -6.672012e+01 2.162238e+02 -1.394254e+01
      endloop
   endfacet
   facet normal -9.562687e-01 1.487533e-01 -2.518383e-01
      outer loop
         vertex -6.440930e+01 2.198728e+02 -2.056172e+01
         vertex -6.672012e+01 2.162238e+02 -1.394254e+01
         vertex -6.618211e+01 2.198728e+02 -1.383011e+01
      endloop
   endfacet
   facet normal -9.573857e-01 1.408615e-01 -2.521323e-01
      outer loop
         vertex -6.493291e+01 2.162238e+02 -2.072888e+01
         vertex -6.592447e+01 2.089180e+02 -2.104542e+01
         vertex -6.773898e+01 2.089180e+02 -1.415545e+01
      endloop
   endfacet
   facet normal -9.573858e-01 1.408622e-01 -2.521315e-01
      outer loop
         vertex -6.493291e+01 2.162238e+02 -2.072888e+01
         vertex -6.773898e+01 2.089180e+02 -1.415545e+01
         vertex -6.672012e+01 2.162238e+02 -1.394254e+01
      endloop
   endfacet
   facet normal -9.594090e-01 1.252781e-01 -2.526655e-01
      outer loop
         vertex -6.592447e+01 2.089180e+02 -2.104542e+01
         vertex -6.768787e+01 1.942780e+02 -2.160836e+01
         vertex -6.955092e+01 1.942780e+02 -1.453410e+01
      endloop
   endfacet
   facet normal -9.594090e-01 1.252783e-01 -2.526652e-01
      outer loop
         vertex -6.592447e+01 2.089180e+02 -2.104542e+01
         vertex -6.955092e+01 1.942780e+02 -1.453410e+01
         vertex -6.773898e+01 2.089180e+02 -1.415545e+01
      endloop
   endfacet
   facet normal -9.623116e-01 9.864233e-02 -2.534287e-01
      outer loop
         vertex -6.768787e+01 1.942780e+02 -2.160836e+01
         vertex -6.994176e+01 1.704415e+02 -2.232788e+01
         vertex -7.186684e+01 1.704415e+02 -1.501806e+01
      endloop
   endfacet
   facet normal -9.623113e-01 9.864197e-02 -2.534298e-01
      outer loop
         vertex -6.768787e+01 1.942780e+02 -2.160836e+01
         vertex -7.186684e+01 1.704415e+02 -1.501806e+01
         vertex -6.955092e+01 1.942780e+02 -1.453410e+01
      endloop
   endfacet
   facet normal -9.649430e-01 6.562668e-02 -2.541222e-01
      outer loop
         vertex -6.994176e+01 1.704415e+02 -2.232788e+01
         vertex -7.154795e+01 1.448394e+02 -2.284063e+01
         vertex -7.351723e+01 1.448394e+02 -1.536294e+01
      endloop
   endfacet
   facet normal -9.649431e-01 6.562682e-02 -2.541217e-01
      outer loop
         vertex -6.994176e+01 1.704415e+02 -2.232788e+01
         vertex -7.351723e+01 1.448394e+02 -1.536294e+01
         vertex -7.186684e+01 1.704415e+02 -1.501806e+01
      endloop
   endfacet
   facet normal -9.274048e-01 3.450473e-01 -1.444393e-01
      outer loop
         vertex -2.811513e+01 3.650903e+02 -5.875237e+00
         vertex -3.624290e+01 3.425338e+02 -7.573701e+00
         vertex -3.682954e+01 3.425338e+02 -3.807028e+00
      endloop
   endfacet
   facet normal -9.274048e-01 3.450473e-01 -1.444394e-01
      outer loop
         vertex -2.811513e+01 3.650903e+02 -5.875237e+00
         vertex -3.682954e+01 3.425338e+02 -3.807028e+00
         vertex -2.857022e+01 3.650903e+02 -2.953271e+00
      endloop
   endfacet
   facet normal -9.383790e-01 3.131860e-01 -1.461483e-01
      outer loop
         vertex -3.624290e+01 3.425338e+02 -7.573701e+00
         vertex -4.354883e+01 3.199311e+02 -9.100425e+00
         vertex -4.425373e+01 3.199311e+02 -4.574458e+00
      endloop
   endfacet
   facet normal -9.383790e-01 3.131860e-01 -1.461485e-01
      outer loop
         vertex -3.624290e+01 3.425338e+02 -7.573701e+00
         vertex -4.425373e+01 3.199311e+02 -4.574458e+00
         vertex -3.682954e+01 3.425338e+02 -3.807028e+00
      endloop
   endfacet
   facet normal -9.477993e-01 2.826409e-01 -1.476160e-01
      outer loop
         vertex -4.354883e+01 3.199311e+02 -9.100425e+00
         vertex -4.929222e+01 3.000446e+02 -1.030062e+01
         vertex -5.009008e+01 3.000446e+02 -5.177755e+00
      endloop
   endfacet
   facet normal -9.477994e-01 2.826411e-01 -1.476155e-01
      outer loop
         vertex -4.354883e+01 3.199311e+02 -9.100425e+00
         vertex -5.009008e+01 3.000446e+02 -5.177755e+00
         vertex -4.425373e+01 3.199311e+02 -4.574458e+00
      endloop
   endfacet
   facet normal -9.522350e-01 2.669334e-01 -1.483071e-01
      outer loop
         vertex -4.929222e+01 3.000446e+02 -1.030062e+01
         vertex -4.974369e+01 2.983816e+02 -1.039497e+01
         vertex -5.054887e+01 2.983816e+02 -5.225179e+00
      endloop
   endfacet
   facet normal -9.522349e-01 2.669340e-01 -1.483068e-01
      outer loop
         vertex -4.929222e+01 3.000446e+02 -1.030062e+01
         vertex -5.054887e+01 2.983816e+02 -5.225179e+00
         vertex -5.009008e+01 3.000446e+02 -5.177755e+00
      endloop
   endfacet
   facet normal -9.532239e-01 2.632935e-01 -1.484609e-01
      outer loop
         vertex -4.974369e+01 2.983816e+02 -1.039497e+01
         vertex -5.063438e+01 2.950520e+02 -1.058110e+01
         vertex -5.145397e+01 2.950520e+02 -5.318738e+00
      endloop
   endfacet
   facet normal -9.532240e-01 2.632932e-01 -1.484611e-01
      outer loop
         vertex -4.974369e+01 2.983816e+02 -1.039497e+01
         vertex -5.145397e+01 2.950520e+02 -5.318738e+00
         vertex -5.054887e+01 2.983816e+02 -5.225179e+00
      endloop
   endfacet
   facet normal -9.551624e-01 2.559972e-01 -1.487626e-01
      outer loop
         vertex -5.063438e+01 2.950520e+02 -1.058110e+01
         vertex -5.236663e+01 2.883784e+02 -1.094309e+01
         vertex -5.321426e+01 2.883784e+02 -5.500698e+00
      endloop
   endfacet
   facet normal -9.551624e-01 2.559971e-01 -1.487628e-01
      outer loop
         vertex -5.063438e+01 2.950520e+02 -1.058110e+01
         vertex -5.321426e+01 2.883784e+02 -5.500698e+00
         vertex -5.145397e+01 2.950520e+02 -5.318738e+00
      endloop
   endfacet
   facet normal -9.588715e-01 2.413771e-01 -1.493403e-01
      outer loop
         vertex -5.236663e+01 2.883784e+02 -1.094309e+01
         vertex -5.563399e+01 2.749764e+02 -1.162587e+01
         vertex -5.653450e+01 2.749764e+02 -5.843907e+00
      endloop
   endfacet
   facet normal -9.588715e-01 2.413771e-01 -1.493403e-01
      outer loop
         vertex -5.236663e+01 2.883784e+02 -1.094309e+01
         vertex -5.653450e+01 2.749764e+02 -5.843907e+00
         vertex -5.321426e+01 2.883784e+02 -5.500698e+00
      endloop
   endfacet
   facet normal -9.649819e-01 2.149935e-01 -1.502920e-01
      outer loop
         vertex -5.563399e+01 2.749764e+02 -1.162587e+01
         vertex -6.057152e+01 2.520934e+02 -1.265767e+01
         vertex -6.155196e+01 2.520934e+02 -6.362556e+00
      endloop
   endfacet
   facet normal -9.649819e-01 2.149936e-01 -1.502920e-01
      outer loop
         vertex -5.563399e+01 2.749764e+02 -1.162587e+01
         vertex -6.155196e+01 2.520934e+02 -6.362556e+00
         vertex -5.653450e+01 2.749764e+02 -5.843907e+00
      endloop
   endfacet
   facet normal -9.716624e-01 1.815783e-01 -1.513322e-01
      outer loop
         vertex -6.057152e+01 2.520934e+02 -1.265767e+01
         vertex -6.474210e+01 2.290494e+02 -1.352919e+01
         vertex -6.579004e+01 2.290494e+02 -6.800642e+00
      endloop
   endfacet
   facet normal -9.716624e-01 1.815782e-01 -1.513325e-01
      outer loop
         vertex -6.057152e+01 2.520934e+02 -1.265767e+01
         vertex -6.579004e+01 2.290494e+02 -6.800642e+00
         vertex -6.155196e+01 2.520934e+02 -6.362556e+00
      endloop
   endfacet
   facet normal -9.754520e-01 1.594136e-01 -1.519234e-01
      outer loop
         vertex -6.474210e+01 2.290494e+02 -1.352919e+01
         vertex -6.590590e+01 2.216963e+02 -1.377240e+01
         vertex -6.697269e+01 2.216963e+02 -6.922890e+00
      endloop
   endfacet
   facet normal -9.754520e-01 1.594144e-01 -1.519224e-01
      outer loop
         vertex -6.474210e+01 2.290494e+02 -1.352919e+01
         vertex -6.697269e+01 2.216963e+02 -6.922890e+00
         vertex -6.579004e+01 2.290494e+02 -6.800642e+00
      endloop
   endfacet
   facet normal -9.764965e-01 1.527244e-01 -1.520850e-01
      outer loop
         vertex -6.590590e+01 2.216963e+02 -1.377240e+01
         vertex -6.618211e+01 2.198728e+02 -1.383011e+01
         vertex -6.725336e+01 2.198728e+02 -6.951903e+00
      endloop
   endfacet
   facet normal -9.764969e-01 1.527205e-01 -1.520861e-01
      outer loop
         vertex -6.590590e+01 2.216963e+02 -1.377240e+01
         vertex -6.725336e+01 2.198728e+02 -6.951903e+00
         vertex -6.697269e+01 2.216963e+02 -6.922890e+00
      endloop
   endfacet
   facet normal -9.770947e-01 1.487533e-01 -1.521787e-01
      outer loop
         vertex -6.618211e+01 2.198728e+02 -1.383011e+01
         vertex -6.672012e+01 2.162238e+02 -1.394254e+01
         vertex -6.780009e+01 2.162238e+02 -7.008418e+00
      endloop
   endfacet
   facet normal -9.770946e-01 1.487544e-01 -1.521782e-01
      outer loop
         vertex -6.618211e+01 2.198728e+02 -1.383011e+01
         vertex -6.780009e+01 2.162238e+02 -7.008418e+00
         vertex -6.725336e+01 2.198728e+02 -6.951903e+00
      endloop
   endfacet
   facet normal -9.782359e-01 1.408622e-01 -1.523559e-01
      outer loop
         vertex -6.672012e+01 2.162238e+02 -1.394254e+01
         vertex -6.773898e+01 2.089180e+02 -1.415545e+01
         vertex -6.883543e+01 2.089180e+02 -7.115440e+00
      endloop
   endfacet
   facet normal -9.782359e-01 1.408617e-01 -1.523565e-01
      outer loop
         vertex -6.672012e+01 2.162238e+02 -1.394254e+01
         vertex -6.883543e+01 2.089180e+02 -7.115440e+00
         vertex -6.780009e+01 2.162238e+02 -7.008418e+00
      endloop
   endfacet
   facet normal -9.803035e-01 1.252783e-01 -1.526777e-01
      outer loop
         vertex -6.773898e+01 2.089180e+02 -1.415545e+01
         vertex -6.955092e+01 1.942780e+02 -1.453410e+01
         vertex -7.067670e+01 1.942780e+02 -7.305770e+00
      endloop
   endfacet
   facet normal -9.803034e-01 1.252782e-01 -1.526779e-01
      outer loop
         vertex -6.773898e+01 2.089180e+02 -1.415545e+01
         vertex -7.067670e+01 1.942780e+02 -7.305770e+00
         vertex -6.883543e+01 2.089180e+02 -7.115440e+00
      endloop
   endfacet
   facet normal -9.832690e-01 9.864197e-02 -1.531401e-01
      outer loop
         vertex -6.955092e+01 1.942780e+02 -1.453410e+01
         vertex -7.186684e+01 1.704415e+02 -1.501806e+01
         vertex -7.303011e+01 1.704415e+02 -7.549039e+00
      endloop
   endfacet
   facet normal -9.832690e-01 9.864214e-02 -1.531396e-01
      outer loop
         vertex -6.955092e+01 1.942780e+02 -1.453410e+01
         vertex -7.303011e+01 1.704415e+02 -7.549039e+00
         vertex -7.067670e+01 1.942780e+02 -7.305770e+00
      endloop
   endfacet
   facet normal -9.859577e-01 6.562682e-02 -1.535594e-01
      outer loop
         vertex -7.186684e+01 1.704415e+02 -1.501806e+01
         vertex -7.351723e+01 1.448394e+02 -1.536294e+01
         vertex -7.470722e+01 1.448394e+02 -7.722401e+00
      endloop
   endfacet
   facet normal -9.859578e-01 6.562697e-02 -1.535589e-01
      outer loop
         vertex -7.186684e+01 1.704415e+02 -1.501806e+01
         vertex -7.470722e+01 1.448394e+02 -7.722401e+00
         vertex -7.303011e+01 1.704415e+02 -7.549039e+00
      endloop
   endfacet
   facet normal -9.985109e-01 1.807751e-02 5.146966e-02
      outer loop
         vertex -7.591534e+01 1.210701e+02 -9.296947e-15
         vertex -7.594913e+01 1.192032e+02 0.000000e+00
         vertex -7.554660e+01 1.192032e+02 7.809166e+00
      endloop
   endfacet
   facet normal -9.875544e-01 3.285499e-02 1.538077e-01
      outer loop
         vertex -7.554660e+01 1.192032e+02 7.809166e+00
         vertex -7.434325e+01 1.192032e+02 1.553555e+01
         vertex -7.470722e+01 1.448394e+02 7.722401e+00
      endloop
   endfacet
   facet normal -9.665057e-01 3.285512e-02 2.545336e-01
      outer loop
         vertex -7.434325e+01 1.192032e+02 1.553555e+01
         vertex -7.235184e+01 1.192032e+02 2.309726e+01
         vertex -7.351723e+01 1.448394e+02 1.536294e+01
      endloop
   endfacet
   facet normal -9.352118e-01 3.285515e-02 3.525613e-01
      outer loop
         vertex -7.235184e+01 1.192032e+02 2.309726e+01
         vertex -6.959348e+01 1.192032e+02 3.041413e+01
         vertex -7.154795e+01 1.448394e+02 2.284063e+01
      endloop
   endfacet
   facet normal -8.940038e-01 3.285513e-02 4.468531e-01
      outer loop
         vertex -6.959348e+01 1.192032e+02 3.041413e+01
         vertex -6.609741e+01 1.192032e+02 3.740860e+01
         vertex -6.882024e+01 1.448394e+02 3.007621e+01
      endloop
   endfacet
   facet normal -8.433202e-01 3.285490e-02 5.364061e-01
      outer loop
         vertex -6.609741e+01 1.192032e+02 3.740860e+01
         vertex -6.190070e+01 1.192032e+02 4.400653e+01
         vertex -6.536302e+01 1.448394e+02 3.699297e+01
      endloop
   endfacet
   facet normal -7.836966e-01 3.285501e-02 6.202743e-01
      outer loop
         vertex -6.190070e+01 1.192032e+02 4.400653e+01
         vertex -5.704782e+01 1.192032e+02 5.013799e+01
         vertex -6.121294e+01 1.448394e+02 4.351759e+01
      endloop
   endfacet
   facet normal -7.157654e-01 3.285512e-02 6.975675e-01
      outer loop
         vertex -5.704782e+01 1.192032e+02 5.013799e+01
         vertex -5.159023e+01 1.192032e+02 5.573796e+01
         vertex -5.641398e+01 1.448394e+02 4.958091e+01
      endloop
   endfacet
   facet normal -6.402473e-01 3.285504e-02 7.674659e-01
      outer loop
         vertex -5.159023e+01 1.192032e+02 5.573796e+01
         vertex -4.558576e+01 1.192032e+02 6.074710e+01
         vertex -5.101702e+01 1.448394e+02 5.511867e+01
      endloop
   endfacet
   facet normal -5.579420e-01 3.285504e-02 8.292293e-01
      outer loop
         vertex -4.558576e+01 1.192032e+02 6.074710e+01
         vertex -3.909807e+01 1.192032e+02 6.511230e+01
         vertex -4.507927e+01 1.448394e+02 6.007215e+01
      endloop
   endfacet
   facet normal -4.697236e-01 3.285483e-02 8.822020e-01
      outer loop
         vertex -3.909807e+01 1.192032e+02 6.511230e+01
         vertex -3.219593e+01 1.192032e+02 6.878731e+01
         vertex -3.866366e+01 1.448394e+02 6.438886e+01
      endloop
   endfacet
   facet normal -3.765247e-01 3.285519e-02 9.258238e-01
      outer loop
         vertex -3.219593e+01 1.192032e+02 6.878731e+01
         vertex -2.495251e+01 1.192032e+02 7.173315e+01
         vertex -3.183821e+01 1.448394e+02 6.802303e+01
      endloop
   endfacet
   facet normal -2.793348e-01 3.285515e-02 9.596315e-01
      outer loop
         vertex -2.495251e+01 1.192032e+02 7.173315e+01
         vertex -1.744459e+01 1.192032e+02 7.391859e+01
         vertex -2.467527e+01 1.448394e+02 7.093613e+01
      endloop
   endfacet
   facet normal -1.791832e-01 3.285525e-02 9.832670e-01
      outer loop
         vertex -1.744459e+01 1.192032e+02 7.391859e+01
         vertex -9.751744e+00 1.192032e+02 7.532048e+01
         vertex -1.725076e+01 1.448394e+02 7.309730e+01
      endloop
   endfacet
   facet normal -7.713397e-02 3.285507e-02 9.964792e-01
      outer loop
         vertex -9.751744e+00 1.192032e+02 7.532048e+01
         vertex -1.955532e+00 1.192032e+02 7.592396e+01
         vertex -9.643395e+00 1.448394e+02 7.448361e+01
      endloop
   endfacet
   facet normal 2.573343e-02 3.285512e-02 9.991288e-01
      outer loop
         vertex -1.955532e+00 1.192032e+02 7.592396e+01
         vertex 5.861410e+00 1.192032e+02 7.572263e+01
         vertex -1.933804e+00 1.448394e+02 7.508038e+01
      endloop
   endfacet
   facet normal 1.283297e-01 3.285518e-02 9.911872e-01
      outer loop
         vertex 5.861410e+00 1.192032e+02 7.572263e+01
         vertex 1.361622e+01 1.192032e+02 7.471861e+01
         vertex 5.796285e+00 1.448394e+02 7.488129e+01
      endloop
   endfacet
   facet normal 2.295637e-01 3.285494e-02 9.727389e-01
      outer loop
         vertex 1.361622e+01 1.192032e+02 7.471861e+01
         vertex 2.122669e+01 1.192032e+02 7.292255e+01
         vertex 1.346493e+01 1.448394e+02 7.388843e+01
      endloop
   endfacet
   facet normal 3.283648e-01 3.285484e-02 9.439794e-01
      outer loop
         vertex 2.122669e+01 1.192032e+02 7.292255e+01
         vertex 2.861216e+01 1.192032e+02 7.035351e+01
         vertex 2.099085e+01 1.448394e+02 7.211234e+01
      endloop
   endfacet
   facet normal 4.236854e-01 3.285494e-02 9.052133e-01
      outer loop
         vertex 2.861216e+01 1.192032e+02 7.035351e+01
         vertex 3.569433e+01 1.192032e+02 6.703870e+01
         vertex 2.829426e+01 1.448394e+02 6.957183e+01
      endloop
   endfacet
   facet normal 5.145150e-01 3.285504e-02 8.568517e-01
      outer loop
         vertex 3.569433e+01 1.192032e+02 6.703870e+01
         vertex 4.239813e+01 1.192032e+02 6.301326e+01
         vertex 3.529774e+01 1.448394e+02 6.629385e+01
      endloop
   endfacet
   facet normal 5.998903e-01 3.285505e-02 7.994074e-01
      outer loop
         vertex 4.239813e+01 1.192032e+02 6.301326e+01
         vertex 4.865250e+01 1.192032e+02 5.831986e+01
         vertex 4.192706e+01 1.448394e+02 6.231313e+01
      endloop
   endfacet
   facet normal 6.789066e-01 3.285498e-02 7.334891e-01
      outer loop
         vertex 4.865250e+01 1.192032e+02 5.831986e+01
         vertex 5.439114e+01 1.192032e+02 5.300826e+01
         vertex 4.811193e+01 1.448394e+02 5.767188e+01
      endloop
   endfacet
   facet normal 7.507265e-01 3.285499e-02 6.597956e-01
      outer loop
         vertex 5.439114e+01 1.192032e+02 5.300826e+01
         vertex 5.955322e+01 1.192032e+02 4.713475e+01
         vertex 5.378682e+01 1.448394e+02 5.241930e+01
      endloop
   endfacet
   facet normal 8.145881e-01 3.285490e-02 5.791086e-01
      outer loop
         vertex 5.955322e+01 1.192032e+02 4.713475e+01
         vertex 6.408403e+01 1.192032e+02 4.076161e+01
         vertex 5.889154e+01 1.448394e+02 4.661105e+01
      endloop
   endfacet
   facet normal 8.698155e-01 3.285506e-02 4.922819e-01
      outer loop
         vertex 6.408403e+01 1.192032e+02 4.076161e+01
         vertex 6.793552e+01 1.192032e+02 3.395639e+01
         vertex 6.337201e+01 1.448394e+02 4.030872e+01
      endloop
   endfacet
   facet normal 9.158222e-01 3.285496e-02 4.002378e-01
      outer loop
         vertex 6.793552e+01 1.192032e+02 3.395639e+01
         vertex 7.106689e+01 1.192032e+02 2.679122e+01
         vertex 6.718071e+01 1.448394e+02 3.357911e+01
      endloop
   endfacet
   facet normal 9.521211e-01 3.285494e-02 3.039507e-01
      outer loop
         vertex 7.106689e+01 1.192032e+02 2.679122e+01
         vertex 7.344492e+01 1.192032e+02 1.934205e+01
         vertex 7.027728e+01 1.448394e+02 2.649355e+01
      endloop
   endfacet
   facet normal 9.783272e-01 3.285519e-02 2.044417e-01
      outer loop
         vertex 7.344492e+01 1.192032e+02 1.934205e+01
         vertex 7.504443e+01 1.192032e+02 1.168786e+01
         vertex 7.262889e+01 1.448394e+02 1.912715e+01
      endloop
   endfacet
   facet normal 9.941629e-01 3.285508e-02 1.027650e-01
      outer loop
         vertex 7.504443e+01 1.192032e+02 1.168786e+01
         vertex 7.584843e+01 1.192032e+02 3.909767e+00
         vertex 7.421062e+01 1.448394e+02 1.155800e+01
      endloop
   endfacet
   facet normal 9.994601e-01 3.285482e-02 -0.000000e+00
      outer loop
         vertex 7.584843e+01 1.192032e+02 3.909767e+00
         vertex 7.584843e+01 1.192032e+02 -3.909767e+00
         vertex 7.500571e+01 1.448394e+02 3.866327e+00
      endloop
   endfacet
   facet normal 9.941629e-01 3.285482e-02 -1.027650e-01
      outer loop
         vertex 7.584843e+01 1.192032e+02 -3.909767e+00
         vertex 7.504443e+01 1.192032e+02 -1.168786e+01
         vertex 7.500571e+01 1.448394e+02 -3.866327e+00
      endloop
   endfacet
   facet normal 9.783272e-01 3.285508e-02 -2.044417e-01
      outer loop
         vertex 7.504443e+01 1.192032e+02 -1.168786e+01
         vertex 7.344492e+01 1.192032e+02 -1.934205e+01
         vertex 7.421062e+01 1.448394e+02 -1.155800e+01
      endloop
   endfacet
   facet normal 9.521211e-01 3.285519e-02 -3.039507e-01
      outer loop
         vertex 7.344492e+01 1.192032e+02 -1.934205e+01
         vertex 7.106689e+01 1.192032e+02 -2.679122e+01
         vertex 7.262889e+01 1.448394e+02 -1.912715e+01
      endloop
   endfacet
   facet normal 9.158222e-01 3.285495e-02 -4.002378e-01
      outer loop
         vertex 7.106689e+01 1.192032e+02 -2.679122e+01
         vertex 6.793552e+01 1.192032e+02 -3.395639e+01
         vertex 7.027728e+01 1.448394e+02 -2.649355e+01
      endloop
   endfacet
   facet normal 8.698155e-01 3.285494e-02 -4.922819e-01
      outer loop
         vertex 6.793552e+01 1.192032e+02 -3.395639e+01
         vertex 6.408403e+01 1.192032e+02 -4.076161e+01
         vertex 6.718071e+01 1.448394e+02 -3.357911e+01
      endloop
   endfacet
   facet normal 8.145881e-01 3.285504e-02 -5.791086e-01
      outer loop
         vertex 6.408403e+01 1.192032e+02 -4.076161e+01
         vertex 5.955322e+01 1.192032e+02 -4.713475e+01
         vertex 6.337201e+01 1.448394e+02 -4.030872e+01
      endloop
   endfacet
   facet normal 7.507265e-01 3.285490e-02 -6.597956e-01
      outer loop
         vertex 5.955322e+01 1.192032e+02 -4.713475e+01
         vertex 5.439114e+01 1.192032e+02 -5.300826e+01
         vertex 5.889154e+01 1.448394e+02 -4.661105e+01
      endloop
   endfacet
   facet normal 6.789066e-01 3.285500e-02 -7.334891e-01
      outer loop
         vertex 5.439114e+01 1.192032e+02 -5.300826e+01
         vertex 4.865250e+01 1.192032e+02 -5.831986e+01
         vertex 5.378682e+01 1.448394e+02 -5.241930e+01
      endloop
   endfacet
   facet normal 5.998903e-01 3.285498e-02 -7.994074e-01
      outer loop
         vertex 4.865250e+01 1.192032e+02 -5.831986e+01
         vertex 4.239813e+01 1.192032e+02 -6.301326e+01
         vertex 4.811193e+01 1.448394e+02 -5.767188e+01
      endloop
   endfacet
   facet normal 5.145150e-01 3.285506e-02 -8.568517e-01
      outer loop
         vertex 4.239813e+01 1.192032e+02 -6.301326e+01
         vertex 3.569433e+01 1.192032e+02 -6.703870e+01
         vertex 4.192706e+01 1.448394e+02 -6.231313e+01
      endloop
   endfacet
   facet normal 4.236854e-01 3.285503e-02 -9.052133e-01
      outer loop
         vertex 3.569433e+01 1.192032e+02 -6.703870e+01
         vertex 2.861216e+01 1.192032e+02 -7.035351e+01
         vertex 3.529774e+01 1.448394e+02 -6.629385e+01
      endloop
   endfacet
   facet normal 3.283647e-01 3.285493e-02 -9.439794e-01
      outer loop
         vertex 2.861216e+01 1.192032e+02 -7.035351e+01
         vertex 2.122669e+01 1.192032e+02 -7.292255e+01
         vertex 2.829426e+01 1.448394e+02 -6.957183e+01
      endloop
   endfacet
   facet normal 2.295637e-01 3.285483e-02 -9.727389e-01
      outer loop
         vertex 2.122669e+01 1.192032e+02 -7.292255e+01
         vertex 1.361622e+01 1.192032e+02 -7.471861e+01
         vertex 2.099085e+01 1.448394e+02 -7.211234e+01
      endloop
   endfacet
   facet normal 1.283297e-01 3.285494e-02 -9.911872e-01
      outer loop
         vertex 1.361622e+01 1.192032e+02 -7.471861e+01
         vertex 5.861410e+00 1.192032e+02 -7.572263e+01
         vertex 1.346493e+01 1.448394e+02 -7.388843e+01
      endloop
   endfacet
   facet normal 2.573343e-02 3.285518e-02 -9.991288e-01
      outer loop
         vertex 5.861410e+00 1.192032e+02 -7.572263e+01
         vertex -1.955532e+00 1.192032e+02 -7.592396e+01
         vertex 5.796285e+00 1.448394e+02 -7.488129e+01
      endloop
   endfacet
   facet normal -7.713397e-02 3.285512e-02 -9.964792e-01
      outer loop
         vertex -1.955532e+00 1.192032e+02 -7.592396e+01
         vertex -9.751744e+00 1.192032e+02 -7.532048e+01
         vertex -1.933804e+00 1.448394e+02 -7.508038e+01
      endloop
   endfacet
   facet normal -1.791832e-01 3.285507e-02 -9.832670e-01
      outer loop
         vertex -9.751744e+00 1.192032e+02 -7.532048e+01
         vertex -1.744459e+01 1.192032e+02 -7.391859e+01
         vertex -9.643395e+00 1.448394e+02 -7.448361e+01
      endloop
   endfacet
   facet normal -2.793348e-01 3.285525e-02 -9.596315e-01
      outer loop
         vertex -1.744459e+01 1.192032e+02 -7.391859e+01
         vertex -2.495251e+01 1.192032e+02 -7.173315e+01
         vertex -1.725076e+01 1.448394e+02 -7.309730e+01
      endloop
   endfacet
   facet normal -3.765247e-01 3.285514e-02 -9.258238e-01
      outer loop
         vertex -2.495251e+01 1.192032e+02 -7.173315e+01
         vertex -3.219593e+01 1.192032e+02 -6.878731e+01
         vertex -2.467527e+01 1.448394e+02 -7.093613e+01
      endloop
   endfacet
   facet normal -4.697236e-01 3.285519e-02 -8.822020e-01
      outer loop
         vertex -3.219593e+01 1.192032e+02 -6.878731e+01
         vertex -3.909807e+01 1.192032e+02 -6.511230e+01
         vertex -3.183821e+01 1.448394e+02 -6.802303e+01
      endloop
   endfacet
   facet normal -5.579420e-01 3.285483e-02 -8.292293e-01
      outer loop
         vertex -3.909807e+01 1.192032e+02 -6.511230e+01
         vertex -4.558576e+01 1.192032e+02 -6.074710e+01
         vertex -3.866366e+01 1.448394e+02 -6.438886e+01
      endloop
   endfacet
   facet normal -6.402473e-01 3.285504e-02 -7.674659e-01
      outer loop
         vertex -4.558576e+01 1.192032e+02 -6.074710e+01
         vertex -5.159023e+01 1.192032e+02 -5.573796e+01
         vertex -4.507927e+01 1.448394e+02 -6.007215e+01
      endloop
   endfacet
   facet normal -7.157654e-01 3.285505e-02 -6.975675e-01
      outer loop
         vertex -5.159023e+01 1.192032e+02 -5.573796e+01
         vertex -5.704782e+01 1.192032e+02 -5.013799e+01
         vertex -5.101702e+01 1.448394e+02 -5.511867e+01
      endloop
   endfacet
   facet normal -7.836966e-01 3.285512e-02 -6.202743e-01
      outer loop
         vertex -5.704782e+01 1.192032e+02 -5.013799e+01
         vertex -6.190070e+01 1.192032e+02 -4.400653e+01
         vertex -5.641398e+01 1.448394e+02 -4.958091e+01
      endloop
   endfacet
   facet normal -8.433202e-01 3.285501e-02 -5.364061e-01
      outer loop
         vertex -6.190070e+01 1.192032e+02 -4.400653e+01
         vertex -6.609741e+01 1.192032e+02 -3.740860e+01
         vertex -6.121294e+01 1.448394e+02 -4.351759e+01
      endloop
   endfacet
   facet normal -8.940038e-01 3.285491e-02 -4.468531e-01
      outer loop
         vertex -6.609741e+01 1.192032e+02 -3.740860e+01
         vertex -6.959348e+01 1.192032e+02 -3.041413e+01
         vertex -6.536302e+01 1.448394e+02 -3.699297e+01
      endloop
   endfacet
   facet normal -9.352118e-01 3.285514e-02 -3.525613e-01
      outer loop
         vertex -6.959348e+01 1.192032e+02 -3.041413e+01
         vertex -7.235184e+01 1.192032e+02 -2.309726e+01
         vertex -6.882024e+01 1.448394e+02 -3.007621e+01
      endloop
   endfacet
   facet normal -9.665057e-01 3.285515e-02 -2.545336e-01
      outer loop
         vertex -7.235184e+01 1.192032e+02 -2.309726e+01
         vertex -7.434325e+01 1.192032e+02 -1.553555e+01
         vertex -7.154795e+01 1.448394e+02 -2.284063e+01
      endloop
   endfacet
   facet normal -9.875544e-01 3.285512e-02 -1.538077e-01
      outer loop
         vertex -7.434325e+01 1.192032e+02 -1.553555e+01
         vertex -7.554660e+01 1.192032e+02 -7.809166e+00
         vertex -7.351723e+01 1.448394e+02 -1.536294e+01
      endloop
   endfacet
   facet normal -9.985109e-01 1.807751e-02 -5.146966e-02
      outer loop
         vertex -7.554660e+01 1.192032e+02 -7.809166e+00
         vertex -7.594913e+01 1.192032e+02 0.000000e+00
         vertex -7.591534e+01 1.210701e+02 -9.296947e-15
      endloop
   endfacet
   facet normal -9.981859e-01 3.476421e-02 -4.915572e-02
      outer loop
         vertex -7.591534e+01 1.210701e+02 -9.296947e-15
         vertex -7.504641e+01 1.460196e+02 -9.190535e-15
         vertex -7.470722e+01 1.448394e+02 -7.722401e+00
      endloop
   endfacet
   facet normal -9.964686e-01 6.637248e-02 -5.142923e-02
      outer loop
         vertex -7.504641e+01 1.460196e+02 -9.190535e-15
         vertex -7.342171e+01 1.704116e+02 -8.991567e-15
         vertex -7.303011e+01 1.704415e+02 -7.549039e+00
      endloop
   endfacet
   facet normal -9.938107e-01 9.860270e-02 -5.116366e-02
      outer loop
         vertex -7.342171e+01 1.704116e+02 -8.991567e-15
         vertex -7.105657e+01 1.942497e+02 -8.701920e-15
         vertex -7.303011e+01 1.704415e+02 -7.549039e+00
      endloop
   endfacet
   facet normal -9.908119e-01 1.252491e-01 -5.103333e-02
      outer loop
         vertex -7.105657e+01 1.942497e+02 -8.701920e-15
         vertex -6.920408e+01 2.089043e+02 -8.475056e-15
         vertex -7.067670e+01 1.942780e+02 -7.305770e+00
      endloop
   endfacet
   facet normal -9.887192e-01 1.408473e-01 -5.095511e-02
      outer loop
         vertex -6.920408e+01 2.089043e+02 -8.475056e-15
         vertex -6.816229e+01 2.162174e+02 -8.347473e-15
         vertex -6.883543e+01 2.089180e+02 -7.115440e+00
      endloop
   endfacet
   facet normal -9.875643e-01 1.487467e-01 -5.090343e-02
      outer loop
         vertex -6.816229e+01 2.162174e+02 -8.347473e-15
         vertex -6.761213e+01 2.198701e+02 -8.280098e-15
         vertex -6.780009e+01 2.162238e+02 -7.008418e+00
      endloop
   endfacet
   facet normal -9.869592e-01 1.527198e-01 -5.087477e-02
      outer loop
         vertex -6.761213e+01 2.198701e+02 -8.280098e-15
         vertex -6.732968e+01 2.216954e+02 -8.245507e-15
         vertex -6.725336e+01 2.198728e+02 -6.951903e+00
      endloop
   endfacet
   facet normal -9.859065e-01 1.593915e-01 -5.081979e-02
      outer loop
         vertex -6.732968e+01 2.216954e+02 -8.245507e-15
         vertex -6.614561e+01 2.290194e+02 -8.100500e-15
         vertex -6.697269e+01 2.216963e+02 -6.922890e+00
      endloop
   endfacet
   facet normal -9.820843e-01 1.815362e-01 -5.054778e-02
      outer loop
         vertex -6.614561e+01 2.290194e+02 -8.100500e-15
         vertex -6.188578e+01 2.520645e+02 -7.578823e-15
         vertex -6.579004e+01 2.290494e+02 -6.800642e+00
      endloop
   endfacet
   facet normal -9.753335e-01 2.149532e-01 -5.019644e-02
      outer loop
         vertex -6.188578e+01 2.520645e+02 -7.578823e-15
         vertex -5.684236e+01 2.749486e+02 -6.961181e-15
         vertex -6.155196e+01 2.520934e+02 -6.362556e+00
      endloop
   endfacet
   facet normal -9.691546e-01 2.413476e-01 -4.990759e-02
      outer loop
         vertex -5.684236e+01 2.749486e+02 -6.961181e-15
         vertex -5.350128e+01 2.883650e+02 -6.552017e-15
         vertex -5.653450e+01 2.749764e+02 -5.843907e+00
      endloop
   endfacet
   facet normal -9.654001e-01 2.559832e-01 -4.975103e-02
      outer loop
         vertex -5.350128e+01 2.883650e+02 -6.552017e-15
         vertex -5.172982e+01 2.950458e+02 -6.335075e-15
         vertex -5.321426e+01 2.883784e+02 -5.500698e+00
      endloop
   endfacet
   facet normal -9.634389e-01 2.632860e-01 -4.965913e-02
      outer loop
         vertex -5.172982e+01 2.950458e+02 -6.335075e-15
         vertex -5.081894e+01 2.983790e+02 -6.223525e-15
         vertex -5.145397e+01 2.950520e+02 -5.318738e+00
      endloop
   endfacet
   facet normal -9.624379e-01 2.669310e-01 -4.961043e-02
      outer loop
         vertex -5.081894e+01 2.983790e+02 -6.223525e-15
         vertex -5.035723e+01 3.000437e+02 -6.166982e-15
         vertex -5.054887e+01 2.983816e+02 -5.225179e+00
      endloop
   endfacet
   facet normal -9.579547e-01 2.826388e-01 -4.937751e-02
      outer loop
         vertex -5.035723e+01 3.000437e+02 -6.166982e-15
         vertex -4.449034e+01 3.199285e+02 -5.448495e-15
         vertex -5.009008e+01 3.000446e+02 -5.177755e+00
      endloop
   endfacet
   facet normal -9.484343e-01 3.131826e-01 -4.887816e-02
      outer loop
         vertex -4.449034e+01 3.199285e+02 -5.448495e-15
         vertex -3.702639e+01 3.425321e+02 -4.534425e-15
         vertex -4.425373e+01 3.199311e+02 -4.574458e+00
      endloop
   endfacet
   facet normal -9.373417e-01 3.450459e-01 -4.831125e-02
      outer loop
         vertex -3.702639e+01 3.425321e+02 -4.534425e-15
         vertex -2.872278e+01 3.650895e+02 -3.517526e-15
         vertex -3.682954e+01 3.425338e+02 -3.807028e+00
      endloop
   endfacet
   facet normal -9.253062e-01 3.762100e-01 -4.769216e-02
      outer loop
         vertex -2.872278e+01 3.650895e+02 -3.517526e-15
         vertex -1.957988e+01 3.875769e+02 0.000000e+00
         vertex -2.857022e+01 3.650903e+02 -2.953271e+00
      endloop
   endfacet
   facet normal -9.201668e-01 3.801808e-01 -9.357168e-02
      outer loop
         vertex -1.957988e+01 3.875769e+02 0.000000e+00
         vertex -1.917908e+01 3.875769e+02 -3.941401e+00
         vertex -2.857022e+01 3.650903e+02 -2.953271e+00
      endloop
   endfacet
   facet normal -8.824994e-01 3.801697e-01 -2.768860e-01
      outer loop
         vertex -1.917908e+01 3.875769e+02 -3.941401e+00
         vertex -1.799308e+01 3.875769e+02 -7.721440e+00
         vertex -2.736202e+01 3.650903e+02 -8.734923e+00
      endloop
   endfacet
   facet normal -8.087058e-01 3.801474e-01 -4.488684e-01
      outer loop
         vertex -1.799308e+01 3.875769e+02 -7.721440e+00
         vertex -1.607045e+01 3.875769e+02 -1.118536e+01
         vertex -2.499673e+01 3.650903e+02 -1.414719e+01
      endloop
   endfacet
   facet normal -7.018055e-01 3.801139e-01 -6.024803e-01
      outer loop
         vertex -1.607045e+01 3.875769e+02 -1.118536e+01
         vertex -1.348989e+01 3.875769e+02 -1.419136e+01
         vertex -2.157435e+01 3.650903e+02 -1.896119e+01
      endloop
   endfacet
   facet normal -5.661723e-01 3.800693e-01 -7.314344e-01
      outer loop
         vertex -1.348989e+01 3.875769e+02 -1.419136e+01
         vertex -1.035705e+01 3.875769e+02 -1.661635e+01
         vertex -1.723962e+01 3.650903e+02 -2.297334e+01
      endloop
   endfacet
   facet normal -4.073564e-01 3.800135e-01 -8.304520e-01
      outer loop
         vertex -1.035705e+01 3.875769e+02 -1.661635e+01
         vertex -6.800195e+00 3.875769e+02 -1.836107e+01
         vertex -1.217586e+01 3.650903e+02 -2.601399e+01
      endloop
   endfacet
   facet normal -2.318558e-01 3.799465e-01 -8.954795e-01
      outer loop
         vertex -6.800195e+00 3.875769e+02 -1.836107e+01
         vertex -2.964938e+00 3.875769e+02 -1.935409e+01
         vertex -6.597195e+00 3.650903e+02 -2.795454e+01
      endloop
   endfacet
   facet normal -4.685223e-02 3.798684e-01 -9.238533e-01
      outer loop
         vertex -2.964938e+00 3.875769e+02 -1.935409e+01
         vertex 9.917046e-01 3.875769e+02 -1.955475e+01
         vertex -7.395431e-01 3.650903e+02 -2.871293e+01
      endloop
   endfacet
   facet normal 1.400822e-01 3.797791e-01 -9.144095e-01
      outer loop
         vertex 9.917046e-01 3.875769e+02 -1.955475e+01
         vertex 4.907746e+00 3.875769e+02 -1.895483e+01
         vertex 5.149383e+00 3.650903e+02 -2.825709e+01
      endloop
   endfacet
   facet normal 3.212985e-01 3.796786e-01 -8.675318e-01
      outer loop
         vertex 4.907746e+00 3.875769e+02 -1.895483e+01
         vertex 8.622865e+00 3.875769e+02 -1.757891e+01
         vertex 1.082055e+01 3.650903e+02 -2.660629e+01
      endloop
   endfacet
   facet normal 4.893787e-01 3.795670e-01 -7.851353e-01
      outer loop
         vertex 8.622865e+00 3.875769e+02 -1.757891e+01
         vertex 1.198496e+01 3.875769e+02 -1.548329e+01
         vertex 1.603413e+01 3.650903e+02 -2.383036e+01
      endloop
   endfacet
   facet normal 6.374423e-01 3.794441e-01 -6.705889e-01
      outer loop
         vertex 1.198496e+01 3.875769e+02 -1.548329e+01
         vertex 1.485639e+01 3.875769e+02 -1.275379e+01
         vertex 2.056964e+01 3.650903e+02 -2.004667e+01
      endloop
   endfacet
   facet normal 7.594273e-01 3.793102e-01 -5.285772e-01
      outer loop
         vertex 1.485639e+01 3.875769e+02 -1.275379e+01
         vertex 1.711960e+01 3.875769e+02 -9.502154e+00
         vertex 2.423530e+01 3.650903e+02 -1.541523e+01
      endloop
   endfacet
   facet normal 8.503384e-01 3.791650e-01 -3.649089e-01
      outer loop
         vertex 1.711960e+01 3.875769e+02 -9.502154e+00
         vertex 1.868193e+01 3.875769e+02 -5.861494e+00
         vertex 2.687608e+01 3.650903e+02 -1.013190e+01
      endloop
   endfacet
   facet normal 9.064503e-01 3.790086e-01 -1.862801e-01
      outer loop
         vertex 1.868193e+01 3.875769e+02 -5.861494e+00
         vertex 1.947942e+01 3.875769e+02 -1.980864e+00
         vertex 2.838030e+01 3.650903e+02 -4.420115e+00
      endloop
   endfacet
   facet normal 9.254618e-01 3.788410e-01 0.000000e+00
      outer loop
         vertex 1.947942e+01 3.875769e+02 -1.980864e+00
         vertex 1.947942e+01 3.875769e+02 1.980864e+00
         vertex 2.868437e+01 3.650903e+02 1.478596e+00
      endloop
   endfacet
   facet normal 9.064503e-01 3.790086e-01 1.862801e-01
      outer loop
         vertex 1.947942e+01 3.875769e+02 1.980864e+00
         vertex 1.868193e+01 3.875769e+02 5.861494e+00
         vertex 2.838030e+01 3.650903e+02 4.420115e+00
      endloop
   endfacet
   facet normal 8.503384e-01 3.791650e-01 3.649089e-01
      outer loop
         vertex 1.868193e+01 3.875769e+02 5.861494e+00
         vertex 1.711960e+01 3.875769e+02 9.502154e+00
         vertex 2.687608e+01 3.650903e+02 1.013190e+01
      endloop
   endfacet
   facet normal 7.594273e-01 3.793102e-01 5.285772e-01
      outer loop
         vertex 1.711960e+01 3.875769e+02 9.502154e+00
         vertex 1.485639e+01 3.875769e+02 1.275379e+01
         vertex 2.423530e+01 3.650903e+02 1.541523e+01
      endloop
   endfacet
   facet normal 6.374423e-01 3.794441e-01 6.705889e-01
      outer loop
         vertex 1.485639e+01 3.875769e+02 1.275379e+01
         vertex 1.198496e+01 3.875769e+02 1.548329e+01
         vertex 2.056964e+01 3.650903e+02 2.004667e+01
      endloop
   endfacet
   facet normal 4.893787e-01 3.795670e-01 7.851353e-01
      outer loop
         vertex 1.198496e+01 3.875769e+02 1.548329e+01
         vertex 8.622865e+00 3.875769e+02 1.757891e+01
         vertex 1.603413e+01 3.650903e+02 2.383036e+01
      endloop
   endfacet
   facet normal 3.212985e-01 3.796786e-01 8.675318e-01
      outer loop
         vertex 8.622865e+00 3.875769e+02 1.757891e+01
         vertex 4.907746e+00 3.875769e+02 1.895483e+01
         vertex 1.082055e+01 3.650903e+02 2.660629e+01
      endloop
   endfacet
   facet normal 1.400822e-01 3.797791e-01 9.144095e-01
      outer loop
         vertex 4.907746e+00 3.875769e+02 1.895483e+01
         vertex 9.917046e-01 3.875769e+02 1.955475e+01
         vertex 5.149383e+00 3.650903e+02 2.825709e+01
      endloop
   endfacet
   facet normal -4.685223e-02 3.798684e-01 9.238533e-01
      outer loop
         vertex 9.917046e-01 3.875769e+02 1.955475e+01
         vertex -2.964938e+00 3.875769e+02 1.935409e+01
         vertex -7.395431e-01 3.650903e+02 2.871293e+01
      endloop
   endfacet
   facet normal -2.318558e-01 3.799465e-01 8.954795e-01
      outer loop
         vertex -2.964938e+00 3.875769e+02 1.935409e+01
         vertex -6.800195e+00 3.875769e+02 1.836107e+01
         vertex -6.597195e+00 3.650903e+02 2.795454e+01
      endloop
   endfacet
   facet normal -4.073564e-01 3.800135e-01 8.304520e-01
      outer loop
         vertex -6.800195e+00 3.875769e+02 1.836107e+01
         vertex -1.035705e+01 3.875769e+02 1.661635e+01
         vertex -1.217586e+01 3.650903e+02 2.601399e+01
      endloop
   endfacet
   facet normal -5.661723e-01 3.800693e-01 7.314344e-01
      outer loop
         vertex -1.035705e+01 3.875769e+02 1.661635e+01
         vertex -1.348989e+01 3.875769e+02 1.419136e+01
         vertex -1.723962e+01 3.650903e+02 2.297334e+01
      endloop
   endfacet
   facet normal -7.018055e-01 3.801139e-01 6.024803e-01
      outer loop
         vertex -1.348989e+01 3.875769e+02 1.419136e+01
         vertex -1.607045e+01 3.875769e+02 1.118536e+01
         vertex -2.157435e+01 3.650903e+02 1.896119e+01
      endloop
   endfacet
   facet normal -8.087058e-01 3.801474e-01 4.488684e-01
      outer loop
         vertex -1.607045e+01 3.875769e+02 1.118536e+01
         vertex -1.799308e+01 3.875769e+02 7.721440e+00
         vertex -2.499673e+01 3.650903e+02 1.414719e+01
      endloop
   endfacet
   facet normal -8.824994e-01 3.801697e-01 2.768860e-01
      outer loop
         vertex -1.799308e+01 3.875769e+02 7.721440e+00
         vertex -1.917908e+01 3.875769e+02 3.941401e+00
         vertex -2.736202e+01 3.650903e+02 8.734923e+00
      endloop
   endfacet
   facet normal -9.201668e-01 3.801808e-01 9.357168e-02
      outer loop
         vertex -1.917908e+01 3.875769e+02 3.941401e+00
         vertex -1.957988e+01 3.875769e+02 0.000000e+00
         vertex -2.857022e+01 3.650903e+02 2.953271e+00
      endloop
   endfacet
   facet normal -9.253062e-01 3.762100e-01 4.769216e-02
      outer loop
         vertex -1.957988e+01 3.875769e+02 0.000000e+00
         vertex -2.872278e+01 3.650895e+02 -3.517526e-15
         vertex -2.857022e+01 3.650903e+02 2.953271e+00
      endloop
   endfacet
   facet normal -9.373417e-01 3.450459e-01 4.831125e-02
      outer loop
         vertex -2.872278e+01 3.650895e+02 -3.517526e-15
         vertex -3.702639e+01 3.425321e+02 -4.534425e-15
         vertex -3.682954e+01 3.425338e+02 3.807028e+00
      endloop
   endfacet
   facet normal -9.484343e-01 3.131826e-01 4.887816e-02
      outer loop
         vertex -3.702639e+01 3.425321e+02 -4.534425e-15
         vertex -4.449034e+01 3.199285e+02 -5.448495e-15
         vertex -4.425373e+01 3.199311e+02 4.574458e+00
      endloop
   endfacet
   facet normal -9.579547e-01 2.826388e-01 4.937751e-02
      outer loop
         vertex -4.449034e+01 3.199285e+02 -5.448495e-15
         vertex -5.035723e+01 3.000437e+02 -6.166982e-15
         vertex -5.009008e+01 3.000446e+02 5.177755e+00
      endloop
   endfacet
   facet normal -9.624379e-01 2.669310e-01 4.961043e-02
      outer loop
         vertex -5.035723e+01 3.000437e+02 -6.166982e-15
         vertex -5.081894e+01 2.983790e+02 -6.223525e-15
         vertex -5.054887e+01 2.983816e+02 5.225179e+00
      endloop
   endfacet
   facet normal -9.634389e-01 2.632860e-01 4.965913e-02
      outer loop
         vertex -5.081894e+01 2.983790e+02 -6.223525e-15
         vertex -5.172982e+01 2.950458e+02 -6.335075e-15
         vertex -5.145397e+01 2.950520e+02 5.318738e+00
      endloop
   endfacet
   facet normal -9.654001e-01 2.559832e-01 4.975103e-02
      outer loop
         vertex -5.172982e+01 2.950458e+02 -6.335075e-15
         vertex -5.350128e+01 2.883650e+02 -6.552017e-15
         vertex -5.321426e+01 2.883784e+02 5.500698e+00
      endloop
   endfacet
   facet normal -9.691546e-01 2.413476e-01 4.990759e-02
      outer loop
         vertex -5.350128e+01 2.883650e+02 -6.552017e-15
         vertex -5.684236e+01 2.749486e+02 -6.961181e-15
         vertex -5.653450e+01 2.749764e+02 5.843907e+00
      endloop
   endfacet
   facet normal -9.753335e-01 2.149532e-01 5.019644e-02
      outer loop
         vertex -5.684236e+01 2.749486e+02 -6.961181e-15
         vertex -6.188578e+01 2.520645e+02 -7.578823e-15
         vertex -6.155196e+01 2.520934e+02 6.362556e+00
      endloop
   endfacet
   facet normal -9.820843e-01 1.815362e-01 5.054778e-02
      outer loop
         vertex -6.188578e+01 2.520645e+02 -7.578823e-15
         vertex -6.614561e+01 2.290194e+02 -8.100500e-15
         vertex -6.579004e+01 2.290494e+02 6.800642e+00
      endloop
   endfacet
   facet normal -9.859065e-01 1.593915e-01 5.081979e-02
      outer loop
         vertex -6.614561e+01 2.290194e+02 -8.100500e-15
         vertex -6.732968e+01 2.216954e+02 -8.245507e-15
         vertex -6.697269e+01 2.216963e+02 6.922890e+00
      endloop
   endfacet
   facet normal -9.869592e-01 1.527198e-01 5.087477e-02
      outer loop
         vertex -6.732968e+01 2.216954e+02 -8.245507e-15
         vertex -6.761213e+01 2.198701e+02 -8.280098e-15
         vertex -6.725336e+01 2.198728e+02 6.951903e+00
      endloop
   endfacet
   facet normal -9.875643e-01 1.487467e-01 5.090343e-02
      outer loop
         vertex -6.761213e+01 2.198701e+02 -8.280098e-15
         vertex -6.816229e+01 2.162174e+02 -8.347473e-15
         vertex -6.780009e+01 2.162238e+02 7.008418e+00
      endloop
   endfacet
   facet normal -9.887192e-01 1.408473e-01 5.095511e-02
      outer loop
         vertex -6.816229e+01 2.162174e+02 -8.347473e-15
         vertex -6.920408e+01 2.089043e+02 -8.475056e-15
         vertex -6.883543e+01 2.089180e+02 7.115440e+00
      endloop
   endfacet
   facet normal -9.908119e-01 1.252491e-01 5.103333e-02
      outer loop
         vertex -6.920408e+01 2.089043e+02 -8.475056e-15
         vertex -7.105657e+01 1.942497e+02 -8.701920e-15
         vertex -7.067670e+01 1.942780e+02 7.305770e+00
      endloop
   endfacet
   facet normal -9.938107e-01 9.860270e-02 5.116366e-02
      outer loop
         vertex -7.105657e+01 1.942497e+02 -8.701920e-15
         vertex -7.342171e+01 1.704116e+02 -8.991567e-15
         vertex -7.303011e+01 1.704415e+02 7.549039e+00
      endloop
   endfacet
   facet normal -9.964686e-01 6.637248e-02 5.142923e-02
      outer loop
         vertex -7.342171e+01 1.704116e+02 -8.991567e-15
         vertex -7.504641e+01 1.460196e+02 -9.190535e-15
         vertex -7.303011e+01 1.704415e+02 7.549039e+00
      endloop
   endfacet
   facet normal -9.981859e-01 3.476421e-02 4.915572e-02
      outer loop
         vertex -7.504641e+01 1.460196e+02 -9.190535e-15
         vertex -7.591534e+01 1.210701e+02 -9.296947e-15
         vertex -7.470722e+01 1.448394e+02 7.722401e+00
      endloop
   endfacet
   facet normal -9.373405e-01 3.450474e-01 4.832287e-02
      outer loop
         vertex -3.682954e+01 3.425338e+02 3.807028e+00
         vertex -2.857022e+01 3.650903e+02 2.953271e+00
         vertex -2.872278e+01 3.650895e+02 -3.517526e-15
      endloop
   endfacet
   facet normal -9.484320e-01 3.131861e-01 4.889899e-02
      outer loop
         vertex -4.425373e+01 3.199311e+02 4.574458e+00
         vertex -3.682954e+01 3.425338e+02 3.807028e+00
         vertex -3.702639e+01 3.425321e+02 -4.534425e-15
      endloop
   endfacet
   facet normal -9.579534e-01 2.826412e-01 4.938807e-02
      outer loop
         vertex -5.009008e+01 3.000446e+02 5.177755e+00
         vertex -4.425373e+01 3.199311e+02 4.574458e+00
         vertex -4.449034e+01 3.199285e+02 -5.448495e-15
      endloop
   endfacet
   facet normal -9.624370e-01 2.669341e-01 4.961145e-02
      outer loop
         vertex -5.054887e+01 2.983816e+02 5.225179e+00
         vertex -5.009008e+01 3.000446e+02 5.177755e+00
         vertex -5.035723e+01 3.000437e+02 -6.166982e-15
      endloop
   endfacet
   facet normal -9.634366e-01 2.632932e-01 4.966391e-02
      outer loop
         vertex -5.145397e+01 2.950520e+02 5.318738e+00
         vertex -5.054887e+01 2.983816e+02 5.225179e+00
         vertex -5.081894e+01 2.983790e+02 -6.223525e-15
      endloop
   endfacet
   facet normal -9.653955e-01 2.559971e-01 4.976914e-02
      outer loop
         vertex -5.321426e+01 2.883784e+02 5.500698e+00
         vertex -5.145397e+01 2.950520e+02 5.318738e+00
         vertex -5.172982e+01 2.950458e+02 -6.335075e-15
      endloop
   endfacet
   facet normal -9.691433e-01 2.413775e-01 4.998183e-02
      outer loop
         vertex -5.653450e+01 2.749764e+02 5.843907e+00
         vertex -5.321426e+01 2.883784e+02 5.500698e+00
         vertex -5.350128e+01 2.883650e+02 -6.552017e-15
      endloop
   endfacet
   facet normal -9.155433e-01 3.760958e-01 1.425920e-01
      outer loop
         vertex -2.857022e+01 3.650903e+02 2.953271e+00
         vertex -2.811513e+01 3.650903e+02 5.875237e+00
         vertex -1.917908e+01 3.875769e+02 3.941401e+00
      endloop
   endfacet
   facet normal -8.670578e-01 3.759888e-01 3.268687e-01
      outer loop
         vertex -2.736202e+01 3.650903e+02 8.734923e+00
         vertex -2.631887e+01 3.650903e+02 1.150202e+01
         vertex -1.799308e+01 3.875769e+02 7.721440e+00
      endloop
   endfacet
   facet normal -7.818968e-01 3.758894e-01 4.973375e-01
      outer loop
         vertex -2.499673e+01 3.650903e+02 1.414719e+01
         vertex -2.340961e+01 3.650903e+02 1.664239e+01
         vertex -1.607045e+01 3.875769e+02 1.118536e+01
      endloop
   endfacet
   facet normal -6.636598e-01 3.757976e-01 6.467858e-01
      outer loop
         vertex -2.157435e+01 3.650903e+02 1.896119e+01
         vertex -1.951040e+01 3.650903e+02 2.107899e+01
         vertex -1.348989e+01 3.875769e+02 1.419136e+01
      endloop
   endfacet
   facet normal -9.753161e-01 2.149944e-01 5.035741e-02
      outer loop
         vertex -6.155196e+01 2.520934e+02 6.362556e+00
         vertex -5.653450e+01 2.749764e+02 5.843907e+00
         vertex -5.684236e+01 2.749486e+02 -6.961181e-15
      endloop
   endfacet
   facet normal -9.820685e-01 1.815789e-01 5.070140e-02
      outer loop
         vertex -6.579004e+01 2.290494e+02 6.800642e+00
         vertex -6.155196e+01 2.520934e+02 6.362556e+00
         vertex -6.188578e+01 2.520645e+02 -7.578823e-15
      endloop
   endfacet
   facet normal -9.859015e-01 1.594146e-01 5.084484e-02
      outer loop
         vertex -6.697269e+01 2.216963e+02 6.922890e+00
         vertex -6.579004e+01 2.290494e+02 6.800642e+00
         vertex -6.614561e+01 2.290194e+02 -8.100500e-15
      endloop
   endfacet
   facet normal -9.869591e-01 1.527205e-01 5.087494e-02
      outer loop
         vertex -6.725336e+01 2.198728e+02 6.951903e+00
         vertex -6.697269e+01 2.216963e+02 6.922890e+00
         vertex -6.732968e+01 2.216954e+02 -8.245507e-15
      endloop
   endfacet
   facet normal -9.875629e-01 1.487544e-01 5.090748e-02
      outer loop
         vertex -6.780009e+01 2.162238e+02 7.008418e+00
         vertex -6.725336e+01 2.198728e+02 6.951903e+00
         vertex -6.761213e+01 2.198701e+02 -8.280098e-15
      endloop
   endfacet
   facet normal -9.887164e-01 1.408617e-01 5.097015e-02
      outer loop
         vertex -6.883543e+01 2.089180e+02 7.115440e+00
         vertex -6.780009e+01 2.162238e+02 7.008418e+00
         vertex -6.816229e+01 2.162174e+02 -8.347473e-15
      endloop
   endfacet
   facet normal -9.908051e-01 1.252783e-01 5.109310e-02
      outer loop
         vertex -7.067670e+01 1.942780e+02 7.305770e+00
         vertex -6.883543e+01 2.089180e+02 7.115440e+00
         vertex -6.920408e+01 2.089043e+02 -8.475056e-15
      endloop
   endfacet
   facet normal -9.938002e-01 9.864247e-02 5.129185e-02
      outer loop
         vertex -7.303011e+01 1.704415e+02 7.549039e+00
         vertex -7.067670e+01 1.942780e+02 7.305770e+00
         vertex -7.105657e+01 1.942497e+02 -8.701920e-15
      endloop
   endfacet
   facet normal -9.963926e-01 6.563499e-02 5.379478e-02
      outer loop
         vertex -7.470722e+01 1.448394e+02 7.722401e+00
         vertex -7.303011e+01 1.704415e+02 7.549039e+00
         vertex -7.504641e+01 1.460196e+02 -9.190535e-15
      endloop
   endfacet
   facet normal -9.875544e-01 3.285512e-02 1.538081e-01
      outer loop
         vertex -7.351723e+01 1.448394e+02 1.536294e+01
         vertex -7.470722e+01 1.448394e+02 7.722401e+00
         vertex -7.434325e+01 1.192032e+02 1.553555e+01
      endloop
   endfacet
   facet normal -9.665056e-01 3.285515e-02 2.545337e-01
      outer loop
         vertex -7.154795e+01 1.448394e+02 2.284063e+01
         vertex -7.351723e+01 1.448394e+02 1.536294e+01
         vertex -7.235184e+01 1.192032e+02 2.309726e+01
      endloop
   endfacet
   facet normal -9.352118e-01 3.285514e-02 3.525613e-01
      outer loop
         vertex -6.882024e+01 1.448394e+02 3.007621e+01
         vertex -7.154795e+01 1.448394e+02 2.284063e+01
         vertex -6.959348e+01 1.192032e+02 3.041413e+01
      endloop
   endfacet
   facet normal -8.940042e-01 3.285491e-02 4.468524e-01
      outer loop
         vertex -6.536302e+01 1.448394e+02 3.699297e+01
         vertex -6.882024e+01 1.448394e+02 3.007621e+01
         vertex -6.609741e+01 1.192032e+02 3.740860e+01
      endloop
   endfacet
   facet normal -8.433200e-01 3.285502e-02 5.364064e-01
      outer loop
         vertex -6.121294e+01 1.448394e+02 4.351759e+01
         vertex -6.536302e+01 1.448394e+02 3.699297e+01
         vertex -6.190070e+01 1.192032e+02 4.400653e+01
      endloop
   endfacet
   facet normal -7.836964e-01 3.285512e-02 6.202746e-01
      outer loop
         vertex -5.641398e+01 1.448394e+02 4.958091e+01
         vertex -6.121294e+01 1.448394e+02 4.351759e+01
         vertex -5.704782e+01 1.192032e+02 5.013799e+01
      endloop
   endfacet
   facet normal -7.157656e-01 3.285505e-02 6.975673e-01
      outer loop
         vertex -5.101702e+01 1.448394e+02 5.511867e+01
         vertex -5.641398e+01 1.448394e+02 4.958091e+01
         vertex -5.159023e+01 1.192032e+02 5.573796e+01
      endloop
   endfacet
   facet normal -5.173445e-01 3.757135e-01 7.688915e-01
      outer loop
         vertex -1.723962e+01 3.650903e+02 2.297334e+01
         vertex -1.478611e+01 3.650903e+02 2.462418e+01
         vertex -1.035705e+01 3.875769e+02 1.661635e+01
      endloop
   endfacet
   facet normal -3.491387e-01 3.756369e-01 8.584865e-01
      outer loop
         vertex -1.217586e+01 3.650903e+02 2.601399e+01
         vertex -9.436543e+00 3.650903e+02 2.712804e+01
         vertex -6.800195e+00 3.875769e+02 1.836107e+01
      endloop
   endfacet
   facet normal -1.661568e-01 3.755681e-01 9.117788e-01
      outer loop
         vertex -6.597195e+00 3.650903e+02 2.795454e+01
         vertex -3.687915e+00 3.650903e+02 2.848470e+01
         vertex -2.964938e+00 3.875769e+02 1.935409e+01
      endloop
   endfacet
   facet normal 2.386362e-02 3.755069e-01 9.265123e-01
      outer loop
         vertex -7.395431e-01 3.650903e+02 2.871293e+01
         vertex 2.216668e+00 3.650903e+02 2.863679e+01
         vertex 9.917046e-01 3.875769e+02 1.955475e+01
      endloop
   endfacet
   facet normal -6.402473e-01 3.285504e-02 7.674659e-01
      outer loop
         vertex -4.507927e+01 1.448394e+02 6.007215e+01
         vertex -5.101702e+01 1.448394e+02 5.511867e+01
         vertex -4.558576e+01 1.192032e+02 6.074710e+01
      endloop
   endfacet
   facet normal -5.579426e-01 3.285483e-02 8.292289e-01
      outer loop
         vertex -3.866366e+01 1.448394e+02 6.438886e+01
         vertex -4.507927e+01 1.448394e+02 6.007215e+01
         vertex -3.909807e+01 1.192032e+02 6.511230e+01
      endloop
   endfacet
   facet normal -4.697225e-01 3.285520e-02 8.822025e-01
      outer loop
         vertex -3.183821e+01 1.448394e+02 6.802303e+01
         vertex -3.866366e+01 1.448394e+02 6.438886e+01
         vertex -3.219593e+01 1.192032e+02 6.878731e+01
      endloop
   endfacet
   facet normal -3.765248e-01 3.285514e-02 9.258237e-01
      outer loop
         vertex -2.467527e+01 1.448394e+02 7.093613e+01
         vertex -3.183821e+01 1.448394e+02 6.802303e+01
         vertex -2.495251e+01 1.192032e+02 7.173315e+01
      endloop
   endfacet
   facet normal -2.793344e-01 3.285525e-02 9.596316e-01
      outer loop
         vertex -1.725076e+01 1.448394e+02 7.309730e+01
         vertex -2.467527e+01 1.448394e+02 7.093613e+01
         vertex -1.744459e+01 1.192032e+02 7.391859e+01
      endloop
   endfacet
   facet normal -1.791838e-01 3.285507e-02 9.832669e-01
      outer loop
         vertex -9.643395e+00 1.448394e+02 7.448361e+01
         vertex -1.725076e+01 1.448394e+02 7.309730e+01
         vertex -9.751744e+00 1.192032e+02 7.532048e+01
      endloop
   endfacet
   facet normal -7.713381e-02 3.285512e-02 9.964793e-01
      outer loop
         vertex -1.933804e+00 1.448394e+02 7.508038e+01
         vertex -9.643395e+00 1.448394e+02 7.448361e+01
         vertex -1.955532e+00 1.192032e+02 7.592396e+01
      endloop
   endfacet
   facet normal 2.573362e-02 3.285518e-02 9.991288e-01
      outer loop
         vertex 5.796285e+00 1.448394e+02 7.488129e+01
         vertex -1.933804e+00 1.448394e+02 7.508038e+01
         vertex 5.861410e+00 1.192032e+02 7.572263e+01
      endloop
   endfacet
   facet normal 2.128843e-01 3.754533e-01 9.020616e-01
      outer loop
         vertex 5.149383e+00 3.650903e+02 2.825709e+01
         vertex 8.027513e+00 3.650903e+02 2.757786e+01
         vertex 4.907746e+00 3.875769e+02 1.895483e+01
      endloop
   endfacet
   facet normal 3.929096e-01 3.754074e-01 8.394590e-01
      outer loop
         vertex 1.082055e+01 3.650903e+02 2.660629e+01
         vertex 1.349888e+01 3.650903e+02 2.535270e+01
         vertex 8.622865e+00 3.875769e+02 1.757891e+01
      endloop
   endfacet
   facet normal 5.563240e-01 3.753691e-01 7.413512e-01
      outer loop
         vertex 1.603413e+01 3.650903e+02 2.383036e+01
         vertex 1.839940e+01 3.650903e+02 2.205541e+01
         vertex 1.198496e+01 3.875769e+02 1.548329e+01
      endloop
   endfacet
   facet normal 6.962151e-01 3.753385e-01 6.118869e-01
      outer loop
         vertex 2.056964e+01 3.650903e+02 2.004667e+01
         vertex 2.252184e+01 3.650903e+02 1.782542e+01
         vertex 1.485639e+01 3.875769e+02 1.275379e+01
      endloop
   endfacet
   facet normal 1.283289e-01 3.285494e-02 9.911873e-01
      outer loop
         vertex 1.346493e+01 1.448394e+02 7.388843e+01
         vertex 5.796285e+00 1.448394e+02 7.488129e+01
         vertex 1.361622e+01 1.192032e+02 7.471861e+01
      endloop
   endfacet
   facet normal 2.295634e-01 3.285483e-02 9.727390e-01
      outer loop
         vertex 2.099085e+01 1.448394e+02 7.211234e+01
         vertex 1.346493e+01 1.448394e+02 7.388843e+01
         vertex 2.122669e+01 1.192032e+02 7.292255e+01
      endloop
   endfacet
   facet normal 3.283650e-01 3.285493e-02 9.439793e-01
      outer loop
         vertex 2.829426e+01 1.448394e+02 6.957183e+01
         vertex 2.099085e+01 1.448394e+02 7.211234e+01
         vertex 2.861216e+01 1.192032e+02 7.035351e+01
      endloop
   endfacet
   facet normal 4.236857e-01 3.285503e-02 9.052132e-01
      outer loop
         vertex 3.529774e+01 1.448394e+02 6.629385e+01
         vertex 2.829426e+01 1.448394e+02 6.957183e+01
         vertex 3.569433e+01 1.192032e+02 6.703870e+01
      endloop
   endfacet
   facet normal 5.145150e-01 3.285506e-02 8.568517e-01
      outer loop
         vertex 4.192706e+01 1.448394e+02 6.231313e+01
         vertex 3.529774e+01 1.448394e+02 6.629385e+01
         vertex 4.239813e+01 1.192032e+02 6.301326e+01
      endloop
   endfacet
   facet normal 5.998901e-01 3.285498e-02 7.994076e-01
      outer loop
         vertex 4.811193e+01 1.448394e+02 5.767188e+01
         vertex 4.192706e+01 1.448394e+02 6.231313e+01
         vertex 4.865250e+01 1.192032e+02 5.831986e+01
      endloop
   endfacet
   facet normal 6.789067e-01 3.285500e-02 7.334891e-01
      outer loop
         vertex 5.378682e+01 1.448394e+02 5.241930e+01
         vertex 4.811193e+01 1.448394e+02 5.767188e+01
         vertex 5.439114e+01 1.192032e+02 5.300826e+01
      endloop
   endfacet
   facet normal 7.507263e-01 3.285490e-02 6.597958e-01
      outer loop
         vertex 5.889154e+01 1.448394e+02 4.661105e+01
         vertex 5.378682e+01 1.448394e+02 5.241930e+01
         vertex 5.955322e+01 1.192032e+02 4.713475e+01
      endloop
   endfacet
   facet normal 8.066650e-01 3.753155e-01 4.565411e-01
      outer loop
         vertex 2.423530e+01 3.650903e+02 1.541523e+01
         vertex 2.569186e+01 3.650903e+02 1.284163e+01
         vertex 1.711960e+01 3.875769e+02 9.502154e+00
      endloop
   endfacet
   facet normal 8.830008e-01 3.753002e-01 2.818852e-01
      outer loop
         vertex 2.687608e+01 3.650903e+02 1.013190e+01
         vertex 2.777541e+01 3.650903e+02 7.314778e+00
         vertex 1.868193e+01 3.875769e+02 5.861494e+00
      endloop
   endfacet
   facet normal 9.219937e-01 3.752926e-01 9.530558e-02
      outer loop
         vertex 2.838030e+01 3.650903e+02 4.420115e+00
         vertex 2.868437e+01 3.650903e+02 1.478596e+00
         vertex 1.947942e+01 3.875769e+02 1.980864e+00
      endloop
   endfacet
   facet normal 9.219937e-01 3.752926e-01 -9.530558e-02
      outer loop
         vertex 2.868437e+01 3.650903e+02 -1.478596e+00
         vertex 2.838030e+01 3.650903e+02 -4.420115e+00
         vertex 1.947942e+01 3.875769e+02 -1.980864e+00
      endloop
   endfacet
   facet normal 8.145883e-01 3.285504e-02 5.791083e-01
      outer loop
         vertex 6.337201e+01 1.448394e+02 4.030872e+01
         vertex 5.889154e+01 1.448394e+02 4.661105e+01
         vertex 6.408403e+01 1.192032e+02 4.076161e+01
      endloop
   endfacet
   facet normal 8.698154e-01 3.285494e-02 4.922822e-01
      outer loop
         vertex 6.718071e+01 1.448394e+02 3.357911e+01
         vertex 6.337201e+01 1.448394e+02 4.030872e+01
         vertex 6.793552e+01 1.192032e+02 3.395639e+01
      endloop
   endfacet
   facet normal 9.158222e-01 3.285495e-02 4.002379e-01
      outer loop
         vertex 7.027728e+01 1.448394e+02 2.649355e+01
         vertex 6.718071e+01 1.448394e+02 3.357911e+01
         vertex 7.106689e+01 1.192032e+02 2.679122e+01
      endloop
   endfacet
   facet normal 9.521213e-01 3.285519e-02 3.039499e-01
      outer loop
         vertex 7.262889e+01 1.448394e+02 1.912715e+01
         vertex 7.027728e+01 1.448394e+02 2.649355e+01
         vertex 7.344492e+01 1.192032e+02 1.934205e+01
      endloop
   endfacet
   facet normal 9.783271e-01 3.285508e-02 2.044421e-01
      outer loop
         vertex 7.421062e+01 1.448394e+02 1.155800e+01
         vertex 7.262889e+01 1.448394e+02 1.912715e+01
         vertex 7.504443e+01 1.192032e+02 1.168786e+01
      endloop
   endfacet
   facet normal 9.941628e-01 3.285482e-02 1.027659e-01
      outer loop
         vertex 7.500571e+01 1.448394e+02 3.866327e+00
         vertex 7.421062e+01 1.448394e+02 1.155800e+01
         vertex 7.584843e+01 1.192032e+02 3.909767e+00
      endloop
   endfacet
   facet normal 9.994601e-01 3.285482e-02 0.000000e+00
      outer loop
         vertex 7.500571e+01 1.448394e+02 -3.866327e+00
         vertex 7.500571e+01 1.448394e+02 3.866327e+00
         vertex 7.584843e+01 1.192032e+02 -3.909767e+00
      endloop
   endfacet
   facet normal 9.941628e-01 3.285508e-02 -1.027659e-01
      outer loop
         vertex 7.421062e+01 1.448394e+02 -1.155800e+01
         vertex 7.500571e+01 1.448394e+02 -3.866327e+00
         vertex 7.504443e+01 1.192032e+02 -1.168786e+01
      endloop
   endfacet
   facet normal 8.830008e-01 3.753002e-01 -2.818852e-01
      outer loop
         vertex 2.777541e+01 3.650903e+02 -7.314778e+00
         vertex 2.687608e+01 3.650903e+02 -1.013190e+01
         vertex 1.868193e+01 3.875769e+02 -5.861494e+00
      endloop
   endfacet
   facet normal 8.066650e-01 3.753155e-01 -4.565411e-01
      outer loop
         vertex 2.569186e+01 3.650903e+02 -1.284163e+01
         vertex 2.423530e+01 3.650903e+02 -1.541523e+01
         vertex 1.711960e+01 3.875769e+02 -9.502154e+00
      endloop
   endfacet
   facet normal 6.962151e-01 3.753385e-01 -6.118869e-01
      outer loop
         vertex 2.252184e+01 3.650903e+02 -1.782542e+01
         vertex 2.056964e+01 3.650903e+02 -2.004667e+01
         vertex 1.485639e+01 3.875769e+02 -1.275379e+01
      endloop
   endfacet
   facet normal 5.563240e-01 3.753691e-01 -7.413512e-01
      outer loop
         vertex 1.839940e+01 3.650903e+02 -2.205541e+01
         vertex 1.603413e+01 3.650903e+02 -2.383036e+01
         vertex 1.198496e+01 3.875769e+02 -1.548329e+01
      endloop
   endfacet
   facet normal 9.783271e-01 3.285519e-02 -2.044421e-01
      outer loop
         vertex 7.262889e+01 1.448394e+02 -1.912715e+01
         vertex 7.421062e+01 1.448394e+02 -1.155800e+01
         vertex 7.344492e+01 1.192032e+02 -1.934205e+01
      endloop
   endfacet
   facet normal 9.521213e-01 3.285494e-02 -3.039499e-01
      outer loop
         vertex 7.027728e+01 1.448394e+02 -2.649355e+01
         vertex 7.262889e+01 1.448394e+02 -1.912715e+01
         vertex 7.106689e+01 1.192032e+02 -2.679122e+01
      endloop
   endfacet
   facet normal 9.158222e-01 3.285496e-02 -4.002379e-01
      outer loop
         vertex 6.718071e+01 1.448394e+02 -3.357911e+01
         vertex 7.027728e+01 1.448394e+02 -2.649355e+01
         vertex 6.793552e+01 1.192032e+02 -3.395639e+01
      endloop
   endfacet
   facet normal 8.698154e-01 3.285506e-02 -4.922822e-01
      outer loop
         vertex 6.337201e+01 1.448394e+02 -4.030872e+01
         vertex 6.718071e+01 1.448394e+02 -3.357911e+01
         vertex 6.408403e+01 1.192032e+02 -4.076161e+01
      endloop
   endfacet
   facet normal 8.145883e-01 3.285490e-02 -5.791083e-01
      outer loop
         vertex 5.889154e+01 1.448394e+02 -4.661105e+01
         vertex 6.337201e+01 1.448394e+02 -4.030872e+01
         vertex 5.955322e+01 1.192032e+02 -4.713475e+01
      endloop
   endfacet
   facet normal 7.507263e-01 3.285500e-02 -6.597958e-01
      outer loop
         vertex 5.378682e+01 1.448394e+02 -5.241930e+01
         vertex 5.889154e+01 1.448394e+02 -4.661105e+01
         vertex 5.439114e+01 1.192032e+02 -5.300826e+01
      endloop
   endfacet
   facet normal 6.789067e-01 3.285498e-02 -7.334891e-01
      outer loop
         vertex 4.811193e+01 1.448394e+02 -5.767188e+01
         vertex 5.378682e+01 1.448394e+02 -5.241930e+01
         vertex 4.865250e+01 1.192032e+02 -5.831986e+01
      endloop
   endfacet
   facet normal 5.998901e-01 3.285505e-02 -7.994076e-01
      outer loop
         vertex 4.192706e+01 1.448394e+02 -6.231313e+01
         vertex 4.811193e+01 1.448394e+02 -5.767188e+01
         vertex 4.239813e+01 1.192032e+02 -6.301326e+01
      endloop
   endfacet
   facet normal 3.929096e-01 3.754074e-01 -8.394590e-01
      outer loop
         vertex 1.349888e+01 3.650903e+02 -2.535270e+01
         vertex 1.082055e+01 3.650903e+02 -2.660629e+01
         vertex 8.622865e+00 3.875769e+02 -1.757891e+01
      endloop
   endfacet
   facet normal 2.128843e-01 3.754533e-01 -9.020616e-01
      outer loop
         vertex 8.027513e+00 3.650903e+02 -2.757786e+01
         vertex 5.149383e+00 3.650903e+02 -2.825709e+01
         vertex 4.907746e+00 3.875769e+02 -1.895483e+01
      endloop
   endfacet
   facet normal 2.386362e-02 3.755069e-01 -9.265123e-01
      outer loop
         vertex 2.216668e+00 3.650903e+02 -2.863679e+01
         vertex -7.395431e-01 3.650903e+02 -2.871293e+01
         vertex 9.917046e-01 3.875769e+02 -1.955475e+01
      endloop
   endfacet
   facet normal -1.661568e-01 3.755681e-01 -9.117788e-01
      outer loop
         vertex -3.687915e+00 3.650903e+02 -2.848470e+01
         vertex -6.597195e+00 3.650903e+02 -2.795454e+01
         vertex -2.964938e+00 3.875769e+02 -1.935409e+01
      endloop
   endfacet
   facet normal 5.145150e-01 3.285504e-02 -8.568517e-01
      outer loop
         vertex 3.529774e+01 1.448394e+02 -6.629385e+01
         vertex 4.192706e+01 1.448394e+02 -6.231313e+01
         vertex 3.569433e+01 1.192032e+02 -6.703870e+01
      endloop
   endfacet
   facet normal 4.236857e-01 3.285494e-02 -9.052132e-01
      outer loop
         vertex 2.829426e+01 1.448394e+02 -6.957183e+01
         vertex 3.529774e+01 1.448394e+02 -6.629385e+01
         vertex 2.861216e+01 1.192032e+02 -7.035351e+01
      endloop
   endfacet
   facet normal 3.283650e-01 3.285484e-02 -9.439793e-01
      outer loop
         vertex 2.099085e+01 1.448394e+02 -7.211234e+01
         vertex 2.829426e+01 1.448394e+02 -6.957183e+01
         vertex 2.122669e+01 1.192032e+02 -7.292255e+01
      endloop
   endfacet
   facet normal 2.295634e-01 3.285494e-02 -9.727390e-01
      outer loop
         vertex 1.346493e+01 1.448394e+02 -7.388843e+01
         vertex 2.099085e+01 1.448394e+02 -7.211234e+01
         vertex 1.361622e+01 1.192032e+02 -7.471861e+01
      endloop
   endfacet
   facet normal 1.283289e-01 3.285518e-02 -9.911873e-01
      outer loop
         vertex 5.796285e+00 1.448394e+02 -7.488129e+01
         vertex 1.346493e+01 1.448394e+02 -7.388843e+01
         vertex 5.861410e+00 1.192032e+02 -7.572263e+01
      endloop
   endfacet
   facet normal 2.573362e-02 3.285512e-02 -9.991288e-01
      outer loop
         vertex -1.933804e+00 1.448394e+02 -7.508038e+01
         vertex 5.796285e+00 1.448394e+02 -7.488129e+01
         vertex -1.955532e+00 1.192032e+02 -7.592396e+01
      endloop
   endfacet
   facet normal -7.713381e-02 3.285507e-02 -9.964793e-01
      outer loop
         vertex -9.643395e+00 1.448394e+02 -7.448361e+01
         vertex -1.933804e+00 1.448394e+02 -7.508038e+01
         vertex -9.751744e+00 1.192032e+02 -7.532048e+01
      endloop
   endfacet
   facet normal -1.791838e-01 3.285525e-02 -9.832669e-01
      outer loop
         vertex -1.725076e+01 1.448394e+02 -7.309730e+01
         vertex -9.643395e+00 1.448394e+02 -7.448361e+01
         vertex -1.744459e+01 1.192032e+02 -7.391859e+01
      endloop
   endfacet
   facet normal -3.491387e-01 3.756369e-01 -8.584865e-01
      outer loop
         vertex -9.436543e+00 3.650903e+02 -2.712804e+01
         vertex -1.217586e+01 3.650903e+02 -2.601399e+01
         vertex -6.800195e+00 3.875769e+02 -1.836107e+01
      endloop
   endfacet
   facet normal -5.173445e-01 3.757135e-01 -7.688915e-01
      outer loop
         vertex -1.478611e+01 3.650903e+02 -2.462418e+01
         vertex -1.723962e+01 3.650903e+02 -2.297334e+01
         vertex -1.035705e+01 3.875769e+02 -1.661635e+01
      endloop
   endfacet
   facet normal -6.636598e-01 3.757976e-01 -6.467858e-01
      outer loop
         vertex -1.951040e+01 3.650903e+02 -2.107899e+01
         vertex -2.157435e+01 3.650903e+02 -1.896119e+01
         vertex -1.348989e+01 3.875769e+02 -1.419136e+01
      endloop
   endfacet
   facet normal -7.818968e-01 3.758894e-01 -4.973375e-01
      outer loop
         vertex -2.340961e+01 3.650903e+02 -1.664239e+01
         vertex -2.499673e+01 3.650903e+02 -1.414719e+01
         vertex -1.607045e+01 3.875769e+02 -1.118536e+01
      endloop
   endfacet
   facet normal -2.793345e-01 3.285515e-02 -9.596316e-01
      outer loop
         vertex -2.467527e+01 1.448394e+02 -7.093613e+01
         vertex -1.725076e+01 1.448394e+02 -7.309730e+01
         vertex -2.495251e+01 1.192032e+02 -7.173315e+01
      endloop
   endfacet
   facet normal -3.765248e-01 3.285519e-02 -9.258237e-01
      outer loop
         vertex -3.183821e+01 1.448394e+02 -6.802303e+01
         vertex -2.467527e+01 1.448394e+02 -7.093613e+01
         vertex -3.219593e+01 1.192032e+02 -6.878731e+01
      endloop
   endfacet
   facet normal -4.697225e-01 3.285482e-02 -8.822026e-01
      outer loop
         vertex -3.866366e+01 1.448394e+02 -6.438886e+01
         vertex -3.183821e+01 1.448394e+02 -6.802303e+01
         vertex -3.909807e+01 1.192032e+02 -6.511230e+01
      endloop
   endfacet
   facet normal -5.579426e-01 3.285504e-02 -8.292289e-01
      outer loop
         vertex -4.507927e+01 1.448394e+02 -6.007215e+01
         vertex -3.866366e+01 1.448394e+02 -6.438886e+01
         vertex -4.558576e+01 1.192032e+02 -6.074710e+01
      endloop
   endfacet
   facet normal -6.402473e-01 3.285504e-02 -7.674659e-01
      outer loop
         vertex -5.101702e+01 1.448394e+02 -5.511867e+01
         vertex -4.507927e+01 1.448394e+02 -6.007215e+01
         vertex -5.159023e+01 1.192032e+02 -5.573796e+01
      endloop
   endfacet
   facet normal -7.157656e-01 3.285512e-02 -6.975673e-01
      outer loop
         vertex -5.641398e+01 1.448394e+02 -4.958091e+01
         vertex -5.101702e+01 1.448394e+02 -5.511867e+01
         vertex -5.704782e+01 1.192032e+02 -5.013799e+01
      endloop
   endfacet
   facet normal -7.836964e-01 3.285501e-02 -6.202746e-01
      outer loop
         vertex -6.121294e+01 1.448394e+02 -4.351759e+01
         vertex -5.641398e+01 1.448394e+02 -4.958091e+01
         vertex -6.190070e+01 1.192032e+02 -4.400653e+01
      endloop
   endfacet
   facet normal -8.433200e-01 3.285490e-02 -5.364064e-01
      outer loop
         vertex -6.536302e+01 1.448394e+02 -3.699297e+01
         vertex -6.121294e+01 1.448394e+02 -4.351759e+01
         vertex -6.609741e+01 1.192032e+02 -3.740860e+01
      endloop
   endfacet
   facet normal -8.670578e-01 3.759888e-01 -3.268687e-01
      outer loop
         vertex -2.631887e+01 3.650903e+02 -1.150202e+01
         vertex -2.736202e+01 3.650903e+02 -8.734923e+00
         vertex -1.799308e+01 3.875769e+02 -7.721440e+00
      endloop
   endfacet
   facet normal -9.155433e-01 3.760958e-01 -1.425920e-01
      outer loop
         vertex -2.811513e+01 3.650903e+02 -5.875237e+00
         vertex -2.857022e+01 3.650903e+02 -2.953271e+00
         vertex -1.917908e+01 3.875769e+02 -3.941401e+00
      endloop
   endfacet
   facet normal -9.373405e-01 3.450474e-01 -4.832287e-02
      outer loop
         vertex -2.857022e+01 3.650903e+02 -2.953271e+00
         vertex -3.682954e+01 3.425338e+02 -3.807028e+00
         vertex -2.872278e+01 3.650895e+02 -3.517526e-15
      endloop
   endfacet
   facet normal -9.484320e-01 3.131861e-01 -4.889899e-02
      outer loop
         vertex -3.682954e+01 3.425338e+02 -3.807028e+00
         vertex -4.425373e+01 3.199311e+02 -4.574458e+00
         vertex -3.702639e+01 3.425321e+02 -4.534425e-15
      endloop
   endfacet
   facet normal -9.579534e-01 2.826412e-01 -4.938807e-02
      outer loop
         vertex -4.425373e+01 3.199311e+02 -4.574458e+00
         vertex -5.009008e+01 3.000446e+02 -5.177755e+00
         vertex -4.449034e+01 3.199285e+02 -5.448495e-15
      endloop
   endfacet
   facet normal -9.624370e-01 2.669341e-01 -4.961145e-02
      outer loop
         vertex -5.009008e+01 3.000446e+02 -5.177755e+00
         vertex -5.054887e+01 2.983816e+02 -5.225179e+00
         vertex -5.035723e+01 3.000437e+02 -6.166982e-15
      endloop
   endfacet
   facet normal -9.634366e-01 2.632932e-01 -4.966391e-02
      outer loop
         vertex -5.054887e+01 2.983816e+02 -5.225179e+00
         vertex -5.145397e+01 2.950520e+02 -5.318738e+00
         vertex -5.081894e+01 2.983790e+02 -6.223525e-15
      endloop
   endfacet
   facet normal -9.653955e-01 2.559971e-01 -4.976914e-02
      outer loop
         vertex -5.145397e+01 2.950520e+02 -5.318738e+00
         vertex -5.321426e+01 2.883784e+02 -5.500698e+00
         vertex -5.172982e+01 2.950458e+02 -6.335075e-15
      endloop
   endfacet
   facet normal -9.691433e-01 2.413775e-01 -4.998183e-02
      outer loop
         vertex -5.321426e+01 2.883784e+02 -5.500698e+00
         vertex -5.653450e+01 2.749764e+02 -5.843907e+00
         vertex -5.350128e+01 2.883650e+02 -6.552017e-15
      endloop
   endfacet
   facet normal -9.753161e-01 2.149944e-01 -5.035741e-02
      outer loop
         vertex -5.653450e+01 2.749764e+02 -5.843907e+00
         vertex -6.155196e+01 2.520934e+02 -6.362556e+00
         vertex -5.684236e+01 2.749486e+02 -6.961181e-15
      endloop
   endfacet
   facet normal -9.820685e-01 1.815789e-01 -5.070140e-02
      outer loop
         vertex -6.155196e+01 2.520934e+02 -6.362556e+00
         vertex -6.579004e+01 2.290494e+02 -6.800642e+00
         vertex -6.188578e+01 2.520645e+02 -7.578823e-15
      endloop
   endfacet
   facet normal -9.859015e-01 1.594146e-01 -5.084484e-02
      outer loop
         vertex -6.579004e+01 2.290494e+02 -6.800642e+00
         vertex -6.697269e+01 2.216963e+02 -6.922890e+00
         vertex -6.614561e+01 2.290194e+02 -8.100500e-15
      endloop
   endfacet
   facet normal -9.869591e-01 1.527205e-01 -5.087494e-02
      outer loop
         vertex -6.697269e+01 2.216963e+02 -6.922890e+00
         vertex -6.725336e+01 2.198728e+02 -6.951903e+00
         vertex -6.732968e+01 2.216954e+02 -8.245507e-15
      endloop
   endfacet
   facet normal -9.875629e-01 1.487544e-01 -5.090748e-02
      outer loop
         vertex -6.725336e+01 2.198728e+02 -6.951903e+00
         vertex -6.780009e+01 2.162238e+02 -7.008418e+00
         vertex -6.761213e+01 2.198701e+02 -8.280098e-15
      endloop
   endfacet
   facet normal -9.887164e-01 1.408617e-01 -5.097015e-02
      outer loop
         vertex -6.780009e+01 2.162238e+02 -7.008418e+00
         vertex -6.883543e+01 2.089180e+02 -7.115440e+00
         vertex -6.816229e+01 2.162174e+02 -8.347473e-15
      endloop
   endfacet
   facet normal -9.908051e-01 1.252783e-01 -5.109310e-02
      outer loop
         vertex -6.883543e+01 2.089180e+02 -7.115440e+00
         vertex -7.067670e+01 1.942780e+02 -7.305770e+00
         vertex -6.920408e+01 2.089043e+02 -8.475056e-15
      endloop
   endfacet
   facet normal -9.938002e-01 9.864247e-02 -5.129185e-02
      outer loop
         vertex -7.067670e+01 1.942780e+02 -7.305770e+00
         vertex -7.303011e+01 1.704415e+02 -7.549039e+00
         vertex -7.105657e+01 1.942497e+02 -8.701920e-15
      endloop
   endfacet
   facet normal -8.940042e-01 3.285513e-02 -4.468524e-01
      outer loop
         vertex -6.882024e+01 1.448394e+02 -3.007621e+01
         vertex -6.536302e+01 1.448394e+02 -3.699297e+01
         vertex -6.959348e+01 1.192032e+02 -3.041413e+01
      endloop
   endfacet
   facet normal -9.352118e-01 3.285515e-02 -3.525613e-01
      outer loop
         vertex -7.154795e+01 1.448394e+02 -2.284063e+01
         vertex -6.882024e+01 1.448394e+02 -3.007621e+01
         vertex -7.235184e+01 1.192032e+02 -2.309726e+01
      endloop
   endfacet
   facet normal -9.665056e-01 3.285511e-02 -2.545337e-01
      outer loop
         vertex -7.351723e+01 1.448394e+02 -1.536294e+01
         vertex -7.154795e+01 1.448394e+02 -2.284063e+01
         vertex -7.434325e+01 1.192032e+02 -1.553555e+01
      endloop
   endfacet
   facet normal -9.875544e-01 3.285498e-02 -1.538081e-01
      outer loop
         vertex -7.470722e+01 1.448394e+02 -7.722401e+00
         vertex -7.351723e+01 1.448394e+02 -1.536294e+01
         vertex -7.554660e+01 1.192032e+02 -7.809166e+00
      endloop
   endfacet
   facet normal -9.963926e-01 6.563499e-02 -5.379478e-02
      outer loop
         vertex -7.303011e+01 1.704415e+02 -7.549039e+00
         vertex -7.470722e+01 1.448394e+02 -7.722401e+00
         vertex -7.504641e+01 1.460196e+02 -9.190535e-15
      endloop
   endfacet
   facet normal -9.979467e-01 3.286076e-02 5.497707e-02
      outer loop
         vertex -7.591534e+01 1.210701e+02 -9.296947e-15
         vertex -7.554660e+01 1.192032e+02 7.809166e+00
         vertex -7.470722e+01 1.448394e+02 7.722401e+00
      endloop
   endfacet
   facet normal -9.979467e-01 3.286076e-02 -5.497707e-02
      outer loop
         vertex -7.554660e+01 1.192032e+02 -7.809166e+00
         vertex -7.591534e+01 1.210701e+02 -9.296947e-15
         vertex -7.470722e+01 1.448394e+02 -7.722401e+00
      endloop
   endfacet
   facet normal -8.959363e-01 3.763327e-01 -2.359487e-01
      outer loop
         vertex -1.917908e+01 3.875769e+02 -3.941401e+00
         vertex -2.736202e+01 3.650903e+02 -8.734923e+00
         vertex -2.811513e+01 3.650903e+02 -5.875237e+00
      endloop
   endfacet
   facet normal -8.286814e-01 3.764626e-01 -4.142018e-01
      outer loop
         vertex -1.799308e+01 3.875769e+02 -7.721440e+00
         vertex -2.499673e+01 3.650903e+02 -1.414719e+01
         vertex -2.631887e+01 3.650903e+02 -1.150202e+01
      endloop
   endfacet
   facet normal -7.263895e-01 3.766001e-01 -5.749179e-01
      outer loop
         vertex -1.607045e+01 3.875769e+02 -1.118536e+01
         vertex -2.157435e+01 3.650903e+02 -1.896119e+01
         vertex -2.340961e+01 3.650903e+02 -1.664239e+01
      endloop
   endfacet
   facet normal -5.933923e-01 3.767452e-01 -7.113007e-01
      outer loop
         vertex -1.348989e+01 3.875769e+02 -1.419136e+01
         vertex -1.723962e+01 3.650903e+02 -2.297334e+01
         vertex -1.951040e+01 3.650903e+02 -2.107899e+01
      endloop
   endfacet
   facet normal -4.353184e-01 3.768979e-01 -8.175854e-01
      outer loop
         vertex -1.035705e+01 3.875769e+02 -1.661635e+01
         vertex -1.217586e+01 3.650903e+02 -2.601399e+01
         vertex -1.478611e+01 3.650903e+02 -2.462418e+01
      endloop
   endfacet
   facet normal -2.588565e-01 3.770582e-01 -8.892809e-01
      outer loop
         vertex -6.800195e+00 3.875769e+02 -1.836107e+01
         vertex -6.597195e+00 3.650903e+02 -2.795454e+01
         vertex -9.436543e+00 3.650903e+02 -2.712804e+01
      endloop
   endfacet
   facet normal -7.147360e-02 3.772260e-01 -9.233591e-01
      outer loop
         vertex -2.964938e+00 3.875769e+02 -1.935409e+01
         vertex -7.395431e-01 3.650903e+02 -2.871293e+01
         vertex -3.687915e+00 3.650903e+02 -2.848470e+01
      endloop
   endfacet
   facet normal 1.189030e-01 3.774015e-01 -9.183846e-01
      outer loop
         vertex 9.917046e-01 3.875769e+02 -1.955475e+01
         vertex 5.149383e+00 3.650903e+02 -2.825709e+01
         vertex 2.216668e+00 3.650903e+02 -2.863679e+01
      endloop
   endfacet
   facet normal 3.042217e-01 3.775845e-01 -8.745737e-01
      outer loop
         vertex 4.907746e+00 3.875769e+02 -1.895483e+01
         vertex 1.082055e+01 3.650903e+02 -2.660629e+01
         vertex 8.027513e+00 3.650903e+02 -2.757786e+01
      endloop
   endfacet
   facet normal 4.766451e-01 3.777750e-01 -7.937855e-01
      outer loop
         vertex 8.622865e+00 3.875769e+02 -1.757891e+01
         vertex 1.603413e+01 3.650903e+02 -2.383036e+01
         vertex 1.349888e+01 3.650903e+02 -2.535270e+01
      endloop
   endfacet
   facet normal 6.288827e-01 3.779732e-01 -6.794430e-01
      outer loop
         vertex 1.198496e+01 3.875769e+02 -1.548329e+01
         vertex 2.056964e+01 3.650903e+02 -2.004667e+01
         vertex 1.839940e+01 3.650903e+02 -2.205541e+01
      endloop
   endfacet
   facet normal 7.544980e-01 3.781788e-01 -5.363894e-01
      outer loop
         vertex 1.485639e+01 3.875769e+02 -1.275379e+01
         vertex 2.423530e+01 3.650903e+02 -1.541523e+01
         vertex 2.252184e+01 3.650903e+02 -1.782542e+01
      endloop
   endfacet
   facet normal 8.481846e-01 3.783920e-01 -3.706784e-01
      outer loop
         vertex 1.711960e+01 3.875769e+02 -9.502154e+00
         vertex 2.687608e+01 3.650903e+02 -1.013190e+01
         vertex 2.569186e+01 3.650903e+02 -1.284163e+01
      endloop
   endfacet
   facet normal 9.059850e-01 3.786128e-01 -1.893239e-01
      outer loop
         vertex 1.868193e+01 3.875769e+02 -5.861494e+00
         vertex 2.838030e+01 3.650903e+02 -4.420115e+00
         vertex 2.777541e+01 3.650903e+02 -7.314778e+00
      endloop
   endfacet
   facet normal 9.254618e-01 3.788410e-01 0.000000e+00
      outer loop
         vertex 1.947942e+01 3.875769e+02 -1.980864e+00
         vertex 2.868437e+01 3.650903e+02 1.478596e+00
         vertex 2.868437e+01 3.650903e+02 -1.478596e+00
      endloop
   endfacet
   facet normal 9.059850e-01 3.786128e-01 1.893239e-01
      outer loop
         vertex 2.838030e+01 3.650903e+02 4.420115e+00
         vertex 1.868193e+01 3.875769e+02 5.861494e+00
         vertex 2.777541e+01 3.650903e+02 7.314778e+00
      endloop
   endfacet
   facet normal 8.481846e-01 3.783920e-01 3.706784e-01
      outer loop
         vertex 2.687608e+01 3.650903e+02 1.013190e+01
         vertex 1.711960e+01 3.875769e+02 9.502154e+00
         vertex 2.569186e+01 3.650903e+02 1.284163e+01
      endloop
   endfacet
   facet normal 7.544980e-01 3.781788e-01 5.363894e-01
      outer loop
         vertex 2.423530e+01 3.650903e+02 1.541523e+01
         vertex 1.485639e+01 3.875769e+02 1.275379e+01
         vertex 2.252184e+01 3.650903e+02 1.782542e+01
      endloop
   endfacet
   facet normal 6.288827e-01 3.779732e-01 6.794430e-01
      outer loop
         vertex 2.056964e+01 3.650903e+02 2.004667e+01
         vertex 1.198496e+01 3.875769e+02 1.548329e+01
         vertex 1.839940e+01 3.650903e+02 2.205541e+01
      endloop
   endfacet
   facet normal 4.766451e-01 3.777750e-01 7.937855e-01
      outer loop
         vertex 1.603413e+01 3.650903e+02 2.383036e+01
         vertex 8.622865e+00 3.875769e+02 1.757891e+01
         vertex 1.349888e+01 3.650903e+02 2.535270e+01
      endloop
   endfacet
   facet normal 3.042217e-01 3.775845e-01 8.745737e-01
      outer loop
         vertex 1.082055e+01 3.650903e+02 2.660629e+01
         vertex 4.907746e+00 3.875769e+02 1.895483e+01
         vertex 8.027513e+00 3.650903e+02 2.757786e+01
      endloop
   endfacet
   facet normal 1.189030e-01 3.774015e-01 9.183846e-01
      outer loop
         vertex 5.149383e+00 3.650903e+02 2.825709e+01
         vertex 9.917046e-01 3.875769e+02 1.955475e+01
         vertex 2.216668e+00 3.650903e+02 2.863679e+01
      endloop
   endfacet
   facet normal -7.147360e-02 3.772260e-01 9.233591e-01
      outer loop
         vertex -7.395431e-01 3.650903e+02 2.871293e+01
         vertex -2.964938e+00 3.875769e+02 1.935409e+01
         vertex -3.687915e+00 3.650903e+02 2.848470e+01
      endloop
   endfacet
   facet normal -2.588565e-01 3.770582e-01 8.892809e-01
      outer loop
         vertex -6.597195e+00 3.650903e+02 2.795454e+01
         vertex -6.800195e+00 3.875769e+02 1.836107e+01
         vertex -9.436543e+00 3.650903e+02 2.712804e+01
      endloop
   endfacet
   facet normal -4.353184e-01 3.768979e-01 8.175854e-01
      outer loop
         vertex -1.217586e+01 3.650903e+02 2.601399e+01
         vertex -1.035705e+01 3.875769e+02 1.661635e+01
         vertex -1.478611e+01 3.650903e+02 2.462418e+01
      endloop
   endfacet
   facet normal -5.933923e-01 3.767452e-01 7.113007e-01
      outer loop
         vertex -1.723962e+01 3.650903e+02 2.297334e+01
         vertex -1.348989e+01 3.875769e+02 1.419136e+01
         vertex -1.951040e+01 3.650903e+02 2.107899e+01
      endloop
   endfacet
   facet normal -7.263895e-01 3.766001e-01 5.749179e-01
      outer loop
         vertex -2.157435e+01 3.650903e+02 1.896119e+01
         vertex -1.607045e+01 3.875769e+02 1.118536e+01
         vertex -2.340961e+01 3.650903e+02 1.664239e+01
      endloop
   endfacet
   facet normal -8.286814e-01 3.764626e-01 4.142018e-01
      outer loop
         vertex -2.499673e+01 3.650903e+02 1.414719e+01
         vertex -1.799308e+01 3.875769e+02 7.721440e+00
         vertex -2.631887e+01 3.650903e+02 1.150202e+01
      endloop
   endfacet
   facet normal -8.959363e-01 3.763327e-01 2.359487e-01
      outer loop
         vertex -2.736202e+01 3.650903e+02 8.734923e+00
         vertex -1.917908e+01 3.875769e+02 3.941401e+00
         vertex -2.811513e+01 3.650903e+02 5.875237e+00
      endloop
   endfacet
   facet normal 0.000000e+00 1.000000e+00 0.000000e+00
      outer loop
         vertex -7.554710e+01 1.192032e+02 -7.809218e+00
         vertex -7.554660e+01 1.192032e+02 -7.809166e+00
         vertex -7.434373e+01 1.192032e+02 -1.553566e+01
      endloop
   endfacet
   facet normal 0.000000e+00 1.000000e+00 0.000000e+00
      outer loop
         vertex -7.554660e+01 1.192032e+02 -7.809166e+00
         vertex -7.434325e+01 1.192032e+02 -1.553555e+01
         vertex -7.434373e+01 1.192032e+02 -1.553566e+01
      endloop
   endfacet
   facet normal 0.000000e+00 1.000000e+00 0.000000e+00
      outer loop
         vertex -7.434373e+01 1.192032e+02 -1.553566e+01
         vertex -7.434325e+01 1.192032e+02 -1.553555e+01
         vertex -7.235232e+01 1.192032e+02 -2.309741e+01
      endloop
   endfacet
   facet normal 0.000000e+00 1.000000e+00 0.000000e+00
      outer loop
         vertex -7.434325e+01 1.192032e+02 -1.553555e+01
         vertex -7.235184e+01 1.192032e+02 -2.309726e+01
         vertex -7.235232e+01 1.192032e+02 -2.309741e+01
      endloop
   endfacet
   facet normal 0.000000e+00 1.000000e+00 0.000000e+00
      outer loop
         vertex -7.235232e+01 1.192032e+02 -2.309741e+01
         vertex -7.235184e+01 1.192032e+02 -2.309726e+01
         vertex -6.959394e+01 1.192032e+02 -3.041433e+01
      endloop
   endfacet
   facet normal 0.000000e+00 1.000000e+00 0.000000e+00
      outer loop
         vertex -7.235184e+01 1.192032e+02 -2.309726e+01
         vertex -6.959348e+01 1.192032e+02 -3.041413e+01
         vertex -6.959394e+01 1.192032e+02 -3.041433e+01
      endloop
   endfacet
   facet normal 0.000000e+00 1.000000e+00 0.000000e+00
      outer loop
         vertex -6.959394e+01 1.192032e+02 -3.041433e+01
         vertex -6.959348e+01 1.192032e+02 -3.041413e+01
         vertex -6.609785e+01 1.192032e+02 -3.740885e+01
      endloop
   endfacet
   facet normal 0.000000e+00 1.000000e+00 0.000000e+00
      outer loop
         vertex -6.959348e+01 1.192032e+02 -3.041413e+01
         vertex -6.609741e+01 1.192032e+02 -3.740860e+01
         vertex -6.609785e+01 1.192032e+02 -3.740885e+01
      endloop
   endfacet
   facet normal 0.000000e+00 1.000000e+00 0.000000e+00
      outer loop
         vertex -6.609785e+01 1.192032e+02 -3.740885e+01
         vertex -6.609741e+01 1.192032e+02 -3.740860e+01
         vertex -6.190111e+01 1.192032e+02 -4.400682e+01
      endloop
   endfacet
   facet normal 0.000000e+00 1.000000e+00 0.000000e+00
      outer loop
         vertex -6.609741e+01 1.192032e+02 -3.740860e+01
         vertex -6.190070e+01 1.192032e+02 -4.400653e+01
         vertex -6.190111e+01 1.192032e+02 -4.400682e+01
      endloop
   endfacet
   facet normal 0.000000e+00 1.000000e+00 0.000000e+00
      outer loop
         vertex -6.190111e+01 1.192032e+02 -4.400682e+01
         vertex -6.190070e+01 1.192032e+02 -4.400653e+01
         vertex -5.704820e+01 1.192032e+02 -5.013832e+01
      endloop
   endfacet
   facet normal 0.000000e+00 1.000000e+00 0.000000e+00
      outer loop
         vertex -6.190070e+01 1.192032e+02 -4.400653e+01
         vertex -5.704782e+01 1.192032e+02 -5.013799e+01
         vertex -5.704820e+01 1.192032e+02 -5.013832e+01
      endloop
   endfacet
   facet normal 0.000000e+00 1.000000e+00 0.000000e+00
      outer loop
         vertex -5.704820e+01 1.192032e+02 -5.013832e+01
         vertex -5.704782e+01 1.192032e+02 -5.013799e+01
         vertex -5.159056e+01 1.192032e+02 -5.573833e+01
      endloop
   endfacet
   facet normal 0.000000e+00 1.000000e+00 0.000000e+00
      outer loop
         vertex -5.704782e+01 1.192032e+02 -5.013799e+01
         vertex -5.159023e+01 1.192032e+02 -5.573796e+01
         vertex -5.159056e+01 1.192032e+02 -5.573833e+01
      endloop
   endfacet
   facet normal 0.000000e+00 1.000000e+00 0.000000e+00
      outer loop
         vertex -5.159056e+01 1.192032e+02 -5.573833e+01
         vertex -5.159023e+01 1.192032e+02 -5.573796e+01
         vertex -4.558606e+01 1.192032e+02 -6.074750e+01
      endloop
   endfacet
   facet normal 0.000000e+00 1.000000e+00 0.000000e+00
      outer loop
         vertex -5.159023e+01 1.192032e+02 -5.573796e+01
         vertex -4.558576e+01 1.192032e+02 -6.074710e+01
         vertex -4.558606e+01 1.192032e+02 -6.074750e+01
      endloop
   endfacet
   facet normal 0.000000e+00 1.000000e+00 0.000000e+00
      outer loop
         vertex -4.558606e+01 1.192032e+02 -6.074750e+01
         vertex -4.558576e+01 1.192032e+02 -6.074710e+01
         vertex -3.909833e+01 1.192032e+02 -6.511274e+01
      endloop
   endfacet
   facet normal 0.000000e+00 1.000000e+00 0.000000e+00
      outer loop
         vertex -4.558576e+01 1.192032e+02 -6.074710e+01
         vertex -3.909807e+01 1.192032e+02 -6.511230e+01
         vertex -3.909833e+01 1.192032e+02 -6.511274e+01
      endloop
   endfacet
   facet normal 0.000000e+00 1.000000e+00 0.000000e+00
      outer loop
         vertex -3.909833e+01 1.192032e+02 -6.511274e+01
         vertex -3.909807e+01 1.192032e+02 -6.511230e+01
         vertex -3.219614e+01 1.192032e+02 -6.878776e+01
      endloop
   endfacet
   facet normal 0.000000e+00 1.000000e+00 0.000000e+00
      outer loop
         vertex -3.909807e+01 1.192032e+02 -6.511230e+01
         vertex -3.219593e+01 1.192032e+02 -6.878731e+01
         vertex -3.219614e+01 1.192032e+02 -6.878776e+01
      endloop
   endfacet
   facet normal 0.000000e+00 1.000000e+00 0.000000e+00
      outer loop
         vertex -3.219614e+01 1.192032e+02 -6.878776e+01
         vertex -3.219593e+01 1.192032e+02 -6.878731e+01
         vertex -2.495267e+01 1.192032e+02 -7.173362e+01
      endloop
   endfacet
   facet normal 0.000000e+00 1.000000e+00 0.000000e+00
      outer loop
         vertex -3.219593e+01 1.192032e+02 -6.878731e+01
         vertex -2.495251e+01 1.192032e+02 -7.173315e+01
         vertex -2.495267e+01 1.192032e+02 -7.173362e+01
      endloop
   endfacet
   facet normal 0.000000e+00 1.000000e+00 0.000000e+00
      outer loop
         vertex -2.495267e+01 1.192032e+02 -7.173362e+01
         vertex -2.495251e+01 1.192032e+02 -7.173315e+01
         vertex -1.744470e+01 1.192032e+02 -7.391908e+01
      endloop
   endfacet
   facet normal 0.000000e+00 1.000000e+00 0.000000e+00
      outer loop
         vertex -2.495251e+01 1.192032e+02 -7.173315e+01
         vertex -1.744459e+01 1.192032e+02 -7.391859e+01
         vertex -1.744470e+01 1.192032e+02 -7.391908e+01
      endloop
   endfacet
   facet normal 0.000000e+00 1.000000e+00 0.000000e+00
      outer loop
         vertex -1.744470e+01 1.192032e+02 -7.391908e+01
         vertex -1.744459e+01 1.192032e+02 -7.391859e+01
         vertex -9.751809e+00 1.192032e+02 -7.532098e+01
      endloop
   endfacet
   facet normal 0.000000e+00 1.000000e+00 0.000000e+00
      outer loop
         vertex -1.744459e+01 1.192032e+02 -7.391859e+01
         vertex -9.751744e+00 1.192032e+02 -7.532048e+01
         vertex -9.751809e+00 1.192032e+02 -7.532098e+01
      endloop
   endfacet
   facet normal 0.000000e+00 1.000000e+00 0.000000e+00
      outer loop
         vertex -9.751809e+00 1.192032e+02 -7.532098e+01
         vertex -9.751744e+00 1.192032e+02 -7.532048e+01
         vertex -1.955545e+00 1.192032e+02 -7.592446e+01
      endloop
   endfacet
   facet normal 0.000000e+00 1.000000e+00 0.000000e+00
      outer loop
         vertex -9.751744e+00 1.192032e+02 -7.532048e+01
         vertex -1.955532e+00 1.192032e+02 -7.592396e+01
         vertex -1.955545e+00 1.192032e+02 -7.592446e+01
      endloop
   endfacet
   facet normal -0.000000e+00 1.000000e+00 0.000000e+00
      outer loop
         vertex -1.955545e+00 1.192032e+02 -7.592446e+01
         vertex -1.955532e+00 1.192032e+02 -7.592396e+01
         vertex 5.861449e+00 1.192032e+02 -7.572312e+01
      endloop
   endfacet
   facet normal 0.000000e+00 1.000000e+00 0.000000e+00
      outer loop
         vertex -1.955532e+00 1.192032e+02 -7.592396e+01
         vertex 5.861410e+00 1.192032e+02 -7.572263e+01
         vertex 5.861449e+00 1.192032e+02 -7.572312e+01
      endloop
   endfacet
   facet normal -0.000000e+00 1.000000e+00 0.000000e+00
      outer loop
         vertex 5.861449e+00 1.192032e+02 -7.572312e+01
         vertex 5.861410e+00 1.192032e+02 -7.572263e+01
         vertex 1.361631e+01 1.192032e+02 -7.471910e+01
      endloop
   endfacet
   facet normal 0.000000e+00 1.000000e+00 0.000000e+00
      outer loop
         vertex 5.861410e+00 1.192032e+02 -7.572263e+01
         vertex 1.361622e+01 1.192032e+02 -7.471861e+01
         vertex 1.361631e+01 1.192032e+02 -7.471910e+01
      endloop
   endfacet
   facet normal -0.000000e+00 1.000000e+00 0.000000e+00
      outer loop
         vertex 1.361631e+01 1.192032e+02 -7.471910e+01
         vertex 1.361622e+01 1.192032e+02 -7.471861e+01
         vertex 2.122683e+01 1.192032e+02 -7.292303e+01
      endloop
   endfacet
   facet normal 0.000000e+00 1.000000e+00 0.000000e+00
      outer loop
         vertex 1.361622e+01 1.192032e+02 -7.471861e+01
         vertex 2.122669e+01 1.192032e+02 -7.292255e+01
         vertex 2.122683e+01 1.192032e+02 -7.292303e+01
      endloop
   endfacet
   facet normal -0.000000e+00 1.000000e+00 0.000000e+00
      outer loop
         vertex 2.122683e+01 1.192032e+02 -7.292303e+01
         vertex 2.122669e+01 1.192032e+02 -7.292255e+01
         vertex 2.861235e+01 1.192032e+02 -7.035397e+01
      endloop
   endfacet
   facet normal 0.000000e+00 1.000000e+00 0.000000e+00
      outer loop
         vertex 2.122669e+01 1.192032e+02 -7.292255e+01
         vertex 2.861216e+01 1.192032e+02 -7.035351e+01
         vertex 2.861235e+01 1.192032e+02 -7.035397e+01
      endloop
   endfacet
   facet normal -0.000000e+00 1.000000e+00 0.000000e+00
      outer loop
         vertex 2.861235e+01 1.192032e+02 -7.035397e+01
         vertex 2.861216e+01 1.192032e+02 -7.035351e+01
         vertex 3.569456e+01 1.192032e+02 -6.703914e+01
      endloop
   endfacet
   facet normal 0.000000e+00 1.000000e+00 0.000000e+00
      outer loop
         vertex 2.861216e+01 1.192032e+02 -7.035351e+01
         vertex 3.569433e+01 1.192032e+02 -6.703870e+01
         vertex 3.569456e+01 1.192032e+02 -6.703914e+01
      endloop
   endfacet
   facet normal -0.000000e+00 1.000000e+00 0.000000e+00
      outer loop
         vertex 3.569456e+01 1.192032e+02 -6.703914e+01
         vertex 3.569433e+01 1.192032e+02 -6.703870e+01
         vertex 4.239841e+01 1.192032e+02 -6.301367e+01
      endloop
   endfacet
   facet normal 0.000000e+00 1.000000e+00 0.000000e+00
      outer loop
         vertex 3.569433e+01 1.192032e+02 -6.703870e+01
         vertex 4.239813e+01 1.192032e+02 -6.301326e+01
         vertex 4.239841e+01 1.192032e+02 -6.301367e+01
      endloop
   endfacet
   facet normal -0.000000e+00 1.000000e+00 0.000000e+00
      outer loop
         vertex 4.239841e+01 1.192032e+02 -6.301367e+01
         vertex 4.239813e+01 1.192032e+02 -6.301326e+01
         vertex 4.865282e+01 1.192032e+02 -5.832024e+01
      endloop
   endfacet
   facet normal 0.000000e+00 1.000000e+00 0.000000e+00
      outer loop
         vertex 4.239813e+01 1.192032e+02 -6.301326e+01
         vertex 4.865250e+01 1.192032e+02 -5.831986e+01
         vertex 4.865282e+01 1.192032e+02 -5.832024e+01
      endloop
   endfacet
   facet normal -0.000000e+00 1.000000e+00 0.000000e+00
      outer loop
         vertex 4.865282e+01 1.192032e+02 -5.832024e+01
         vertex 4.865250e+01 1.192032e+02 -5.831986e+01
         vertex 5.439150e+01 1.192032e+02 -5.300861e+01
      endloop
   endfacet
   facet normal 0.000000e+00 1.000000e+00 0.000000e+00
      outer loop
         vertex 4.865250e+01 1.192032e+02 -5.831986e+01
         vertex 5.439114e+01 1.192032e+02 -5.300826e+01
         vertex 5.439150e+01 1.192032e+02 -5.300861e+01
      endloop
   endfacet
   facet normal -0.000000e+00 1.000000e+00 0.000000e+00
      outer loop
         vertex 5.439150e+01 1.192032e+02 -5.300861e+01
         vertex 5.439114e+01 1.192032e+02 -5.300826e+01
         vertex 5.955362e+01 1.192032e+02 -4.713507e+01
      endloop
   endfacet
   facet normal 0.000000e+00 1.000000e+00 0.000000e+00
      outer loop
         vertex 5.439114e+01 1.192032e+02 -5.300826e+01
         vertex 5.955322e+01 1.192032e+02 -4.713475e+01
         vertex 5.955362e+01 1.192032e+02 -4.713507e+01
      endloop
   endfacet
   facet normal -0.000000e+00 1.000000e+00 0.000000e+00
      outer loop
         vertex 5.955362e+01 1.192032e+02 -4.713507e+01
         vertex 5.955322e+01 1.192032e+02 -4.713475e+01
         vertex 6.408445e+01 1.192032e+02 -4.076188e+01
      endloop
   endfacet
   facet normal 0.000000e+00 1.000000e+00 0.000000e+00
      outer loop
         vertex 5.955322e+01 1.192032e+02 -4.713475e+01
         vertex 6.408403e+01 1.192032e+02 -4.076161e+01
         vertex 6.408445e+01 1.192032e+02 -4.076188e+01
      endloop
   endfacet
   facet normal -0.000000e+00 1.000000e+00 0.000000e+00
      outer loop
         vertex 6.408445e+01 1.192032e+02 -4.076188e+01
         vertex 6.408403e+01 1.192032e+02 -4.076161e+01
         vertex 6.793597e+01 1.192032e+02 -3.395661e+01
      endloop
   endfacet
   facet normal 0.000000e+00 1.000000e+00 0.000000e+00
      outer loop
         vertex 6.408403e+01 1.192032e+02 -4.076161e+01
         vertex 6.793552e+01 1.192032e+02 -3.395639e+01
         vertex 6.793597e+01 1.192032e+02 -3.395661e+01
      endloop
   endfacet
   facet normal -0.000000e+00 1.000000e+00 0.000000e+00
      outer loop
         vertex 6.793597e+01 1.192032e+02 -3.395661e+01
         vertex 6.793552e+01 1.192032e+02 -3.395639e+01
         vertex 7.106735e+01 1.192032e+02 -2.679139e+01
      endloop
   endfacet
   facet normal 0.000000e+00 1.000000e+00 0.000000e+00
      outer loop
         vertex 6.793552e+01 1.192032e+02 -3.395639e+01
         vertex 7.106689e+01 1.192032e+02 -2.679122e+01
         vertex 7.106735e+01 1.192032e+02 -2.679139e+01
      endloop
   endfacet
   facet normal -0.000000e+00 1.000000e+00 0.000000e+00
      outer loop
         vertex 7.106735e+01 1.192032e+02 -2.679139e+01
         vertex 7.106689e+01 1.192032e+02 -2.679122e+01
         vertex 7.344540e+01 1.192032e+02 -1.934218e+01
      endloop
   endfacet
   facet normal 0.000000e+00 1.000000e+00 0.000000e+00
      outer loop
         vertex 7.106689e+01 1.192032e+02 -2.679122e+01
         vertex 7.344492e+01 1.192032e+02 -1.934205e+01
         vertex 7.344540e+01 1.192032e+02 -1.934218e+01
      endloop
   endfacet
   facet normal -0.000000e+00 1.000000e+00 0.000000e+00
      outer loop
         vertex 7.344540e+01 1.192032e+02 -1.934218e+01
         vertex 7.344492e+01 1.192032e+02 -1.934205e+01
         vertex 7.504492e+01 1.192032e+02 -1.168793e+01
      endloop
   endfacet
   facet normal 0.000000e+00 1.000000e+00 0.000000e+00
      outer loop
         vertex 7.344492e+01 1.192032e+02 -1.934205e+01
         vertex 7.504443e+01 1.192032e+02 -1.168786e+01
         vertex 7.504492e+01 1.192032e+02 -1.168793e+01
      endloop
   endfacet
   facet normal -0.000000e+00 1.000000e+00 0.000000e+00
      outer loop
         vertex 7.504492e+01 1.192032e+02 -1.168793e+01
         vertex 7.504443e+01 1.192032e+02 -1.168786e+01
         vertex 7.584894e+01 1.192032e+02 -3.909793e+00
      endloop
   endfacet
   facet normal 0.000000e+00 1.000000e+00 0.000000e+00
      outer loop
         vertex 7.504443e+01 1.192032e+02 -1.168786e+01
         vertex 7.584843e+01 1.192032e+02 -3.909767e+00
         vertex 7.584894e+01 1.192032e+02 -3.909793e+00
      endloop
   endfacet
   facet normal -0.000000e+00 1.000000e+00 0.000000e+00
      outer loop
         vertex 7.584894e+01 1.192032e+02 -3.909793e+00
         vertex 7.584843e+01 1.192032e+02 -3.909767e+00
         vertex 7.584894e+01 1.192032e+02 3.909793e+00
      endloop
   endfacet
   facet normal -0.000000e+00 1.000000e+00 0.000000e+00
      outer loop
         vertex 7.584843e+01 1.192032e+02 -3.909767e+00
         vertex 7.584843e+01 1.192032e+02 3.909767e+00
         vertex 7.584894e+01 1.192032e+02 3.909793e+00
      endloop
   endfacet
   facet normal 0.000000e+00 1.000000e+00 -0.000000e+00
      outer loop
         vertex 7.584894e+01 1.192032e+02 3.909793e+00
         vertex 7.584843e+01 1.192032e+02 3.909767e+00
         vertex 7.504492e+01 1.192032e+02 1.168793e+01
      endloop
   endfacet
   facet normal -0.000000e+00 1.000000e+00 0.000000e+00
      outer loop
         vertex 7.584843e+01 1.192032e+02 3.909767e+00
         vertex 7.504443e+01 1.192032e+02 1.168786e+01
         vertex 7.504492e+01 1.192032e+02 1.168793e+01
      endloop
   endfacet
   facet normal 0.000000e+00 1.000000e+00 -0.000000e+00
      outer loop
         vertex 7.504492e+01 1.192032e+02 1.168793e+01
         vertex 7.504443e+01 1.192032e+02 1.168786e+01
         vertex 7.344540e+01 1.192032e+02 1.934218e+01
      endloop
   endfacet
   facet normal -0.000000e+00 1.000000e+00 0.000000e+00
      outer loop
         vertex 7.504443e+01 1.192032e+02 1.168786e+01
         vertex 7.344492e+01 1.192032e+02 1.934205e+01
         vertex 7.344540e+01 1.192032e+02 1.934218e+01
      endloop
   endfacet
   facet normal 0.000000e+00 1.000000e+00 -0.000000e+00
      outer loop
         vertex 7.344540e+01 1.192032e+02 1.934218e+01
         vertex 7.344492e+01 1.192032e+02 1.934205e+01
         vertex 7.106735e+01 1.192032e+02 2.679139e+01
      endloop
   endfacet
   facet normal -0.000000e+00 1.000000e+00 0.000000e+00
      outer loop
         vertex 7.344492e+01 1.192032e+02 1.934205e+01
         vertex 7.106689e+01 1.192032e+02 2.679122e+01
         vertex 7.106735e+01 1.192032e+02 2.679139e+01
      endloop
   endfacet
   facet normal 0.000000e+00 1.000000e+00 -0.000000e+00
      outer loop
         vertex 7.106735e+01 1.192032e+02 2.679139e+01
         vertex 7.106689e+01 1.192032e+02 2.679122e+01
         vertex 6.793597e+01 1.192032e+02 3.395661e+01
      endloop
   endfacet
   facet normal -0.000000e+00 1.000000e+00 0.000000e+00
      outer loop
         vertex 7.106689e+01 1.192032e+02 2.679122e+01
         vertex 6.793552e+01 1.192032e+02 3.395639e+01
         vertex 6.793597e+01 1.192032e+02 3.395661e+01
      endloop
   endfacet
   facet normal 0.000000e+00 1.000000e+00 -0.000000e+00
      outer loop
         vertex 6.793597e+01 1.192032e+02 3.395661e+01
         vertex 6.793552e+01 1.192032e+02 3.395639e+01
         vertex 6.408445e+01 1.192032e+02 4.076188e+01
      endloop
   endfacet
   facet normal -0.000000e+00 1.000000e+00 0.000000e+00
      outer loop
         vertex 6.793552e+01 1.192032e+02 3.395639e+01
         vertex 6.408403e+01 1.192032e+02 4.076161e+01
         vertex 6.408445e+01 1.192032e+02 4.076188e+01
      endloop
   endfacet
   facet normal 0.000000e+00 1.000000e+00 -0.000000e+00
      outer loop
         vertex 6.408445e+01 1.192032e+02 4.076188e+01
         vertex 6.408403e+01 1.192032e+02 4.076161e+01
         vertex 5.955362e+01 1.192032e+02 4.713507e+01
      endloop
   endfacet
   facet normal -0.000000e+00 1.000000e+00 0.000000e+00
      outer loop
         vertex 6.408403e+01 1.192032e+02 4.076161e+01
         vertex 5.955322e+01 1.192032e+02 4.713475e+01
         vertex 5.955362e+01 1.192032e+02 4.713507e+01
      endloop
   endfacet
   facet normal 0.000000e+00 1.000000e+00 -0.000000e+00
      outer loop
         vertex 5.955362e+01 1.192032e+02 4.713507e+01
         vertex 5.955322e+01 1.192032e+02 4.713475e+01
         vertex 5.439150e+01 1.192032e+02 5.300861e+01
      endloop
   endfacet
   facet normal -0.000000e+00 1.000000e+00 0.000000e+00
      outer loop
         vertex 5.955322e+01 1.192032e+02 4.713475e+01
         vertex 5.439114e+01 1.192032e+02 5.300826e+01
         vertex 5.439150e+01 1.192032e+02 5.300861e+01
      endloop
   endfacet
   facet normal 0.000000e+00 1.000000e+00 -0.000000e+00
      outer loop
         vertex 5.439150e+01 1.192032e+02 5.300861e+01
         vertex 5.439114e+01 1.192032e+02 5.300826e+01
         vertex 4.865282e+01 1.192032e+02 5.832024e+01
      endloop
   endfacet
   facet normal -0.000000e+00 1.000000e+00 0.000000e+00
      outer loop
         vertex 5.439114e+01 1.192032e+02 5.300826e+01
         vertex 4.865250e+01 1.192032e+02 5.831986e+01
         vertex 4.865282e+01 1.192032e+02 5.832024e+01
      endloop
   endfacet
   facet normal 0.000000e+00 1.000000e+00 -0.000000e+00
      outer loop
         vertex 4.865282e+01 1.192032e+02 5.832024e+01
         vertex 4.865250e+01 1.192032e+02 5.831986e+01
         vertex 4.239841e+01 1.192032e+02 6.301367e+01
      endloop
   endfacet
   facet normal -0.000000e+00 1.000000e+00 0.000000e+00
      outer loop
         vertex 4.865250e+01 1.192032e+02 5.831986e+01
         vertex 4.239813e+01 1.192032e+02 6.301326e+01
         vertex 4.239841e+01 1.192032e+02 6.301367e+01
      endloop
   endfacet
   facet normal 0.000000e+00 1.000000e+00 -0.000000e+00
      outer loop
         vertex 4.239841e+01 1.192032e+02 6.301367e+01
         vertex 4.239813e+01 1.192032e+02 6.301326e+01
         vertex 3.569456e+01 1.192032e+02 6.703914e+01
      endloop
   endfacet
   facet normal -0.000000e+00 1.000000e+00 0.000000e+00
      outer loop
         vertex 4.239813e+01 1.192032e+02 6.301326e+01
         vertex 3.569433e+01 1.192032e+02 6.703870e+01
         vertex 3.569456e+01 1.192032e+02 6.703914e+01
      endloop
   endfacet
   facet normal 0.000000e+00 1.000000e+00 -0.000000e+00
      outer loop
         vertex 3.569456e+01 1.192032e+02 6.703914e+01
         vertex 3.569433e+01 1.192032e+02 6.703870e+01
         vertex 2.861235e+01 1.192032e+02 7.035397e+01
      endloop
   endfacet
   facet normal -0.000000e+00 1.000000e+00 0.000000e+00
      outer loop
         vertex 3.569433e+01 1.192032e+02 6.703870e+01
         vertex 2.861216e+01 1.192032e+02 7.035351e+01
         vertex 2.861235e+01 1.192032e+02 7.035397e+01
      endloop
   endfacet
   facet normal 0.000000e+00 1.000000e+00 -0.000000e+00
      outer loop
         vertex 2.861235e+01 1.192032e+02 7.035397e+01
         vertex 2.861216e+01 1.192032e+02 7.035351e+01
         vertex 2.122683e+01 1.192032e+02 7.292303e+01
      endloop
   endfacet
   facet normal -0.000000e+00 1.000000e+00 0.000000e+00
      outer loop
         vertex 2.861216e+01 1.192032e+02 7.035351e+01
         vertex 2.122669e+01 1.192032e+02 7.292255e+01
         vertex 2.122683e+01 1.192032e+02 7.292303e+01
      endloop
   endfacet
   facet normal 0.000000e+00 1.000000e+00 -0.000000e+00
      outer loop
         vertex 2.122683e+01 1.192032e+02 7.292303e+01
         vertex 2.122669e+01 1.192032e+02 7.292255e+01
         vertex 1.361631e+01 1.192032e+02 7.471910e+01
      endloop
   endfacet
   facet normal -0.000000e+00 1.000000e+00 0.000000e+00
      outer loop
         vertex 2.122669e+01 1.192032e+02 7.292255e+01
         vertex 1.361622e+01 1.192032e+02 7.471861e+01
         vertex 1.361631e+01 1.192032e+02 7.471910e+01
      endloop
   endfacet
   facet normal 0.000000e+00 1.000000e+00 -0.000000e+00
      outer loop
         vertex 1.361631e+01 1.192032e+02 7.471910e+01
         vertex 1.361622e+01 1.192032e+02 7.471861e+01
         vertex 5.861449e+00 1.192032e+02 7.572312e+01
      endloop
   endfacet
   facet normal -0.000000e+00 1.000000e+00 0.000000e+00
      outer loop
         vertex 1.361622e+01 1.192032e+02 7.471861e+01
         vertex 5.861410e+00 1.192032e+02 7.572263e+01
         vertex 5.861449e+00 1.192032e+02 7.572312e+01
      endloop
   endfacet
   facet normal 0.000000e+00 1.000000e+00 -0.000000e+00
      outer loop
         vertex 5.861449e+00 1.192032e+02 7.572312e+01
         vertex 5.861410e+00 1.192032e+02 7.572263e+01
         vertex -1.955545e+00 1.192032e+02 7.592446e+01
      endloop
   endfacet
   facet normal -0.000000e+00 1.000000e+00 -0.000000e+00
      outer loop
         vertex 5.861410e+00 1.192032e+02 7.572263e+01
         vertex -1.955532e+00 1.192032e+02 7.592396e+01
         vertex -1.955545e+00 1.192032e+02 7.592446e+01
      endloop
   endfacet
   facet normal 0.000000e+00 1.000000e+00 0.000000e+00
      outer loop
         vertex -1.955545e+00 1.192032e+02 7.592446e+01
         vertex -1.955532e+00 1.192032e+02 7.592396e+01
         vertex -9.751809e+00 1.192032e+02 7.532098e+01
      endloop
   endfacet
   facet normal 0.000000e+00 1.000000e+00 -0.000000e+00
      outer loop
         vertex -1.955532e+00 1.192032e+02 7.592396e+01
         vertex -9.751744e+00 1.192032e+02 7.532048e+01
         vertex -9.751809e+00 1.192032e+02 7.532098e+01
      endloop
   endfacet
   facet normal 0.000000e+00 1.000000e+00 0.000000e+00
      outer loop
         vertex -9.751809e+00 1.192032e+02 7.532098e+01
         vertex -9.751744e+00 1.192032e+02 7.532048e+01
         vertex -1.744470e+01 1.192032e+02 7.391908e+01
      endloop
   endfacet
   facet normal 0.000000e+00 1.000000e+00 -0.000000e+00
      outer loop
         vertex -9.751744e+00 1.192032e+02 7.532048e+01
         vertex -1.744459e+01 1.192032e+02 7.391859e+01
         vertex -1.744470e+01 1.192032e+02 7.391908e+01
      endloop
   endfacet
   facet normal 0.000000e+00 1.000000e+00 0.000000e+00
      outer loop
         vertex -1.744470e+01 1.192032e+02 7.391908e+01
         vertex -1.744459e+01 1.192032e+02 7.391859e+01
         vertex -2.495267e+01 1.192032e+02 7.173362e+01
      endloop
   endfacet
   facet normal 0.000000e+00 1.000000e+00 -0.000000e+00
      outer loop
         vertex -1.744459e+01 1.192032e+02 7.391859e+01
         vertex -2.495251e+01 1.192032e+02 7.173315e+01
         vertex -2.495267e+01 1.192032e+02 7.173362e+01
      endloop
   endfacet
   facet normal 0.000000e+00 1.000000e+00 0.000000e+00
      outer loop
         vertex -2.495267e+01 1.192032e+02 7.173362e+01
         vertex -2.495251e+01 1.192032e+02 7.173315e+01
         vertex -3.219614e+01 1.192032e+02 6.878776e+01
      endloop
   endfacet
   facet normal 0.000000e+00 1.000000e+00 -0.000000e+00
      outer loop
         vertex -2.495251e+01 1.192032e+02 7.173315e+01
         vertex -3.219593e+01 1.192032e+02 6.878731e+01
         vertex -3.219614e+01 1.192032e+02 6.878776e+01
      endloop
   endfacet
   facet normal 0.000000e+00 1.000000e+00 0.000000e+00
      outer loop
         vertex -3.219614e+01 1.192032e+02 6.878776e+01
         vertex -3.219593e+01 1.192032e+02 6.878731e+01
         vertex -3.909833e+01 1.192032e+02 6.511274e+01
      endloop
   endfacet
   facet normal 0.000000e+00 1.000000e+00 -0.000000e+00
      outer loop
         vertex -3.219593e+01 1.192032e+02 6.878731e+01
         vertex -3.909807e+01 1.192032e+02 6.511230e+01
         vertex -3.909833e+01 1.192032e+02 6.511274e+01
      endloop
   endfacet
   facet normal 0.000000e+00 1.000000e+00 0.000000e+00
      outer loop
         vertex -3.909833e+01 1.192032e+02 6.511274e+01
         vertex -3.909807e+01 1.192032e+02 6.511230e+01
         vertex -4.558606e+01 1.192032e+02 6.074750e+01
      endloop
   endfacet
   facet normal 0.000000e+00 1.000000e+00 -0.000000e+00
      outer loop
         vertex -3.909807e+01 1.192032e+02 6.511230e+01
         vertex -4.558576e+01 1.192032e+02 6.074710e+01
         vertex -4.558606e+01 1.192032e+02 6.074750e+01
      endloop
   endfacet
   facet normal 0.000000e+00 1.000000e+00 0.000000e+00
      outer loop
         vertex -4.558606e+01 1.192032e+02 6.074750e+01
         vertex -4.558576e+01 1.192032e+02 6.074710e+01
         vertex -5.159056e+01 1.192032e+02 5.573833e+01
      endloop
   endfacet
   facet normal 0.000000e+00 1.000000e+00 -0.000000e+00
      outer loop
         vertex -4.558576e+01 1.192032e+02 6.074710e+01
         vertex -5.159023e+01 1.192032e+02 5.573796e+01
         vertex -5.159056e+01 1.192032e+02 5.573833e+01
      endloop
   endfacet
   facet normal 0.000000e+00 1.000000e+00 0.000000e+00
      outer loop
         vertex -5.159056e+01 1.192032e+02 5.573833e+01
         vertex -5.159023e+01 1.192032e+02 5.573796e+01
         vertex -5.704820e+01 1.192032e+02 5.013832e+01
      endloop
   endfacet
   facet normal 0.000000e+00 1.000000e+00 -0.000000e+00
      outer loop
         vertex -5.159023e+01 1.192032e+02 5.573796e+01
         vertex -5.704782e+01 1.192032e+02 5.013799e+01
         vertex -5.704820e+01 1.192032e+02 5.013832e+01
      endloop
   endfacet
   facet normal 0.000000e+00 1.000000e+00 0.000000e+00
      outer loop
         vertex -5.704820e+01 1.192032e+02 5.013832e+01
         vertex -5.704782e+01 1.192032e+02 5.013799e+01
         vertex -6.190111e+01 1.192032e+02 4.400682e+01
      endloop
   endfacet
   facet normal 0.000000e+00 1.000000e+00 -0.000000e+00
      outer loop
         vertex -5.704782e+01 1.192032e+02 5.013799e+01
         vertex -6.190070e+01 1.192032e+02 4.400653e+01
         vertex -6.190111e+01 1.192032e+02 4.400682e+01
      endloop
   endfacet
   facet normal 0.000000e+00 1.000000e+00 0.000000e+00
      outer loop
         vertex -6.190111e+01 1.192032e+02 4.400682e+01
         vertex -6.190070e+01 1.192032e+02 4.400653e+01
         vertex -6.609785e+01 1.192032e+02 3.740885e+01
      endloop
   endfacet
   facet normal 0.000000e+00 1.000000e+00 -0.000000e+00
      outer loop
         vertex -6.190070e+01 1.192032e+02 4.400653e+01
         vertex -6.609741e+01 1.192032e+02 3.740860e+01
         vertex -6.609785e+01 1.192032e+02 3.740885e+01
      endloop
   endfacet
   facet normal 0.000000e+00 1.000000e+00 0.000000e+00
      outer loop
         vertex -6.609785e+01 1.192032e+02 3.740885e+01
         vertex -6.609741e+01 1.192032e+02 3.740860e+01
         vertex -6.959394e+01 1.192032e+02 3.041433e+01
      endloop
   endfacet
   facet normal 0.000000e+00 1.000000e+00 -0.000000e+00
      outer loop
         vertex -6.609741e+01 1.192032e+02 3.740860e+01
         vertex -6.959348e+01 1.192032e+02 3.041413e+01
         vertex -6.959394e+01 1.192032e+02 3.041433e+01
      endloop
   endfacet
   facet normal 0.000000e+00 1.000000e+00 0.000000e+00
      outer loop
         vertex -6.959394e+01 1.192032e+02 3.041433e+01
         vertex -6.959348e+01 1.192032e+02 3.041413e+01
         vertex -7.235232e+01 1.192032e+02 2.309741e+01
      endloop
   endfacet
   facet normal 0.000000e+00 1.000000e+00 -0.000000e+00
      outer loop
         vertex -6.959348e+01 1.192032e+02 3.041413e+01
         vertex -7.235184e+01 1.192032e+02 2.309726e+01
         vertex -7.235232e+01 1.192032e+02 2.309741e+01
      endloop
   endfacet
   facet normal 0.000000e+00 1.000000e+00 0.000000e+00
      outer loop
         vertex -7.235232e+01 1.192032e+02 2.309741e+01
         vertex -7.235184e+01 1.192032e+02 2.309726e+01
         vertex -7.434373e+01 1.192032e+02 1.553566e+01
      endloop
   endfacet
   facet normal 0.000000e+00 1.000000e+00 -0.000000e+00
      outer loop
         vertex -7.235184e+01 1.192032e+02 2.309726e+01
         vertex -7.434325e+01 1.192032e+02 1.553555e+01
         vertex -7.434373e+01 1.192032e+02 1.553566e+01
      endloop
   endfacet
   facet normal 0.000000e+00 1.000000e+00 0.000000e+00
      outer loop
         vertex -7.434373e+01 1.192032e+02 1.553566e+01
         vertex -7.434325e+01 1.192032e+02 1.553555e+01
         vertex -7.554710e+01 1.192032e+02 7.809218e+00
      endloop
   endfacet
   facet normal 0.000000e+00 1.000000e+00 -0.000000e+00
      outer loop
         vertex -7.434325e+01 1.192032e+02 1.553555e+01
         vertex -7.554660e+01 1.192032e+02 7.809166e+00
         vertex -7.554710e+01 1.192032e+02 7.809218e+00
      endloop
   endfacet
   facet normal 0.000000e+00 1.000000e+00 0.000000e+00
      outer loop
         vertex -7.554710e+01 1.192032e+02 7.809218e+00
         vertex -7.554660e+01 1.192032e+02 7.809166e+00
         vertex -7.594964e+01 1.192032e+02 0.000000e+00
      endloop
   endfacet
   facet normal 0.000000e+00 1.000000e+00 -0.000000e+00
      outer loop
         vertex -7.554660e+01 1.192032e+02 7.809166e+00
         vertex -7.594913e+01 1.192032e+02 0.000000e+00
         vertex -7.594964e+01 1.192032e+02 0.000000e+00
      endloop
   endfacet
   facet normal 0.000000e+00 1.000000e+00 0.000000e+00
      outer loop
         vertex -7.594964e+01 1.192032e+02 0.000000e+00
         vertex -7.594913e+01 1.192032e+02 0.000000e+00
         vertex -7.554710e+01 1.192032e+02 -7.809218e+00
      endloop
   endfacet
   facet normal 0.000000e+00 1.000000e+00 0.000000e+00
      outer loop
         vertex -7.594913e+01 1.192032e+02 0.000000e+00
         vertex -7.554660e+01 1.192032e+02 -7.809166e+00
         vertex -7.554710e+01 1.192032e+02 -7.809218e+00
      endloop
   endfacet
   facet normal -9.948693e-01 0.000000e+00 1.011682e-01
      outer loop
         vertex -1.957988e+01 3.875769e+02 0.000000e+00
         vertex -1.917908e+01 3.875769e+02 3.941401e+00
         vertex -1.917908e+01 4.464691e+02 3.941401e+00
      endloop
   endfacet
   facet normal -9.948693e-01 0.000000e+00 1.011682e-01
      outer loop
         vertex -1.957988e+01 3.875769e+02 0.000000e+00
         vertex -1.917908e+01 4.464691e+02 3.941401e+00
         vertex -1.957988e+01 4.464691e+02 0.000000e+00
      endloop
   endfacet
   facet normal -9.541393e-01 0.000000e+00 2.993631e-01
      outer loop
         vertex -1.917908e+01 3.875769e+02 3.941401e+00
         vertex -1.799308e+01 3.875769e+02 7.721440e+00
         vertex -1.799308e+01 4.464691e+02 7.721440e+00
      endloop
   endfacet
   facet normal -9.541393e-01 0.000000e+00 2.993631e-01
      outer loop
         vertex -1.917908e+01 3.875769e+02 3.941401e+00
         vertex -1.799308e+01 4.464691e+02 7.721440e+00
         vertex -1.917908e+01 4.464691e+02 3.941401e+00
      endloop
   endfacet
   facet normal -8.743466e-01 0.000000e+00 4.853020e-01
      outer loop
         vertex -1.799308e+01 3.875769e+02 7.721440e+00
         vertex -1.607045e+01 3.875769e+02 1.118536e+01
         vertex -1.607045e+01 4.464691e+02 1.118536e+01
      endloop
   endfacet
   facet normal -8.743466e-01 0.000000e+00 4.853020e-01
      outer loop
         vertex -1.799308e+01 3.875769e+02 7.721440e+00
         vertex -1.607045e+01 4.464691e+02 1.118536e+01
         vertex -1.799308e+01 4.464691e+02 7.721440e+00
      endloop
   endfacet
   facet normal -7.587581e-01 0.000000e+00 6.513725e-01
      outer loop
         vertex -1.607045e+01 3.875769e+02 1.118536e+01
         vertex -1.348989e+01 3.875769e+02 1.419136e+01
         vertex -1.348989e+01 4.464691e+02 1.419136e+01
      endloop
   endfacet
   facet normal -7.587581e-01 0.000000e+00 6.513725e-01
      outer loop
         vertex -1.607045e+01 3.875769e+02 1.118536e+01
         vertex -1.348989e+01 4.464691e+02 1.419136e+01
         vertex -1.607045e+01 4.464691e+02 1.118536e+01
      endloop
   endfacet
   facet normal -6.121060e-01 0.000000e+00 7.907758e-01
      outer loop
         vertex -1.348989e+01 3.875769e+02 1.419136e+01
         vertex -1.035705e+01 3.875769e+02 1.661635e+01
         vertex -1.035705e+01 4.464691e+02 1.661635e+01
      endloop
   endfacet
   facet normal -6.121060e-01 0.000000e+00 7.907758e-01
      outer loop
         vertex -1.348989e+01 3.875769e+02 1.419136e+01
         vertex -1.035705e+01 4.464691e+02 1.661635e+01
         vertex -1.348989e+01 4.464691e+02 1.419136e+01
      endloop
   endfacet
   facet normal -4.403943e-01 0.000000e+00 8.978045e-01
      outer loop
         vertex -1.035705e+01 3.875769e+02 1.661635e+01
         vertex -6.800195e+00 3.875769e+02 1.836107e+01
         vertex -6.800195e+00 4.464691e+02 1.836107e+01
      endloop
   endfacet
   facet normal -4.403943e-01 0.000000e+00 8.978045e-01
      outer loop
         vertex -1.035705e+01 3.875769e+02 1.661635e+01
         vertex -6.800195e+00 4.464691e+02 1.836107e+01
         vertex -1.035705e+01 4.464691e+02 1.661635e+01
      endloop
   endfacet
   facet normal -2.506526e-01 0.000000e+00 9.680771e-01
      outer loop
         vertex -6.800195e+00 3.875769e+02 1.836107e+01
         vertex -2.964938e+00 3.875769e+02 1.935409e+01
         vertex -2.964938e+00 4.464691e+02 1.935409e+01
      endloop
   endfacet
   facet normal -2.506526e-01 0.000000e+00 9.680771e-01
      outer loop
         vertex -6.800195e+00 3.875769e+02 1.836107e+01
         vertex -2.964938e+00 4.464691e+02 1.935409e+01
         vertex -6.800195e+00 4.464691e+02 1.836107e+01
      endloop
   endfacet
   facet normal -5.064884e-02 0.000000e+00 9.987165e-01
      outer loop
         vertex -2.964938e+00 3.875769e+02 1.935409e+01
         vertex 9.917046e-01 3.875769e+02 1.955475e+01
         vertex 9.917046e-01 4.464691e+02 1.955475e+01
      endloop
   endfacet
   facet normal -5.064884e-02 0.000000e+00 9.987165e-01
      outer loop
         vertex -2.964938e+00 3.875769e+02 1.935409e+01
         vertex 9.917046e-01 4.464691e+02 1.955475e+01
         vertex -2.964938e+00 4.464691e+02 1.935409e+01
      endloop
   endfacet
   facet normal 1.514275e-01 -0.000000e+00 9.884684e-01
      outer loop
         vertex 9.917046e-01 3.875769e+02 1.955475e+01
         vertex 4.907746e+00 3.875769e+02 1.895483e+01
         vertex 4.907746e+00 4.464691e+02 1.895483e+01
      endloop
   endfacet
   facet normal 1.514275e-01 0.000000e+00 9.884684e-01
      outer loop
         vertex 9.917046e-01 3.875769e+02 1.955475e+01
         vertex 4.907746e+00 4.464691e+02 1.895483e+01
         vertex 9.917046e-01 4.464691e+02 1.955475e+01
      endloop
   endfacet
   facet normal 3.473053e-01 -0.000000e+00 9.377521e-01
      outer loop
         vertex 4.907746e+00 3.875769e+02 1.895483e+01
         vertex 8.622865e+00 3.875769e+02 1.757891e+01
         vertex 8.622865e+00 4.464691e+02 1.757891e+01
      endloop
   endfacet
   facet normal 3.473053e-01 0.000000e+00 9.377521e-01
      outer loop
         vertex 4.907746e+00 3.875769e+02 1.895483e+01
         vertex 8.622865e+00 4.464691e+02 1.757891e+01
         vertex 4.907746e+00 4.464691e+02 1.895483e+01
      endloop
   endfacet
   facet normal 5.289641e-01 -0.000000e+00 8.486442e-01
      outer loop
         vertex 8.622865e+00 3.875769e+02 1.757891e+01
         vertex 1.198496e+01 3.875769e+02 1.548329e+01
         vertex 1.198496e+01 4.464691e+02 1.548329e+01
      endloop
   endfacet
   facet normal 5.289641e-01 0.000000e+00 8.486442e-01
      outer loop
         vertex 8.622865e+00 3.875769e+02 1.757891e+01
         vertex 1.198496e+01 4.464691e+02 1.548329e+01
         vertex 8.622865e+00 4.464691e+02 1.757891e+01
      endloop
   endfacet
   facet normal 6.889669e-01 -0.000000e+00 7.247928e-01
      outer loop
         vertex 1.198496e+01 3.875769e+02 1.548329e+01
         vertex 1.485639e+01 3.875769e+02 1.275379e+01
         vertex 1.485639e+01 4.464691e+02 1.275379e+01
      endloop
   endfacet
   facet normal 6.889669e-01 0.000000e+00 7.247928e-01
      outer loop
         vertex 1.198496e+01 3.875769e+02 1.548329e+01
         vertex 1.485639e+01 4.464691e+02 1.275379e+01
         vertex 1.198496e+01 4.464691e+02 1.548329e+01
      endloop
   endfacet
   facet normal 8.207633e-01 -0.000000e+00 5.712684e-01
      outer loop
         vertex 1.485639e+01 3.875769e+02 1.275379e+01
         vertex 1.711960e+01 3.875769e+02 9.502154e+00
         vertex 1.711960e+01 4.464691e+02 9.502154e+00
      endloop
   endfacet
   facet normal 8.207633e-01 0.000000e+00 5.712684e-01
      outer loop
         vertex 1.485639e+01 3.875769e+02 1.275379e+01
         vertex 1.711960e+01 4.464691e+02 9.502154e+00
         vertex 1.485639e+01 4.464691e+02 1.275379e+01
      endloop
   endfacet
   facet normal 9.189578e-01 -0.000000e+00 3.943558e-01
      outer loop
         vertex 1.711960e+01 3.875769e+02 9.502154e+00
         vertex 1.868193e+01 3.875769e+02 5.861494e+00
         vertex 1.868193e+01 4.464691e+02 5.861494e+00
      endloop
   endfacet
   facet normal 9.189578e-01 0.000000e+00 3.943558e-01
      outer loop
         vertex 1.711960e+01 3.875769e+02 9.502154e+00
         vertex 1.868193e+01 4.464691e+02 5.861494e+00
         vertex 1.711960e+01 4.464691e+02 9.502154e+00
      endloop
   endfacet
   facet normal 9.795300e-01 -0.000000e+00 2.012984e-01
      outer loop
         vertex 1.868193e+01 3.875769e+02 5.861494e+00
         vertex 1.947942e+01 3.875769e+02 1.980864e+00
         vertex 1.947942e+01 4.464691e+02 1.980864e+00
      endloop
   endfacet
   facet normal 9.795300e-01 0.000000e+00 2.012984e-01
      outer loop
         vertex 1.868193e+01 3.875769e+02 5.861494e+00
         vertex 1.947942e+01 4.464691e+02 1.980864e+00
         vertex 1.868193e+01 4.464691e+02 5.861494e+00
      endloop
   endfacet
   facet normal 1.000000e+00 0.000000e+00 0.000000e+00
      outer loop
         vertex 1.947942e+01 3.875769e+02 1.980864e+00
         vertex 1.947942e+01 3.875769e+02 -1.980864e+00
         vertex 1.947942e+01 4.464691e+02 -1.980864e+00
      endloop
   endfacet
   facet normal 1.000000e+00 0.000000e+00 -0.000000e+00
      outer loop
         vertex 1.947942e+01 3.875769e+02 1.980864e+00
         vertex 1.947942e+01 4.464691e+02 -1.980864e+00
         vertex 1.947942e+01 4.464691e+02 1.980864e+00
      endloop
   endfacet
   facet normal 9.795300e-01 0.000000e+00 -2.012984e-01
      outer loop
         vertex 1.947942e+01 3.875769e+02 -1.980864e+00
         vertex 1.868193e+01 3.875769e+02 -5.861494e+00
         vertex 1.868193e+01 4.464691e+02 -5.861494e+00
      endloop
   endfacet
   facet normal 9.795300e-01 0.000000e+00 -2.012984e-01
      outer loop
         vertex 1.947942e+01 3.875769e+02 -1.980864e+00
         vertex 1.868193e+01 4.464691e+02 -5.861494e+00
         vertex 1.947942e+01 4.464691e+02 -1.980864e+00
      endloop
   endfacet
   facet normal 9.189578e-01 0.000000e+00 -3.943558e-01
      outer loop
         vertex 1.868193e+01 3.875769e+02 -5.861494e+00
         vertex 1.711960e+01 3.875769e+02 -9.502154e+00
         vertex 1.711960e+01 4.464691e+02 -9.502154e+00
      endloop
   endfacet
   facet normal 9.189578e-01 0.000000e+00 -3.943558e-01
      outer loop
         vertex 1.868193e+01 3.875769e+02 -5.861494e+00
         vertex 1.711960e+01 4.464691e+02 -9.502154e+00
         vertex 1.868193e+01 4.464691e+02 -5.861494e+00
      endloop
   endfacet
   facet normal 8.207633e-01 0.000000e+00 -5.712684e-01
      outer loop
         vertex 1.711960e+01 3.875769e+02 -9.502154e+00
         vertex 1.485639e+01 3.875769e+02 -1.275379e+01
         vertex 1.485639e+01 4.464691e+02 -1.275379e+01
      endloop
   endfacet
   facet normal 8.207633e-01 0.000000e+00 -5.712684e-01
      outer loop
         vertex 1.711960e+01 3.875769e+02 -9.502154e+00
         vertex 1.485639e+01 4.464691e+02 -1.275379e+01
         vertex 1.711960e+01 4.464691e+02 -9.502154e+00
      endloop
   endfacet
   facet normal 6.889669e-01 0.000000e+00 -7.247928e-01
      outer loop
         vertex 1.485639e+01 3.875769e+02 -1.275379e+01
         vertex 1.198496e+01 3.875769e+02 -1.548329e+01
         vertex 1.198496e+01 4.464691e+02 -1.548329e+01
      endloop
   endfacet
   facet normal 6.889669e-01 0.000000e+00 -7.247928e-01
      outer loop
         vertex 1.485639e+01 3.875769e+02 -1.275379e+01
         vertex 1.198496e+01 4.464691e+02 -1.548329e+01
         vertex 1.485639e+01 4.464691e+02 -1.275379e+01
      endloop
   endfacet
   facet normal 5.289641e-01 0.000000e+00 -8.486442e-01
      outer loop
         vertex 1.198496e+01 3.875769e+02 -1.548329e+01
         vertex 8.622865e+00 3.875769e+02 -1.757891e+01
         vertex 8.622865e+00 4.464691e+02 -1.757891e+01
      endloop
   endfacet
   facet normal 5.289641e-01 0.000000e+00 -8.486442e-01
      outer loop
         vertex 1.198496e+01 3.875769e+02 -1.548329e+01
         vertex 8.622865e+00 4.464691e+02 -1.757891e+01
         vertex 1.198496e+01 4.464691e+02 -1.548329e+01
      endloop
   endfacet
   facet normal 3.473053e-01 0.000000e+00 -9.377521e-01
      outer loop
         vertex 8.622865e+00 3.875769e+02 -1.757891e+01
         vertex 4.907746e+00 3.875769e+02 -1.895483e+01
         vertex 4.907746e+00 4.464691e+02 -1.895483e+01
      endloop
   endfacet
   facet normal 3.473053e-01 0.000000e+00 -9.377521e-01
      outer loop
         vertex 8.622865e+00 3.875769e+02 -1.757891e+01
         vertex 4.907746e+00 4.464691e+02 -1.895483e+01
         vertex 8.622865e+00 4.464691e+02 -1.757891e+01
      endloop
   endfacet
   facet normal 1.514275e-01 0.000000e+00 -9.884684e-01
      outer loop
         vertex 4.907746e+00 3.875769e+02 -1.895483e+01
         vertex 9.917046e-01 3.875769e+02 -1.955475e+01
         vertex 9.917046e-01 4.464691e+02 -1.955475e+01
      endloop
   endfacet
   facet normal 1.514275e-01 0.000000e+00 -9.884684e-01
      outer loop
         vertex 4.907746e+00 3.875769e+02 -1.895483e+01
         vertex 9.917046e-01 4.464691e+02 -1.955475e+01
         vertex 4.907746e+00 4.464691e+02 -1.895483e+01
      endloop
   endfacet
   facet normal -5.064884e-02 0.000000e+00 -9.987165e-01
      outer loop
         vertex 9.917046e-01 3.875769e+02 -1.955475e+01
         vertex -2.964938e+00 3.875769e+02 -1.935409e+01
         vertex -2.964938e+00 4.464691e+02 -1.935409e+01
      endloop
   endfacet
   facet normal -5.064884e-02 0.000000e+00 -9.987165e-01
      outer loop
         vertex 9.917046e-01 3.875769e+02 -1.955475e+01
         vertex -2.964938e+00 4.464691e+02 -1.935409e+01
         vertex 9.917046e-01 4.464691e+02 -1.955475e+01
      endloop
   endfacet
   facet normal -2.506526e-01 0.000000e+00 -9.680771e-01
      outer loop
         vertex -2.964938e+00 3.875769e+02 -1.935409e+01
         vertex -6.800195e+00 3.875769e+02 -1.836107e+01
         vertex -6.800195e+00 4.464691e+02 -1.836107e+01
      endloop
   endfacet
   facet normal -2.506526e-01 0.000000e+00 -9.680771e-01
      outer loop
         vertex -2.964938e+00 3.875769e+02 -1.935409e+01
         vertex -6.800195e+00 4.464691e+02 -1.836107e+01
         vertex -2.964938e+00 4.464691e+02 -1.935409e+01
      endloop
   endfacet
   facet normal -4.403943e-01 0.000000e+00 -8.978045e-01
      outer loop
         vertex -6.800195e+00 3.875769e+02 -1.836107e+01
         vertex -1.035705e+01 3.875769e+02 -1.661635e+01
         vertex -1.035705e+01 4.464691e+02 -1.661635e+01
      endloop
   endfacet
   facet normal -4.403943e-01 0.000000e+00 -8.978045e-01
      outer loop
         vertex -6.800195e+00 3.875769e+02 -1.836107e+01
         vertex -1.035705e+01 4.464691e+02 -1.661635e+01
         vertex -6.800195e+00 4.464691e+02 -1.836107e+01
      endloop
   endfacet
   facet normal -6.121060e-01 0.000000e+00 -7.907758e-01
      outer loop
         vertex -1.035705e+01 3.875769e+02 -1.661635e+01
         vertex -1.348989e+01 3.875769e+02 -1.419136e+01
         vertex -1.348989e+01 4.464691e+02 -1.419136e+01
      endloop
   endfacet
   facet normal -6.121060e-01 0.000000e+00 -7.907758e-01
      outer loop
         vertex -1.035705e+01 3.875769e+02 -1.661635e+01
         vertex -1.348989e+01 4.464691e+02 -1.419136e+01
         vertex -1.035705e+01 4.464691e+02 -1.661635e+01
      endloop
   endfacet
   facet normal -7.587581e-01 0.000000e+00 -6.513725e-01
      outer loop
         vertex -1.348989e+01 3.875769e+02 -1.419136e+01
         vertex -1.607045e+01 3.875769e+02 -1.118536e+01
         vertex -1.607045e+01 4.464691e+02 -1.118536e+01
      endloop
   endfacet
   facet normal -7.587581e-01 0.000000e+00 -6.513725e-01
      outer loop
         vertex -1.348989e+01 3.875769e+02 -1.419136e+01
         vertex -1.607045e+01 4.464691e+02 -1.118536e+01
         vertex -1.348989e+01 4.464691e+02 -1.419136e+01
      endloop
   endfacet
   facet normal -8.743466e-01 0.000000e+00 -4.853020e-01
      outer loop
         vertex -1.607045e+01 3.875769e+02 -1.118536e+01
         vertex -1.799308e+01 3.875769e+02 -7.721440e+00
         vertex -1.799308e+01 4.464691e+02 -7.721440e+00
      endloop
   endfacet
   facet normal -8.743466e-01 0.000000e+00 -4.853020e-01
      outer loop
         vertex -1.607045e+01 3.875769e+02 -1.118536e+01
         vertex -1.799308e+01 4.464691e+02 -7.721440e+00
         vertex -1.607045e+01 4.464691e+02 -1.118536e+01
      endloop
   endfacet
   facet normal -9.541393e-01 0.000000e+00 -2.993631e-01
      outer loop
         vertex -1.799308e+01 3.875769e+02 -7.721440e+00
         vertex -1.917908e+01 3.875769e+02 -3.941401e+00
         vertex -1.917908e+01 4.464691e+02 -3.941401e+00
      endloop
   endfacet
   facet normal -9.541393e-01 0.000000e+00 -2.993631e-01
      outer loop
         vertex -1.799308e+01 3.875769e+02 -7.721440e+00
         vertex -1.917908e+01 4.464691e+02 -3.941401e+00
         vertex -1.799308e+01 4.464691e+02 -7.721440e+00
      endloop
   endfacet
   facet normal -9.948693e-01 0.000000e+00 -1.011682e-01
      outer loop
         vertex -1.917908e+01 3.875769e+02 -3.941401e+00
         vertex -1.957988e+01 3.875769e+02 -4.795688e-15
         vertex -1.957988e+01 4.464691e+02 -4.795688e-15
      endloop
   endfacet
   facet normal -9.948693e-01 0.000000e+00 -1.011682e-01
      outer loop
         vertex -1.917908e+01 3.875769e+02 -3.941401e+00
         vertex -1.957988e+01 4.464691e+02 -4.795688e-15
         vertex -1.917908e+01 4.464691e+02 -3.941401e+00
      endloop
   endfacet
   facet normal -8.509641e-01 -5.233890e-01 4.386471e-02
      outer loop
         vertex -7.080779e+01 1.108432e+02 0.000000e+00
         vertex -7.043250e+01 1.108432e+02 7.280527e+00
         vertex -7.554710e+01 1.192032e+02 7.809218e+00
      endloop
   endfacet
   facet normal -8.509641e-01 -5.233890e-01 4.386468e-02
      outer loop
         vertex -7.080779e+01 1.108432e+02 0.000000e+00
         vertex -7.554710e+01 1.192032e+02 7.809218e+00
         vertex -7.594964e+01 1.192032e+02 0.000000e+00
      endloop
   endfacet
   facet normal -8.419440e-01 -5.233886e-01 1.311287e-01
      outer loop
         vertex -7.043250e+01 1.108432e+02 7.280527e+00
         vertex -6.931061e+01 1.108432e+02 1.448388e+01
         vertex -7.434373e+01 1.192032e+02 1.553566e+01
      endloop
   endfacet
   facet normal -8.419436e-01 -5.233890e-01 1.311293e-01
      outer loop
         vertex -7.043250e+01 1.108432e+02 7.280527e+00
         vertex -7.434373e+01 1.192032e+02 1.553566e+01
         vertex -7.554710e+01 1.192032e+02 7.809218e+00
      endloop
   endfacet
   facet normal -8.239981e-01 -5.233893e-01 2.170040e-01
      outer loop
         vertex -6.931061e+01 1.108432e+02 1.448388e+01
         vertex -6.745400e+01 1.108432e+02 2.153370e+01
         vertex -7.235232e+01 1.192032e+02 2.309741e+01
      endloop
   endfacet
   facet normal -8.239988e-01 -5.233886e-01 2.170032e-01
      outer loop
         vertex -6.931061e+01 1.108432e+02 1.448388e+01
         vertex -7.235232e+01 1.192032e+02 2.309741e+01
         vertex -7.434373e+01 1.192032e+02 1.553566e+01
      endloop
   endfacet
   facet normal -7.973184e-01 -5.233892e-01 3.005780e-01
      outer loop
         vertex -6.745400e+01 1.108432e+02 2.153370e+01
         vertex -6.488237e+01 1.108432e+02 2.835526e+01
         vertex -6.959394e+01 1.192032e+02 3.041433e+01
      endloop
   endfacet
   facet normal -7.973183e-01 -5.233893e-01 3.005780e-01
      outer loop
         vertex -6.745400e+01 1.108432e+02 2.153370e+01
         vertex -6.959394e+01 1.192032e+02 3.041433e+01
         vertex -7.235232e+01 1.192032e+02 2.309741e+01
      endloop
   endfacet
   facet normal -7.621869e-01 -5.233893e-01 3.809657e-01
      outer loop
         vertex -6.488237e+01 1.108432e+02 2.835526e+01
         vertex -6.162297e+01 1.108432e+02 3.487624e+01
         vertex -6.609785e+01 1.192032e+02 3.740885e+01
      endloop
   endfacet
   facet normal -7.621869e-01 -5.233892e-01 3.809656e-01
      outer loop
         vertex -6.488237e+01 1.108432e+02 2.835526e+01
         vertex -6.609785e+01 1.192032e+02 3.740885e+01
         vertex -6.959394e+01 1.192032e+02 3.041433e+01
      endloop
   endfacet
   facet normal -7.189762e-01 -5.233888e-01 4.573154e-01
      outer loop
         vertex -6.162297e+01 1.108432e+02 3.487624e+01
         vertex -5.771035e+01 1.108432e+02 4.102753e+01
         vertex -6.190111e+01 1.192032e+02 4.400682e+01
      endloop
   endfacet
   facet normal -7.189757e-01 -5.233892e-01 4.573158e-01
      outer loop
         vertex -6.162297e+01 1.108432e+02 3.487624e+01
         vertex -6.190111e+01 1.192032e+02 4.400682e+01
         vertex -6.609785e+01 1.192032e+02 3.740885e+01
      endloop
   endfacet
   facet normal -6.681436e-01 -5.233890e-01 5.288177e-01
      outer loop
         vertex -5.771035e+01 1.108432e+02 4.102753e+01
         vertex -5.318599e+01 1.108432e+02 4.674391e+01
         vertex -5.704820e+01 1.192032e+02 5.013832e+01
      endloop
   endfacet
   facet normal -6.681438e-01 -5.233888e-01 5.288176e-01
      outer loop
         vertex -5.771035e+01 1.108432e+02 4.102753e+01
         vertex -5.704820e+01 1.192032e+02 5.013832e+01
         vertex -6.190111e+01 1.192032e+02 4.400682e+01
      endloop
   endfacet
   facet normal -6.102289e-01 -5.233890e-01 5.947139e-01
      outer loop
         vertex -5.318599e+01 1.108432e+02 4.674391e+01
         vertex -4.809784e+01 1.108432e+02 5.196480e+01
         vertex -5.159056e+01 1.192032e+02 5.573833e+01
      endloop
   endfacet
   facet normal -6.102289e-01 -5.233890e-01 5.947139e-01
      outer loop
         vertex -5.318599e+01 1.108432e+02 4.674391e+01
         vertex -5.159056e+01 1.192032e+02 5.573833e+01
         vertex -5.704820e+01 1.192032e+02 5.013832e+01
      endloop
   endfacet
   facet normal -5.458453e-01 -5.233891e-01 6.543063e-01
      outer loop
         vertex -4.809784e+01 1.108432e+02 5.196480e+01
         vertex -4.249984e+01 1.108432e+02 5.663485e+01
         vertex -4.558606e+01 1.192032e+02 6.074750e+01
      endloop
   endfacet
   facet normal -5.458454e-01 -5.233890e-01 6.543063e-01
      outer loop
         vertex -4.809784e+01 1.108432e+02 5.196480e+01
         vertex -4.558606e+01 1.192032e+02 6.074750e+01
         vertex -5.159056e+01 1.192032e+02 5.573833e+01
      endloop
   endfacet
   facet normal -4.756762e-01 -5.233891e-01 7.069625e-01
      outer loop
         vertex -4.249984e+01 1.108432e+02 5.663485e+01
         vertex -3.645134e+01 1.108432e+02 6.070455e+01
         vertex -3.909833e+01 1.192032e+02 6.511274e+01
      endloop
   endfacet
   facet normal -4.756762e-01 -5.233891e-01 7.069625e-01
      outer loop
         vertex -4.249984e+01 1.108432e+02 5.663485e+01
         vertex -3.909833e+01 1.192032e+02 6.511274e+01
         vertex -4.558606e+01 1.192032e+02 6.074750e+01
      endloop
   endfacet
   facet normal -4.004646e-01 -5.233886e-01 7.521253e-01
      outer loop
         vertex -3.645134e+01 1.108432e+02 6.070455e+01
         vertex -3.001644e+01 1.108432e+02 6.413078e+01
         vertex -3.219614e+01 1.192032e+02 6.878776e+01
      endloop
   endfacet
   facet normal -4.004638e-01 -5.233891e-01 7.521254e-01
      outer loop
         vertex -3.645134e+01 1.108432e+02 6.070455e+01
         vertex -3.219614e+01 1.192032e+02 6.878776e+01
         vertex -3.909833e+01 1.192032e+02 6.511274e+01
      endloop
   endfacet
   facet normal -3.210070e-01 -5.233893e-01 7.893150e-01
      outer loop
         vertex -3.001644e+01 1.108432e+02 6.413078e+01
         vertex -2.326336e+01 1.108432e+02 6.687719e+01
         vertex -2.495267e+01 1.192032e+02 7.173362e+01
      endloop
   endfacet
   facet normal -3.210082e-01 -5.233886e-01 7.893150e-01
      outer loop
         vertex -3.001644e+01 1.108432e+02 6.413078e+01
         vertex -2.495267e+01 1.192032e+02 7.173362e+01
         vertex -3.219614e+01 1.192032e+02 6.878776e+01
      endloop
   endfacet
   facet normal -2.381482e-01 -5.233893e-01 8.181376e-01
      outer loop
         vertex -2.326336e+01 1.108432e+02 6.687719e+01
         vertex -1.626368e+01 1.108432e+02 6.891470e+01
         vertex -1.744470e+01 1.192032e+02 7.391908e+01
      endloop
   endfacet
   facet normal -2.381481e-01 -5.233893e-01 8.181376e-01
      outer loop
         vertex -2.326336e+01 1.108432e+02 6.687719e+01
         vertex -1.744470e+01 1.192032e+02 7.391908e+01
         vertex -2.495267e+01 1.192032e+02 7.173362e+01
      endloop
   endfacet
   facet normal -1.527640e-01 -5.233893e-01 8.382880e-01
      outer loop
         vertex -1.626368e+01 1.108432e+02 6.891470e+01
         vertex -9.091603e+00 1.108432e+02 7.022169e+01
         vertex -9.751809e+00 1.192032e+02 7.532098e+01
      endloop
   endfacet
   facet normal -1.527640e-01 -5.233893e-01 8.382880e-01
      outer loop
         vertex -1.626368e+01 1.108432e+02 6.891470e+01
         vertex -9.751809e+00 1.192032e+02 7.532098e+01
         vertex -1.744470e+01 1.192032e+02 7.391908e+01
      endloop
   endfacet
   facet normal -6.576050e-02 -5.233893e-01 8.495524e-01
      outer loop
         vertex -9.091603e+00 1.108432e+02 7.022169e+01
         vertex -1.823153e+00 1.108432e+02 7.078431e+01
         vertex -1.955545e+00 1.192032e+02 7.592446e+01
      endloop
   endfacet
   facet normal -6.576043e-02 -5.233893e-01 8.495524e-01
      outer loop
         vertex -9.091603e+00 1.108432e+02 7.022169e+01
         vertex -1.955545e+00 1.192032e+02 7.592446e+01
         vertex -9.751809e+00 1.192032e+02 7.532098e+01
      endloop
   endfacet
   facet normal 2.193949e-02 -5.233890e-01 8.518114e-01
      outer loop
         vertex -1.823153e+00 1.108432e+02 7.078431e+01
         vertex 5.464623e+00 1.108432e+02 7.059660e+01
         vertex 5.861449e+00 1.192032e+02 7.572312e+01
      endloop
   endfacet
   facet normal 2.193982e-02 -5.233892e-01 8.518112e-01
      outer loop
         vertex -1.823153e+00 1.108432e+02 7.078431e+01
         vertex 5.861449e+00 1.192032e+02 7.572312e+01
         vertex -1.955545e+00 1.192032e+02 7.592446e+01
      endloop
   endfacet
   facet normal 1.094076e-01 -5.233892e-01 8.450406e-01
      outer loop
         vertex 5.464623e+00 1.108432e+02 7.059660e+01
         vertex 1.269447e+01 1.108432e+02 6.966055e+01
         vertex 1.361631e+01 1.192032e+02 7.471910e+01
      endloop
   endfacet
   facet normal 1.094073e-01 -5.233890e-01 8.450408e-01
      outer loop
         vertex 5.464623e+00 1.108432e+02 7.059660e+01
         vertex 1.361631e+01 1.192032e+02 7.471910e+01
         vertex 5.861449e+00 1.192032e+02 7.572312e+01
      endloop
   endfacet
   facet normal 1.957156e-01 -5.233891e-01 8.293125e-01
      outer loop
         vertex 1.269447e+01 1.108432e+02 6.966055e+01
         vertex 1.978976e+01 1.108432e+02 6.798608e+01
         vertex 2.122683e+01 1.192032e+02 7.292303e+01
      endloop
   endfacet
   facet normal 1.957158e-01 -5.233892e-01 8.293124e-01
      outer loop
         vertex 1.269447e+01 1.108432e+02 6.966055e+01
         vertex 2.122683e+01 1.192032e+02 7.292303e+01
         vertex 1.361631e+01 1.192032e+02 7.471910e+01
      endloop
   endfacet
   facet normal 2.799485e-01 -5.233891e-01 8.047935e-01
      outer loop
         vertex 1.978976e+01 1.108432e+02 6.798608e+01
         vertex 2.667527e+01 1.108432e+02 6.559095e+01
         vertex 2.861235e+01 1.192032e+02 7.035397e+01
      endloop
   endfacet
   facet normal 2.799485e-01 -5.233891e-01 8.047936e-01
      outer loop
         vertex 1.978976e+01 1.108432e+02 6.798608e+01
         vertex 2.861235e+01 1.192032e+02 7.035397e+01
         vertex 2.122683e+01 1.192032e+02 7.292303e+01
      endloop
   endfacet
   facet normal 3.612147e-01 -5.233891e-01 7.717434e-01
      outer loop
         vertex 2.667527e+01 1.108432e+02 6.559095e+01
         vertex 3.327801e+01 1.108432e+02 6.250053e+01
         vertex 3.569456e+01 1.192032e+02 6.703914e+01
      endloop
   endfacet
   facet normal 3.612148e-01 -5.233891e-01 7.717433e-01
      outer loop
         vertex 2.667527e+01 1.108432e+02 6.559095e+01
         vertex 3.569456e+01 1.192032e+02 6.703914e+01
         vertex 2.861235e+01 1.192032e+02 7.035397e+01
      endloop
   endfacet
   facet normal 4.386518e-01 -5.233891e-01 7.305125e-01
      outer loop
         vertex 3.327801e+01 1.108432e+02 6.250053e+01
         vertex 3.952800e+01 1.108432e+02 5.874759e+01
         vertex 4.239841e+01 1.192032e+02 6.301367e+01
      endloop
   endfacet
   facet normal 4.386518e-01 -5.233891e-01 7.305125e-01
      outer loop
         vertex 3.327801e+01 1.108432e+02 6.250053e+01
         vertex 4.239841e+01 1.192032e+02 6.301367e+01
         vertex 3.569456e+01 1.192032e+02 6.703914e+01
      endloop
   endfacet
   facet normal 5.114390e-01 -5.233890e-01 6.815380e-01
      outer loop
         vertex 3.952800e+01 1.108432e+02 5.874759e+01
         vertex 4.535899e+01 1.108432e+02 5.437191e+01
         vertex 4.865282e+01 1.192032e+02 5.832024e+01
      endloop
   endfacet
   facet normal 5.114390e-01 -5.233891e-01 6.815380e-01
      outer loop
         vertex 3.952800e+01 1.108432e+02 5.874759e+01
         vertex 4.865282e+01 1.192032e+02 5.832024e+01
         vertex 4.239841e+01 1.192032e+02 6.301367e+01
      endloop
   endfacet
   facet normal 5.788046e-01 -5.233890e-01 6.253392e-01
      outer loop
         vertex 4.535899e+01 1.108432e+02 5.437191e+01
         vertex 5.070915e+01 1.108432e+02 4.941988e+01
         vertex 5.439150e+01 1.192032e+02 5.300861e+01
      endloop
   endfacet
   facet normal 5.788046e-01 -5.233890e-01 6.253392e-01
      outer loop
         vertex 4.535899e+01 1.108432e+02 5.437191e+01
         vertex 5.439150e+01 1.192032e+02 5.300861e+01
         vertex 4.865282e+01 1.192032e+02 5.832024e+01
      endloop
   endfacet
   facet normal 6.400349e-01 -5.233888e-01 5.625118e-01
      outer loop
         vertex 5.070915e+01 1.108432e+02 4.941988e+01
         vertex 5.552179e+01 1.108432e+02 4.394398e+01
         vertex 5.955362e+01 1.192032e+02 4.713507e+01
      endloop
   endfacet
   facet normal 6.400350e-01 -5.233890e-01 5.625115e-01
      outer loop
         vertex 5.070915e+01 1.108432e+02 4.941988e+01
         vertex 5.955362e+01 1.192032e+02 4.713507e+01
         vertex 5.439150e+01 1.192032e+02 5.300861e+01
      endloop
   endfacet
   facet normal 6.944808e-01 -5.233890e-01 4.937210e-01
      outer loop
         vertex 5.552179e+01 1.108432e+02 4.394398e+01
         vertex 5.974588e+01 1.108432e+02 3.800227e+01
         vertex 6.408445e+01 1.192032e+02 4.076188e+01
      endloop
   endfacet
   facet normal 6.944807e-01 -5.233888e-01 4.937213e-01
      outer loop
         vertex 5.552179e+01 1.108432e+02 4.394398e+01
         vertex 6.408445e+01 1.192032e+02 4.076188e+01
         vertex 5.955362e+01 1.192032e+02 4.713507e+01
      endloop
   endfacet
   facet normal 7.415647e-01 -5.233891e-01 4.196972e-01
      outer loop
         vertex 5.974588e+01 1.108432e+02 3.800227e+01
         vertex 6.333665e+01 1.108432e+02 3.165772e+01
         vertex 6.793597e+01 1.192032e+02 3.395661e+01
      endloop
   endfacet
   facet normal 7.415646e-01 -5.233890e-01 4.196974e-01
      outer loop
         vertex 5.974588e+01 1.108432e+02 3.800227e+01
         vertex 6.793597e+01 1.192032e+02 3.395661e+01
         vertex 6.408445e+01 1.192032e+02 4.076188e+01
      endloop
   endfacet
   facet normal 7.807882e-01 -5.233889e-01 3.412241e-01
      outer loop
         vertex 6.333665e+01 1.108432e+02 3.165772e+01
         vertex 6.625603e+01 1.108432e+02 2.497759e+01
         vertex 7.106735e+01 1.192032e+02 2.679139e+01
      endloop
   endfacet
   facet normal 7.807882e-01 -5.233891e-01 3.412238e-01
      outer loop
         vertex 6.333665e+01 1.108432e+02 3.165772e+01
         vertex 7.106735e+01 1.192032e+02 2.679139e+01
         vertex 6.793597e+01 1.192032e+02 3.395661e+01
      endloop
   endfacet
   facet normal 8.117348e-01 -5.233889e-01 2.591344e-01
      outer loop
         vertex 6.625603e+01 1.108432e+02 2.497759e+01
         vertex 6.847309e+01 1.108432e+02 1.803270e+01
         vertex 7.344540e+01 1.192032e+02 1.934218e+01
      endloop
   endfacet
   facet normal 8.117348e-01 -5.233889e-01 2.591344e-01
      outer loop
         vertex 6.625603e+01 1.108432e+02 2.497759e+01
         vertex 7.344540e+01 1.192032e+02 1.934218e+01
         vertex 7.106735e+01 1.192032e+02 2.679139e+01
      endloop
   endfacet
   facet normal 8.340768e-01 -5.233891e-01 1.742978e-01
      outer loop
         vertex 6.847309e+01 1.108432e+02 1.803270e+01
         vertex 6.996432e+01 1.108432e+02 1.089665e+01
         vertex 7.504492e+01 1.192032e+02 1.168793e+01
      endloop
   endfacet
   facet normal 8.340769e-01 -5.233889e-01 1.742981e-01
      outer loop
         vertex 6.847309e+01 1.108432e+02 1.803270e+01
         vertex 7.504492e+01 1.192032e+02 1.168793e+01
         vertex 7.344540e+01 1.192032e+02 1.934218e+01
      endloop
   endfacet
   facet normal 8.475778e-01 -5.233888e-01 8.761351e-02
      outer loop
         vertex 6.996432e+01 1.108432e+02 1.089665e+01
         vertex 7.071391e+01 1.108432e+02 3.645097e+00
         vertex 7.584894e+01 1.192032e+02 3.909793e+00
      endloop
   endfacet
   facet normal 8.475776e-01 -5.233891e-01 8.761297e-02
      outer loop
         vertex 6.996432e+01 1.108432e+02 1.089665e+01
         vertex 7.584894e+01 1.192032e+02 3.909793e+00
         vertex 7.504492e+01 1.192032e+02 1.168793e+01
      endloop
   endfacet
   facet normal 8.520940e-01 -5.233888e-01 0.000000e+00
      outer loop
         vertex 7.071391e+01 1.108432e+02 3.645097e+00
         vertex 7.071391e+01 1.108432e+02 -3.645097e+00
         vertex 7.584894e+01 1.192032e+02 -3.909793e+00
      endloop
   endfacet
   facet normal 8.520940e-01 -5.233888e-01 0.000000e+00
      outer loop
         vertex 7.071391e+01 1.108432e+02 3.645097e+00
         vertex 7.584894e+01 1.192032e+02 -3.909793e+00
         vertex 7.584894e+01 1.192032e+02 3.909793e+00
      endloop
   endfacet
   facet normal 8.475775e-01 -5.233891e-01 -8.761349e-02
      outer loop
         vertex 7.071391e+01 1.108432e+02 -3.645097e+00
         vertex 6.996432e+01 1.108432e+02 -1.089665e+01
         vertex 7.504492e+01 1.192032e+02 -1.168793e+01
      endloop
   endfacet
   facet normal 8.475778e-01 -5.233888e-01 -8.761299e-02
      outer loop
         vertex 7.071391e+01 1.108432e+02 -3.645097e+00
         vertex 7.504492e+01 1.192032e+02 -1.168793e+01
         vertex 7.584894e+01 1.192032e+02 -3.909793e+00
      endloop
   endfacet
   facet normal 8.340769e-01 -5.233889e-01 -1.742978e-01
      outer loop
         vertex 6.996432e+01 1.108432e+02 -1.089665e+01
         vertex 6.847309e+01 1.108432e+02 -1.803270e+01
         vertex 7.344540e+01 1.192032e+02 -1.934218e+01
      endloop
   endfacet
   facet normal 8.340767e-01 -5.233891e-01 -1.742981e-01
      outer loop
         vertex 6.996432e+01 1.108432e+02 -1.089665e+01
         vertex 7.344540e+01 1.192032e+02 -1.934218e+01
         vertex 7.504492e+01 1.192032e+02 -1.168793e+01
      endloop
   endfacet
   facet normal 8.117348e-01 -5.233889e-01 -2.591344e-01
      outer loop
         vertex 6.847309e+01 1.108432e+02 -1.803270e+01
         vertex 6.625603e+01 1.108432e+02 -2.497759e+01
         vertex 7.106735e+01 1.192032e+02 -2.679139e+01
      endloop
   endfacet
   facet normal 8.117348e-01 -5.233889e-01 -2.591344e-01
      outer loop
         vertex 6.847309e+01 1.108432e+02 -1.803270e+01
         vertex 7.106735e+01 1.192032e+02 -2.679139e+01
         vertex 7.344540e+01 1.192032e+02 -1.934218e+01
      endloop
   endfacet
   facet normal 7.807881e-01 -5.233891e-01 -3.412240e-01
      outer loop
         vertex 6.625603e+01 1.108432e+02 -2.497759e+01
         vertex 6.333665e+01 1.108432e+02 -3.165772e+01
         vertex 6.793597e+01 1.192032e+02 -3.395661e+01
      endloop
   endfacet
   facet normal 7.807883e-01 -5.233889e-01 -3.412238e-01
      outer loop
         vertex 6.625603e+01 1.108432e+02 -2.497759e+01
         vertex 6.793597e+01 1.192032e+02 -3.395661e+01
         vertex 7.106735e+01 1.192032e+02 -2.679139e+01
      endloop
   endfacet
   facet normal 7.415647e-01 -5.233890e-01 -4.196972e-01
      outer loop
         vertex 6.333665e+01 1.108432e+02 -3.165772e+01
         vertex 5.974588e+01 1.108432e+02 -3.800227e+01
         vertex 6.408445e+01 1.192032e+02 -4.076188e+01
      endloop
   endfacet
   facet normal 7.415646e-01 -5.233891e-01 -4.196973e-01
      outer loop
         vertex 6.333665e+01 1.108432e+02 -3.165772e+01
         vertex 6.408445e+01 1.192032e+02 -4.076188e+01
         vertex 6.793597e+01 1.192032e+02 -3.395661e+01
      endloop
   endfacet
   facet normal 6.944809e-01 -5.233888e-01 -4.937211e-01
      outer loop
         vertex 5.974588e+01 1.108432e+02 -3.800227e+01
         vertex 5.552179e+01 1.108432e+02 -4.394398e+01
         vertex 5.955362e+01 1.192032e+02 -4.713507e+01
      endloop
   endfacet
   facet normal 6.944806e-01 -5.233890e-01 -4.937213e-01
      outer loop
         vertex 5.974588e+01 1.108432e+02 -3.800227e+01
         vertex 5.955362e+01 1.192032e+02 -4.713507e+01
         vertex 6.408445e+01 1.192032e+02 -4.076188e+01
      endloop
   endfacet
   facet normal 6.400348e-01 -5.233890e-01 -5.625117e-01
      outer loop
         vertex 5.552179e+01 1.108432e+02 -4.394398e+01
         vertex 5.070915e+01 1.108432e+02 -4.941988e+01
         vertex 5.439150e+01 1.192032e+02 -5.300861e+01
      endloop
   endfacet
   facet normal 6.400351e-01 -5.233888e-01 -5.625116e-01
      outer loop
         vertex 5.552179e+01 1.108432e+02 -4.394398e+01
         vertex 5.439150e+01 1.192032e+02 -5.300861e+01
         vertex 5.955362e+01 1.192032e+02 -4.713507e+01
      endloop
   endfacet
   facet normal 5.788046e-01 -5.233890e-01 -6.253392e-01
      outer loop
         vertex 5.070915e+01 1.108432e+02 -4.941988e+01
         vertex 4.535899e+01 1.108432e+02 -5.437191e+01
         vertex 4.865282e+01 1.192032e+02 -5.832024e+01
      endloop
   endfacet
   facet normal 5.788046e-01 -5.233890e-01 -6.253392e-01
      outer loop
         vertex 5.070915e+01 1.108432e+02 -4.941988e+01
         vertex 4.865282e+01 1.192032e+02 -5.832024e+01
         vertex 5.439150e+01 1.192032e+02 -5.300861e+01
      endloop
   endfacet
   facet normal 5.114390e-01 -5.233891e-01 -6.815380e-01
      outer loop
         vertex 4.535899e+01 1.108432e+02 -5.437191e+01
         vertex 3.952800e+01 1.108432e+02 -5.874759e+01
         vertex 4.239841e+01 1.192032e+02 -6.301367e+01
      endloop
   endfacet
   facet normal 5.114391e-01 -5.233890e-01 -6.815380e-01
      outer loop
         vertex 4.535899e+01 1.108432e+02 -5.437191e+01
         vertex 4.239841e+01 1.192032e+02 -6.301367e+01
         vertex 4.865282e+01 1.192032e+02 -5.832024e+01
      endloop
   endfacet
   facet normal 4.386518e-01 -5.233891e-01 -7.305125e-01
      outer loop
         vertex 3.952800e+01 1.108432e+02 -5.874759e+01
         vertex 3.327801e+01 1.108432e+02 -6.250053e+01
         vertex 3.569456e+01 1.192032e+02 -6.703914e+01
      endloop
   endfacet
   facet normal 4.386518e-01 -5.233891e-01 -7.305125e-01
      outer loop
         vertex 3.952800e+01 1.108432e+02 -5.874759e+01
         vertex 3.569456e+01 1.192032e+02 -6.703914e+01
         vertex 4.239841e+01 1.192032e+02 -6.301367e+01
      endloop
   endfacet
   facet normal 3.612147e-01 -5.233891e-01 -7.717433e-01
      outer loop
         vertex 3.327801e+01 1.108432e+02 -6.250053e+01
         vertex 2.667527e+01 1.108432e+02 -6.559095e+01
         vertex 2.861235e+01 1.192032e+02 -7.035397e+01
      endloop
   endfacet
   facet normal 3.612148e-01 -5.233891e-01 -7.717433e-01
      outer loop
         vertex 3.327801e+01 1.108432e+02 -6.250053e+01
         vertex 2.861235e+01 1.192032e+02 -7.035397e+01
         vertex 3.569456e+01 1.192032e+02 -6.703914e+01
      endloop
   endfacet
   facet normal 2.799485e-01 -5.233891e-01 -8.047936e-01
      outer loop
         vertex 2.667527e+01 1.108432e+02 -6.559095e+01
         vertex 1.978976e+01 1.108432e+02 -6.798608e+01
         vertex 2.122683e+01 1.192032e+02 -7.292303e+01
      endloop
   endfacet
   facet normal 2.799485e-01 -5.233891e-01 -8.047936e-01
      outer loop
         vertex 2.667527e+01 1.108432e+02 -6.559095e+01
         vertex 2.122683e+01 1.192032e+02 -7.292303e+01
         vertex 2.861235e+01 1.192032e+02 -7.035397e+01
      endloop
   endfacet
   facet normal 1.957156e-01 -5.233892e-01 -8.293124e-01
      outer loop
         vertex 1.978976e+01 1.108432e+02 -6.798608e+01
         vertex 1.269447e+01 1.108432e+02 -6.966055e+01
         vertex 1.361631e+01 1.192032e+02 -7.471910e+01
      endloop
   endfacet
   facet normal 1.957158e-01 -5.233891e-01 -8.293125e-01
      outer loop
         vertex 1.978976e+01 1.108432e+02 -6.798608e+01
         vertex 1.361631e+01 1.192032e+02 -7.471910e+01
         vertex 2.122683e+01 1.192032e+02 -7.292303e+01
      endloop
   endfacet
   facet normal 1.094076e-01 -5.233890e-01 -8.450408e-01
      outer loop
         vertex 1.269447e+01 1.108432e+02 -6.966055e+01
         vertex 5.464623e+00 1.108432e+02 -7.059660e+01
         vertex 5.861449e+00 1.192032e+02 -7.572312e+01
      endloop
   endfacet
   facet normal 1.094073e-01 -5.233892e-01 -8.450407e-01
      outer loop
         vertex 1.269447e+01 1.108432e+02 -6.966055e+01
         vertex 5.861449e+00 1.192032e+02 -7.572312e+01
         vertex 1.361631e+01 1.192032e+02 -7.471910e+01
      endloop
   endfacet
   facet normal 2.193949e-02 -5.233893e-01 -8.518112e-01
      outer loop
         vertex 5.464623e+00 1.108432e+02 -7.059660e+01
         vertex -1.823153e+00 1.108432e+02 -7.078431e+01
         vertex -1.955545e+00 1.192032e+02 -7.592446e+01
      endloop
   endfacet
   facet normal 2.193982e-02 -5.233890e-01 -8.518113e-01
      outer loop
         vertex 5.464623e+00 1.108432e+02 -7.059660e+01
         vertex -1.955545e+00 1.192032e+02 -7.592446e+01
         vertex 5.861449e+00 1.192032e+02 -7.572312e+01
      endloop
   endfacet
   facet normal -6.576050e-02 -5.233893e-01 -8.495524e-01
      outer loop
         vertex -1.823153e+00 1.108432e+02 -7.078431e+01
         vertex -9.091603e+00 1.108432e+02 -7.022169e+01
         vertex -9.751809e+00 1.192032e+02 -7.532098e+01
      endloop
   endfacet
   facet normal -6.576043e-02 -5.233893e-01 -8.495524e-01
      outer loop
         vertex -1.823153e+00 1.108432e+02 -7.078431e+01
         vertex -9.751809e+00 1.192032e+02 -7.532098e+01
         vertex -1.955545e+00 1.192032e+02 -7.592446e+01
      endloop
   endfacet
   facet normal -1.527640e-01 -5.233893e-01 -8.382880e-01
      outer loop
         vertex -9.091603e+00 1.108432e+02 -7.022169e+01
         vertex -1.626368e+01 1.108432e+02 -6.891470e+01
         vertex -1.744470e+01 1.192032e+02 -7.391908e+01
      endloop
   endfacet
   facet normal -1.527640e-01 -5.233893e-01 -8.382880e-01
      outer loop
         vertex -9.091603e+00 1.108432e+02 -7.022169e+01
         vertex -1.744470e+01 1.192032e+02 -7.391908e+01
         vertex -9.751809e+00 1.192032e+02 -7.532098e+01
      endloop
   endfacet
   facet normal -2.381481e-01 -5.233893e-01 -8.181376e-01
      outer loop
         vertex -1.626368e+01 1.108432e+02 -6.891470e+01
         vertex -2.326336e+01 1.108432e+02 -6.687719e+01
         vertex -2.495267e+01 1.192032e+02 -7.173362e+01
      endloop
   endfacet
   facet normal -2.381481e-01 -5.233893e-01 -8.181376e-01
      outer loop
         vertex -1.626368e+01 1.108432e+02 -6.891470e+01
         vertex -2.495267e+01 1.192032e+02 -7.173362e+01
         vertex -1.744470e+01 1.192032e+02 -7.391908e+01
      endloop
   endfacet
   facet normal -3.210071e-01 -5.233886e-01 -7.893154e-01
      outer loop
         vertex -2.326336e+01 1.108432e+02 -6.687719e+01
         vertex -3.001644e+01 1.108432e+02 -6.413078e+01
         vertex -3.219614e+01 1.192032e+02 -6.878776e+01
      endloop
   endfacet
   facet normal -3.210080e-01 -5.233893e-01 -7.893146e-01
      outer loop
         vertex -2.326336e+01 1.108432e+02 -6.687719e+01
         vertex -3.219614e+01 1.192032e+02 -6.878776e+01
         vertex -2.495267e+01 1.192032e+02 -7.173362e+01
      endloop
   endfacet
   facet normal -4.004644e-01 -5.233891e-01 -7.521251e-01
      outer loop
         vertex -3.001644e+01 1.108432e+02 -6.413078e+01
         vertex -3.645134e+01 1.108432e+02 -6.070455e+01
         vertex -3.909833e+01 1.192032e+02 -6.511274e+01
      endloop
   endfacet
   facet normal -4.004639e-01 -5.233886e-01 -7.521257e-01
      outer loop
         vertex -3.001644e+01 1.108432e+02 -6.413078e+01
         vertex -3.909833e+01 1.192032e+02 -6.511274e+01
         vertex -3.219614e+01 1.192032e+02 -6.878776e+01
      endloop
   endfacet
   facet normal -4.756762e-01 -5.233891e-01 -7.069625e-01
      outer loop
         vertex -3.645134e+01 1.108432e+02 -6.070455e+01
         vertex -4.249984e+01 1.108432e+02 -5.663485e+01
         vertex -4.558606e+01 1.192032e+02 -6.074750e+01
      endloop
   endfacet
   facet normal -4.756762e-01 -5.233891e-01 -7.069625e-01
      outer loop
         vertex -3.645134e+01 1.108432e+02 -6.070455e+01
         vertex -4.558606e+01 1.192032e+02 -6.074750e+01
         vertex -3.909833e+01 1.192032e+02 -6.511274e+01
      endloop
   endfacet
   facet normal -5.458453e-01 -5.233890e-01 -6.543064e-01
      outer loop
         vertex -4.249984e+01 1.108432e+02 -5.663485e+01
         vertex -4.809784e+01 1.108432e+02 -5.196480e+01
         vertex -5.159056e+01 1.192032e+02 -5.573833e+01
      endloop
   endfacet
   facet normal -5.458454e-01 -5.233891e-01 -6.543062e-01
      outer loop
         vertex -4.249984e+01 1.108432e+02 -5.663485e+01
         vertex -5.159056e+01 1.192032e+02 -5.573833e+01
         vertex -4.558606e+01 1.192032e+02 -6.074750e+01
      endloop
   endfacet
   facet normal -6.102289e-01 -5.233890e-01 -5.947140e-01
      outer loop
         vertex -4.809784e+01 1.108432e+02 -5.196480e+01
         vertex -5.318599e+01 1.108432e+02 -4.674391e+01
         vertex -5.704820e+01 1.192032e+02 -5.013832e+01
      endloop
   endfacet
   facet normal -6.102289e-01 -5.233890e-01 -5.947139e-01
      outer loop
         vertex -4.809784e+01 1.108432e+02 -5.196480e+01
         vertex -5.704820e+01 1.192032e+02 -5.013832e+01
         vertex -5.159056e+01 1.192032e+02 -5.573833e+01
      endloop
   endfacet
   facet normal -6.681437e-01 -5.233888e-01 -5.288177e-01
      outer loop
         vertex -5.318599e+01 1.108432e+02 -4.674391e+01
         vertex -5.771035e+01 1.108432e+02 -4.102753e+01
         vertex -6.190111e+01 1.192032e+02 -4.400682e+01
      endloop
   endfacet
   facet normal -6.681437e-01 -5.233890e-01 -5.288175e-01
      outer loop
         vertex -5.318599e+01 1.108432e+02 -4.674391e+01
         vertex -6.190111e+01 1.192032e+02 -4.400682e+01
         vertex -5.704820e+01 1.192032e+02 -5.013832e+01
      endloop
   endfacet
   facet normal -7.189760e-01 -5.233892e-01 -4.573153e-01
      outer loop
         vertex -5.771035e+01 1.108432e+02 -4.102753e+01
         vertex -6.162297e+01 1.108432e+02 -3.487624e+01
         vertex -6.609785e+01 1.192032e+02 -3.740885e+01
      endloop
   endfacet
   facet normal -7.189759e-01 -5.233888e-01 -4.573159e-01
      outer loop
         vertex -5.771035e+01 1.108432e+02 -4.102753e+01
         vertex -6.609785e+01 1.192032e+02 -3.740885e+01
         vertex -6.190111e+01 1.192032e+02 -4.400682e+01
      endloop
   endfacet
   facet normal -7.621869e-01 -5.233892e-01 -3.809657e-01
      outer loop
         vertex -6.162297e+01 1.108432e+02 -3.487624e+01
         vertex -6.488237e+01 1.108432e+02 -2.835526e+01
         vertex -6.959394e+01 1.192032e+02 -3.041433e+01
      endloop
   endfacet
   facet normal -7.621869e-01 -5.233893e-01 -3.809656e-01
      outer loop
         vertex -6.162297e+01 1.108432e+02 -3.487624e+01
         vertex -6.959394e+01 1.192032e+02 -3.041433e+01
         vertex -6.609785e+01 1.192032e+02 -3.740885e+01
      endloop
   endfacet
   facet normal -7.973183e-01 -5.233893e-01 -3.005780e-01
      outer loop
         vertex -6.488237e+01 1.108432e+02 -2.835526e+01
         vertex -6.745400e+01 1.108432e+02 -2.153370e+01
         vertex -7.235232e+01 1.192032e+02 -2.309741e+01
      endloop
   endfacet
   facet normal -7.973183e-01 -5.233892e-01 -3.005780e-01
      outer loop
         vertex -6.488237e+01 1.108432e+02 -2.835526e+01
         vertex -7.235232e+01 1.192032e+02 -2.309741e+01
         vertex -6.959394e+01 1.192032e+02 -3.041433e+01
      endloop
   endfacet
   facet normal -8.239985e-01 -5.233886e-01 -2.170042e-01
      outer loop
         vertex -6.745400e+01 1.108432e+02 -2.153370e+01
         vertex -6.931061e+01 1.108432e+02 -1.448388e+01
         vertex -7.434373e+01 1.192032e+02 -1.553566e+01
      endloop
   endfacet
   facet normal -8.239984e-01 -5.233893e-01 -2.170031e-01
      outer loop
         vertex -6.745400e+01 1.108432e+02 -2.153370e+01
         vertex -7.434373e+01 1.192032e+02 -1.553566e+01
         vertex -7.235232e+01 1.192032e+02 -2.309741e+01
      endloop
   endfacet
   facet normal -8.419437e-01 -5.233890e-01 -1.311287e-01
      outer loop
         vertex -6.931061e+01 1.108432e+02 -1.448388e+01
         vertex -7.043250e+01 1.108432e+02 -7.280527e+00
         vertex -7.554710e+01 1.192032e+02 -7.809218e+00
      endloop
   endfacet
   facet normal -8.419439e-01 -5.233886e-01 -1.311294e-01
      outer loop
         vertex -6.931061e+01 1.108432e+02 -1.448388e+01
         vertex -7.554710e+01 1.192032e+02 -7.809218e+00
         vertex -7.434373e+01 1.192032e+02 -1.553566e+01
      endloop
   endfacet
   facet normal -8.509641e-01 -5.233890e-01 -4.386471e-02
      outer loop
         vertex -7.043250e+01 1.108432e+02 -7.280527e+00
         vertex -7.080779e+01 1.108432e+02 -1.734291e-14
         vertex -7.594964e+01 1.192032e+02 -1.860230e-14
      endloop
   endfacet
   facet normal -8.509641e-01 -5.233890e-01 -4.386468e-02
      outer loop
         vertex -7.043250e+01 1.108432e+02 -7.280527e+00
         vertex -7.594964e+01 1.192032e+02 -1.860230e-14
         vertex -7.554710e+01 1.192032e+02 -7.809218e+00
      endloop
   endfacet
   facet normal 0.000000e+00 1.000000e+00 0.000000e+00
      outer loop
         vertex -1.917908e+01 4.464691e+02 -3.941401e+00
         vertex -1.957988e+01 4.464691e+02 0.000000e+00
         vertex -1.799308e+01 4.464691e+02 -7.721440e+00
      endloop
   endfacet
   facet normal 0.000000e+00 1.000000e+00 0.000000e+00
      outer loop
         vertex -1.957988e+01 4.464691e+02 0.000000e+00
         vertex -1.917908e+01 4.464691e+02 3.941401e+00
         vertex -1.799308e+01 4.464691e+02 -7.721440e+00
      endloop
   endfacet
   facet normal 0.000000e+00 1.000000e+00 0.000000e+00
      outer loop
         vertex -1.799308e+01 4.464691e+02 -7.721440e+00
         vertex -1.917908e+01 4.464691e+02 3.941401e+00
         vertex -1.607045e+01 4.464691e+02 -1.118536e+01
      endloop
   endfacet
   facet normal 0.000000e+00 1.000000e+00 0.000000e+00
      outer loop
         vertex -1.917908e+01 4.464691e+02 3.941401e+00
         vertex -1.799308e+01 4.464691e+02 7.721440e+00
         vertex -1.607045e+01 4.464691e+02 -1.118536e+01
      endloop
   endfacet
   facet normal 0.000000e+00 1.000000e+00 0.000000e+00
      outer loop
         vertex -1.607045e+01 4.464691e+02 -1.118536e+01
         vertex -1.799308e+01 4.464691e+02 7.721440e+00
         vertex -1.348989e+01 4.464691e+02 -1.419136e+01
      endloop
   endfacet
   facet normal 0.000000e+00 1.000000e+00 0.000000e+00
      outer loop
         vertex -1.799308e+01 4.464691e+02 7.721440e+00
         vertex -1.607045e+01 4.464691e+02 1.118536e+01
         vertex -1.348989e+01 4.464691e+02 -1.419136e+01
      endloop
   endfacet
   facet normal 0.000000e+00 1.000000e+00 0.000000e+00
      outer loop
         vertex -1.348989e+01 4.464691e+02 -1.419136e+01
         vertex -1.607045e+01 4.464691e+02 1.118536e+01
         vertex -1.035705e+01 4.464691e+02 -1.661635e+01
      endloop
   endfacet
   facet normal 0.000000e+00 1.000000e+00 0.000000e+00
      outer loop
         vertex -1.607045e+01 4.464691e+02 1.118536e+01
         vertex -1.348989e+01 4.464691e+02 1.419136e+01
         vertex -1.035705e+01 4.464691e+02 -1.661635e+01
      endloop
   endfacet
   facet normal 0.000000e+00 1.000000e+00 0.000000e+00
      outer loop
         vertex -1.035705e+01 4.464691e+02 -1.661635e+01
         vertex -1.348989e+01 4.464691e+02 1.419136e+01
         vertex -6.800195e+00 4.464691e+02 -1.836107e+01
      endloop
   endfacet
   facet normal 0.000000e+00 1.000000e+00 0.000000e+00
      outer loop
         vertex -1.348989e+01 4.464691e+02 1.419136e+01
         vertex -1.035705e+01 4.464691e+02 1.661635e+01
         vertex -6.800195e+00 4.464691e+02 -1.836107e+01
      endloop
   endfacet
   facet normal 0.000000e+00 1.000000e+00 0.000000e+00
      outer loop
         vertex -6.800195e+00 4.464691e+02 -1.836107e+01
         vertex -1.035705e+01 4.464691e+02 1.661635e+01
         vertex -2.964938e+00 4.464691e+02 -1.935409e+01
      endloop
   endfacet
   facet normal 0.000000e+00 1.000000e+00 0.000000e+00
      outer loop
         vertex -1.035705e+01 4.464691e+02 1.661635e+01
         vertex -6.800195e+00 4.464691e+02 1.836107e+01
         vertex -2.964938e+00 4.464691e+02 -1.935409e+01
      endloop
   endfacet
   facet normal 0.000000e+00 1.000000e+00 0.000000e+00
      outer loop
         vertex -2.964938e+00 4.464691e+02 -1.935409e+01
         vertex -6.800195e+00 4.464691e+02 1.836107e+01
         vertex 9.917046e-01 4.464691e+02 -1.955475e+01
      endloop
   endfacet
   facet normal 0.000000e+00 1.000000e+00 0.000000e+00
      outer loop
         vertex -6.800195e+00 4.464691e+02 1.836107e+01
         vertex -2.964938e+00 4.464691e+02 1.935409e+01
         vertex 9.917046e-01 4.464691e+02 -1.955475e+01
      endloop
   endfacet
   facet normal 0.000000e+00 1.000000e+00 0.000000e+00
      outer loop
         vertex 9.917046e-01 4.464691e+02 -1.955475e+01
         vertex -2.964938e+00 4.464691e+02 1.935409e+01
         vertex 4.907746e+00 4.464691e+02 -1.895483e+01
      endloop
   endfacet
   facet normal 0.000000e+00 1.000000e+00 0.000000e+00
      outer loop
         vertex -2.964938e+00 4.464691e+02 1.935409e+01
         vertex 9.917046e-01 4.464691e+02 1.955475e+01
         vertex 4.907746e+00 4.464691e+02 -1.895483e+01
      endloop
   endfacet
   facet normal 0.000000e+00 1.000000e+00 0.000000e+00
      outer loop
         vertex 4.907746e+00 4.464691e+02 -1.895483e+01
         vertex 9.917046e-01 4.464691e+02 1.955475e+01
         vertex 8.622865e+00 4.464691e+02 -1.757891e+01
      endloop
   endfacet
   facet normal 0.000000e+00 1.000000e+00 0.000000e+00
      outer loop
         vertex 9.917046e-01 4.464691e+02 1.955475e+01
         vertex 4.907746e+00 4.464691e+02 1.895483e+01
         vertex 8.622865e+00 4.464691e+02 -1.757891e+01
      endloop
   endfacet
   facet normal 0.000000e+00 1.000000e+00 0.000000e+00
      outer loop
         vertex 8.622865e+00 4.464691e+02 -1.757891e+01
         vertex 4.907746e+00 4.464691e+02 1.895483e+01
         vertex 1.198496e+01 4.464691e+02 -1.548329e+01
      endloop
   endfacet
   facet normal 0.000000e+00 1.000000e+00 0.000000e+00
      outer loop
         vertex 4.907746e+00 4.464691e+02 1.895483e+01
         vertex 8.622865e+00 4.464691e+02 1.757891e+01
         vertex 1.198496e+01 4.464691e+02 -1.548329e+01
      endloop
   endfacet
   facet normal 0.000000e+00 1.000000e+00 0.000000e+00
      outer loop
         vertex 1.198496e+01 4.464691e+02 -1.548329e+01
         vertex 8.622865e+00 4.464691e+02 1.757891e+01
         vertex 1.485639e+01 4.464691e+02 -1.275379e+01
      endloop
   endfacet
   facet normal 0.000000e+00 1.000000e+00 0.000000e+00
      outer loop
         vertex 8.622865e+00 4.464691e+02 1.757891e+01
         vertex 1.198496e+01 4.464691e+02 1.548329e+01
         vertex 1.485639e+01 4.464691e+02 -1.275379e+01
      endloop
   endfacet
   facet normal 0.000000e+00 1.000000e+00 0.000000e+00
      outer loop
         vertex 1.485639e+01 4.464691e+02 -1.275379e+01
         vertex 1.198496e+01 4.464691e+02 1.548329e+01
         vertex 1.711960e+01 4.464691e+02 -9.502154e+00
      endloop
   endfacet
   facet normal 0.000000e+00 1.000000e+00 0.000000e+00
      outer loop
         vertex 1.198496e+01 4.464691e+02 1.548329e+01
         vertex 1.485639e+01 4.464691e+02 1.275379e+01
         vertex 1.711960e+01 4.464691e+02 -9.502154e+00
      endloop
   endfacet
   facet normal 0.000000e+00 1.000000e+00 0.000000e+00
      outer loop
         vertex 1.711960e+01 4.464691e+02 -9.502154e+00
         vertex 1.485639e+01 4.464691e+02 1.275379e+01
         vertex 1.868193e+01 4.464691e+02 -5.861494e+00
      endloop
   endfacet
   facet normal 0.000000e+00 1.000000e+00 0.000000e+00
      outer loop
         vertex 1.485639e+01 4.464691e+02 1.275379e+01
         vertex 1.711960e+01 4.464691e+02 9.502154e+00
         vertex 1.868193e+01 4.464691e+02 -5.861494e+00
      endloop
   endfacet
   facet normal 0.000000e+00 1.000000e+00 0.000000e+00
      outer loop
         vertex 1.868193e+01 4.464691e+02 -5.861494e+00
         vertex 1.711960e+01 4.464691e+02 9.502154e+00
         vertex 1.947942e+01 4.464691e+02 -1.980864e+00
      endloop
   endfacet
   facet normal 0.000000e+00 1.000000e+00 0.000000e+00
      outer loop
         vertex 1.711960e+01 4.464691e+02 9.502154e+00
         vertex 1.868193e+01 4.464691e+02 5.861494e+00
         vertex 1.947942e+01 4.464691e+02 -1.980864e+00
      endloop
   endfacet
   facet normal 0.000000e+00 1.000000e+00 0.000000e+00
      outer loop
         vertex 1.947942e+01 4.464691e+02 -1.980864e+00
         vertex 1.868193e+01 4.464691e+02 5.861494e+00
         vertex 1.947942e+01 4.464691e+02 1.980864e+00
      endloop
   endfacet
   facet normal -9.986741e-01 0.000000e+00 5.147873e-02
      outer loop
         vertex -7.080779e+01 -4.530998e+01 0.000000e+00
         vertex -7.043250e+01 -4.530998e+01 7.280527e+00
         vertex -7.043250e+01 1.108432e+02 7.280527e+00
      endloop
   endfacet
   facet normal -9.986741e-01 0.000000e+00 5.147873e-02
      outer loop
         vertex -7.080779e+01 -4.530998e+01 0.000000e+00
         vertex -7.043250e+01 1.108432e+02 7.280527e+00
         vertex -7.080779e+01 1.108432e+02 0.000000e+00
      endloop
   endfacet
   facet normal -9.880880e-01 0.000000e+00 1.538899e-01
      outer loop
         vertex -7.043250e+01 -4.530998e+01 7.280527e+00
         vertex -6.931061e+01 -4.530998e+01 1.448388e+01
         vertex -6.931061e+01 1.108432e+02 1.448388e+01
      endloop
   endfacet
   facet normal -9.880880e-01 0.000000e+00 1.538899e-01
      outer loop
         vertex -7.043250e+01 -4.530998e+01 7.280527e+00
         vertex -6.931061e+01 1.108432e+02 1.448388e+01
         vertex -7.043250e+01 1.108432e+02 7.280527e+00
      endloop
   endfacet
   facet normal -9.670276e-01 0.000000e+00 2.546716e-01
      outer loop
         vertex -6.931061e+01 -4.530998e+01 1.448388e+01
         vertex -6.745400e+01 -4.530998e+01 2.153370e+01
         vertex -6.745400e+01 1.108432e+02 2.153370e+01
      endloop
   endfacet
   facet normal -9.670276e-01 0.000000e+00 2.546716e-01
      outer loop
         vertex -6.931061e+01 -4.530998e+01 1.448388e+01
         vertex -6.745400e+01 1.108432e+02 2.153370e+01
         vertex -6.931061e+01 1.108432e+02 1.448388e+01
      endloop
   endfacet
   facet normal -9.357167e-01 0.000000e+00 3.527523e-01
      outer loop
         vertex -6.745400e+01 -4.530998e+01 2.153370e+01
         vertex -6.488237e+01 -4.530998e+01 2.835526e+01
         vertex -6.488237e+01 1.108432e+02 2.835526e+01
      endloop
   endfacet
   facet normal -9.357167e-01 0.000000e+00 3.527523e-01
      outer loop
         vertex -6.745400e+01 -4.530998e+01 2.153370e+01
         vertex -6.488237e+01 1.108432e+02 2.835526e+01
         vertex -6.745400e+01 1.108432e+02 2.153370e+01
      endloop
   endfacet
   facet normal -8.944871e-01 0.000000e+00 4.470937e-01
      outer loop
         vertex -6.488237e+01 -4.530998e+01 2.835526e+01
         vertex -6.162297e+01 -4.530998e+01 3.487624e+01
         vertex -6.162297e+01 1.108432e+02 3.487624e+01
      endloop
   endfacet
   facet normal -8.944871e-01 0.000000e+00 4.470937e-01
      outer loop
         vertex -6.488237e+01 -4.530998e+01 2.835526e+01
         vertex -6.162297e+01 1.108432e+02 3.487624e+01
         vertex -6.488237e+01 1.108432e+02 2.835526e+01
      endloop
   endfacet
   facet normal -8.437757e-01 0.000000e+00 5.366960e-01
      outer loop
         vertex -6.162297e+01 -4.530998e+01 3.487624e+01
         vertex -5.771035e+01 -4.530998e+01 4.102753e+01
         vertex -5.771035e+01 1.108432e+02 4.102753e+01
      endloop
   endfacet
   facet normal -8.437757e-01 0.000000e+00 5.366960e-01
      outer loop
         vertex -6.162297e+01 -4.530998e+01 3.487624e+01
         vertex -5.771035e+01 1.108432e+02 4.102753e+01
         vertex -6.162297e+01 1.108432e+02 3.487624e+01
      endloop
   endfacet
   facet normal -7.841197e-01 0.000000e+00 6.206096e-01
      outer loop
         vertex -5.771035e+01 -4.530998e+01 4.102753e+01
         vertex -5.318599e+01 -4.530998e+01 4.674391e+01
         vertex -5.318599e+01 1.108432e+02 4.674391e+01
      endloop
   endfacet
   facet normal -7.841197e-01 0.000000e+00 6.206096e-01
      outer loop
         vertex -5.771035e+01 -4.530998e+01 4.102753e+01
         vertex -5.318599e+01 1.108432e+02 4.674391e+01
         vertex -5.771035e+01 1.108432e+02 4.102753e+01
      endloop
   endfacet
   facet normal -7.161522e-01 0.000000e+00 6.979442e-01
      outer loop
         vertex -5.318599e+01 -4.530998e+01 4.674391e+01
         vertex -4.809784e+01 -4.530998e+01 5.196480e+01
         vertex -4.809784e+01 1.108432e+02 5.196480e+01
      endloop
   endfacet
   facet normal -7.161522e-01 0.000000e+00 6.979442e-01
      outer loop
         vertex -5.318599e+01 -4.530998e+01 4.674391e+01
         vertex -4.809784e+01 1.108432e+02 5.196480e+01
         vertex -5.318599e+01 1.108432e+02 4.674391e+01
      endloop
   endfacet
   facet normal -6.405930e-01 0.000000e+00 7.678806e-01
      outer loop
         vertex -4.809784e+01 -4.530998e+01 5.196480e+01
         vertex -4.249984e+01 -4.530998e+01 5.663485e+01
         vertex -4.249984e+01 1.108432e+02 5.663485e+01
      endloop
   endfacet
   facet normal -6.405930e-01 0.000000e+00 7.678806e-01
      outer loop
         vertex -4.809784e+01 -4.530998e+01 5.196480e+01
         vertex -4.249984e+01 1.108432e+02 5.663485e+01
         vertex -4.809784e+01 1.108432e+02 5.196480e+01
      endloop
   endfacet
   facet normal -5.582440e-01 0.000000e+00 8.296768e-01
      outer loop
         vertex -4.249984e+01 -4.530998e+01 5.663485e+01
         vertex -3.645134e+01 -4.530998e+01 6.070455e+01
         vertex -3.645134e+01 1.108432e+02 6.070455e+01
      endloop
   endfacet
   facet normal -5.582440e-01 0.000000e+00 8.296768e-01
      outer loop
         vertex -4.249984e+01 -4.530998e+01 5.663485e+01
         vertex -3.645134e+01 1.108432e+02 6.070455e+01
         vertex -4.249984e+01 1.108432e+02 5.663485e+01
      endloop
   endfacet
   facet normal -4.699769e-01 0.000000e+00 8.826787e-01
      outer loop
         vertex -3.645134e+01 -4.530998e+01 6.070455e+01
         vertex -3.001644e+01 -4.530998e+01 6.413078e+01
         vertex -3.001644e+01 1.108432e+02 6.413078e+01
      endloop
   endfacet
   facet normal -4.699769e-01 0.000000e+00 8.826787e-01
      outer loop
         vertex -3.645134e+01 -4.530998e+01 6.070455e+01
         vertex -3.001644e+01 1.108432e+02 6.413078e+01
         vertex -3.645134e+01 1.108432e+02 6.070455e+01
      endloop
   endfacet
   facet normal -3.767273e-01 0.000000e+00 9.263242e-01
      outer loop
         vertex -3.001644e+01 -4.530998e+01 6.413078e+01
         vertex -2.326336e+01 -4.530998e+01 6.687719e+01
         vertex -2.326336e+01 1.108432e+02 6.687719e+01
      endloop
   endfacet
   facet normal -3.767273e-01 0.000000e+00 9.263242e-01
      outer loop
         vertex -3.001644e+01 -4.530998e+01 6.413078e+01
         vertex -2.326336e+01 1.108432e+02 6.687719e+01
         vertex -3.001644e+01 1.108432e+02 6.413078e+01
      endloop
   endfacet
   facet normal -2.794859e-01 0.000000e+00 9.601498e-01
      outer loop
         vertex -2.326336e+01 -4.530998e+01 6.687719e+01
         vertex -1.626368e+01 -4.530998e+01 6.891470e+01
         vertex -1.626368e+01 1.108432e+02 6.891470e+01
      endloop
   endfacet
   facet normal -2.794859e-01 0.000000e+00 9.601498e-01
      outer loop
         vertex -2.326336e+01 -4.530998e+01 6.687719e+01
         vertex -1.626368e+01 1.108432e+02 6.891470e+01
         vertex -2.326336e+01 1.108432e+02 6.687719e+01
      endloop
   endfacet
   facet normal -1.792808e-01 0.000000e+00 9.837980e-01
      outer loop
         vertex -1.626368e+01 -4.530998e+01 6.891470e+01
         vertex -9.091603e+00 -4.530998e+01 7.022169e+01
         vertex -9.091603e+00 1.108432e+02 7.022169e+01
      endloop
   endfacet
   facet normal -1.792808e-01 0.000000e+00 9.837980e-01
      outer loop
         vertex -1.626368e+01 -4.530998e+01 6.891470e+01
         vertex -9.091603e+00 1.108432e+02 7.022169e+01
         vertex -1.626368e+01 1.108432e+02 6.891470e+01
      endloop
   endfacet
   facet normal -7.717519e-02 0.000000e+00 9.970175e-01
      outer loop
         vertex -9.091603e+00 -4.530998e+01 7.022169e+01
         vertex -1.823153e+00 -4.530998e+01 7.078431e+01
         vertex -1.823153e+00 1.108432e+02 7.078431e+01
      endloop
   endfacet
   facet normal -7.717519e-02 0.000000e+00 9.970175e-01
      outer loop
         vertex -9.091603e+00 -4.530998e+01 7.022169e+01
         vertex -1.823153e+00 1.108432e+02 7.078431e+01
         vertex -9.091603e+00 1.108432e+02 7.022169e+01
      endloop
   endfacet
   facet normal 2.574774e-02 -0.000000e+00 9.996685e-01
      outer loop
         vertex -1.823153e+00 -4.530998e+01 7.078431e+01
         vertex 5.464623e+00 -4.530998e+01 7.059660e+01
         vertex 5.464623e+00 1.108432e+02 7.059660e+01
      endloop
   endfacet
   facet normal 2.574774e-02 0.000000e+00 9.996685e-01
      outer loop
         vertex -1.823153e+00 -4.530998e+01 7.078431e+01
         vertex 5.464623e+00 1.108432e+02 7.059660e+01
         vertex -1.823153e+00 1.108432e+02 7.078431e+01
      endloop
   endfacet
   facet normal 1.283986e-01 -0.000000e+00 9.917226e-01
      outer loop
         vertex 5.464623e+00 -4.530998e+01 7.059660e+01
         vertex 1.269447e+01 -4.530998e+01 6.966055e+01
         vertex 1.269447e+01 1.108432e+02 6.966055e+01
      endloop
   endfacet
   facet normal 1.283986e-01 0.000000e+00 9.917226e-01
      outer loop
         vertex 5.464623e+00 -4.530998e+01 7.059660e+01
         vertex 1.269447e+01 1.108432e+02 6.966055e+01
         vertex 5.464623e+00 1.108432e+02 7.059660e+01
      endloop
   endfacet
   facet normal 2.296879e-01 -0.000000e+00 9.732643e-01
      outer loop
         vertex 1.269447e+01 -4.530998e+01 6.966055e+01
         vertex 1.978976e+01 -4.530998e+01 6.798608e+01
         vertex 1.978976e+01 1.108432e+02 6.798608e+01
      endloop
   endfacet
   facet normal 2.296879e-01 0.000000e+00 9.732643e-01
      outer loop
         vertex 1.269447e+01 -4.530998e+01 6.966055e+01
         vertex 1.978976e+01 1.108432e+02 6.798608e+01
         vertex 1.269447e+01 1.108432e+02 6.966055e+01
      endloop
   endfacet
   facet normal 3.285419e-01 -0.000000e+00 9.444894e-01
      outer loop
         vertex 1.978976e+01 -4.530998e+01 6.798608e+01
         vertex 2.667527e+01 -4.530998e+01 6.559095e+01
         vertex 2.667527e+01 1.108432e+02 6.559095e+01
      endloop
   endfacet
   facet normal 3.285419e-01 0.000000e+00 9.444894e-01
      outer loop
         vertex 1.978976e+01 -4.530998e+01 6.798608e+01
         vertex 2.667527e+01 1.108432e+02 6.559095e+01
         vertex 1.978976e+01 1.108432e+02 6.798608e+01
      endloop
   endfacet
   facet normal 4.239143e-01 -0.000000e+00 9.057023e-01
      outer loop
         vertex 2.667527e+01 -4.530998e+01 6.559095e+01
         vertex 3.327801e+01 -4.530998e+01 6.250053e+01
         vertex 3.327801e+01 1.108432e+02 6.250053e+01
      endloop
   endfacet
   facet normal 4.239143e-01 0.000000e+00 9.057023e-01
      outer loop
         vertex 2.667527e+01 -4.530998e+01 6.559095e+01
         vertex 3.327801e+01 1.108432e+02 6.250053e+01
         vertex 2.667527e+01 1.108432e+02 6.559095e+01
      endloop
   endfacet
   facet normal 5.147928e-01 -0.000000e+00 8.573146e-01
      outer loop
         vertex 3.327801e+01 -4.530998e+01 6.250053e+01
         vertex 3.952800e+01 -4.530998e+01 5.874759e+01
         vertex 3.952800e+01 1.108432e+02 5.874759e+01
      endloop
   endfacet
   facet normal 5.147928e-01 0.000000e+00 8.573146e-01
      outer loop
         vertex 3.327801e+01 -4.530998e+01 6.250053e+01
         vertex 3.952800e+01 1.108432e+02 5.874759e+01
         vertex 3.327801e+01 1.108432e+02 6.250053e+01
      endloop
   endfacet
   facet normal 6.002144e-01 -0.000000e+00 7.998392e-01
      outer loop
         vertex 3.952800e+01 -4.530998e+01 5.874759e+01
         vertex 4.535899e+01 -4.530998e+01 5.437191e+01
         vertex 4.535899e+01 1.108432e+02 5.437191e+01
      endloop
   endfacet
   facet normal 6.002144e-01 0.000000e+00 7.998392e-01
      outer loop
         vertex 3.952800e+01 -4.530998e+01 5.874759e+01
         vertex 4.535899e+01 1.108432e+02 5.437191e+01
         vertex 3.952800e+01 1.108432e+02 5.874759e+01
      endloop
   endfacet
   facet normal 6.792733e-01 -0.000000e+00 7.338854e-01
      outer loop
         vertex 4.535899e+01 -4.530998e+01 5.437191e+01
         vertex 5.070915e+01 -4.530998e+01 4.941988e+01
         vertex 5.070915e+01 1.108432e+02 4.941988e+01
      endloop
   endfacet
   facet normal 6.792733e-01 0.000000e+00 7.338854e-01
      outer loop
         vertex 4.535899e+01 -4.530998e+01 5.437191e+01
         vertex 5.070915e+01 1.108432e+02 4.941988e+01
         vertex 4.535899e+01 1.108432e+02 5.437191e+01
      endloop
   endfacet
   facet normal 7.511318e-01 -0.000000e+00 6.601523e-01
      outer loop
         vertex 5.070915e+01 -4.530998e+01 4.941988e+01
         vertex 5.552179e+01 -4.530998e+01 4.394398e+01
         vertex 5.552179e+01 1.108432e+02 4.394398e+01
      endloop
   endfacet
   facet normal 7.511318e-01 0.000000e+00 6.601523e-01
      outer loop
         vertex 5.070915e+01 -4.530998e+01 4.941988e+01
         vertex 5.552179e+01 1.108432e+02 4.394398e+01
         vertex 5.070915e+01 1.108432e+02 4.941988e+01
      endloop
   endfacet
   facet normal 8.150285e-01 -0.000000e+00 5.794209e-01
      outer loop
         vertex 5.552179e+01 -4.530998e+01 4.394398e+01
         vertex 5.974588e+01 -4.530998e+01 3.800227e+01
         vertex 5.974588e+01 1.108432e+02 3.800227e+01
      endloop
   endfacet
   facet normal 8.150285e-01 0.000000e+00 5.794209e-01
      outer loop
         vertex 5.552179e+01 -4.530998e+01 4.394398e+01
         vertex 5.974588e+01 1.108432e+02 3.800227e+01
         vertex 5.552179e+01 1.108432e+02 4.394398e+01
      endloop
   endfacet
   facet normal 8.702852e-01 -0.000000e+00 4.925481e-01
      outer loop
         vertex 5.974588e+01 -4.530998e+01 3.800227e+01
         vertex 6.333665e+01 -4.530998e+01 3.165772e+01
         vertex 6.333665e+01 1.108432e+02 3.165772e+01
      endloop
   endfacet
   facet normal 8.702852e-01 0.000000e+00 4.925481e-01
      outer loop
         vertex 5.974588e+01 -4.530998e+01 3.800227e+01
         vertex 6.333665e+01 1.108432e+02 3.165772e+01
         vertex 5.974588e+01 1.108432e+02 3.800227e+01
      endloop
   endfacet
   facet normal 9.163170e-01 -0.000000e+00 4.004536e-01
      outer loop
         vertex 6.333665e+01 -4.530998e+01 3.165772e+01
         vertex 6.625603e+01 -4.530998e+01 2.497759e+01
         vertex 6.625603e+01 1.108432e+02 2.497759e+01
      endloop
   endfacet
   facet normal 9.163170e-01 0.000000e+00 4.004536e-01
      outer loop
         vertex 6.333665e+01 -4.530998e+01 3.165772e+01
         vertex 6.625603e+01 1.108432e+02 2.497759e+01
         vertex 6.333665e+01 1.108432e+02 3.165772e+01
      endloop
   endfacet
   facet normal 9.526354e-01 -0.000000e+00 3.041149e-01
      outer loop
         vertex 6.625603e+01 -4.530998e+01 2.497759e+01
         vertex 6.847309e+01 -4.530998e+01 1.803270e+01
         vertex 6.847309e+01 1.108432e+02 1.803270e+01
      endloop
   endfacet
   facet normal 9.526354e-01 0.000000e+00 3.041149e-01
      outer loop
         vertex 6.625603e+01 -4.530998e+01 2.497759e+01
         vertex 6.847309e+01 1.108432e+02 1.803270e+01
         vertex 6.625603e+01 1.108432e+02 2.497759e+01
      endloop
   endfacet
   facet normal 9.788556e-01 -0.000000e+00 2.045524e-01
      outer loop
         vertex 6.847309e+01 -4.530998e+01 1.803270e+01
         vertex 6.996432e+01 -4.530998e+01 1.089665e+01
         vertex 6.996432e+01 1.108432e+02 1.089665e+01
      endloop
   endfacet
   facet normal 9.788556e-01 0.000000e+00 2.045524e-01
      outer loop
         vertex 6.847309e+01 -4.530998e+01 1.803270e+01
         vertex 6.996432e+01 1.108432e+02 1.089665e+01
         vertex 6.847309e+01 1.108432e+02 1.803270e+01
      endloop
   endfacet
   facet normal 9.946998e-01 -0.000000e+00 1.028214e-01
      outer loop
         vertex 6.996432e+01 -4.530998e+01 1.089665e+01
         vertex 7.071391e+01 -4.530998e+01 3.645097e+00
         vertex 7.071391e+01 1.108432e+02 3.645097e+00
      endloop
   endfacet
   facet normal 9.946998e-01 0.000000e+00 1.028214e-01
      outer loop
         vertex 6.996432e+01 -4.530998e+01 1.089665e+01
         vertex 7.071391e+01 1.108432e+02 3.645097e+00
         vertex 6.996432e+01 1.108432e+02 1.089665e+01
      endloop
   endfacet
   facet normal 1.000000e+00 0.000000e+00 0.000000e+00
      outer loop
         vertex 7.071391e+01 -4.530998e+01 3.645097e+00
         vertex 7.071391e+01 -4.530998e+01 -3.645097e+00
         vertex 7.071391e+01 1.108432e+02 -3.645097e+00
      endloop
   endfacet
   facet normal 1.000000e+00 0.000000e+00 -0.000000e+00
      outer loop
         vertex 7.071391e+01 -4.530998e+01 3.645097e+00
         vertex 7.071391e+01 1.108432e+02 -3.645097e+00
         vertex 7.071391e+01 1.108432e+02 3.645097e+00
      endloop
   endfacet
   facet normal 9.946998e-01 0.000000e+00 -1.028214e-01
      outer loop
         vertex 7.071391e+01 -4.530998e+01 -3.645097e+00
         vertex 6.996432e+01 -4.530998e+01 -1.089665e+01
         vertex 6.996432e+01 1.108432e+02 -1.089665e+01
      endloop
   endfacet
   facet normal 9.946998e-01 0.000000e+00 -1.028214e-01
      outer loop
         vertex 7.071391e+01 -4.530998e+01 -3.645097e+00
         vertex 6.996432e+01 1.108432e+02 -1.089665e+01
         vertex 7.071391e+01 1.108432e+02 -3.645097e+00
      endloop
   endfacet
   facet normal 9.788556e-01 0.000000e+00 -2.045524e-01
      outer loop
         vertex 6.996432e+01 -4.530998e+01 -1.089665e+01
         vertex 6.847309e+01 -4.530998e+01 -1.803270e+01
         vertex 6.847309e+01 1.108432e+02 -1.803270e+01
      endloop
   endfacet
   facet normal 9.788556e-01 0.000000e+00 -2.045524e-01
      outer loop
         vertex 6.996432e+01 -4.530998e+01 -1.089665e+01
         vertex 6.847309e+01 1.108432e+02 -1.803270e+01
         vertex 6.996432e+01 1.108432e+02 -1.089665e+01
      endloop
   endfacet
   facet normal 9.526354e-01 0.000000e+00 -3.041149e-01
      outer loop
         vertex 6.847309e+01 -4.530998e+01 -1.803270e+01
         vertex 6.625603e+01 -4.530998e+01 -2.497759e+01
         vertex 6.625603e+01 1.108432e+02 -2.497759e+01
      endloop
   endfacet
   facet normal 9.526354e-01 0.000000e+00 -3.041149e-01
      outer loop
         vertex 6.847309e+01 -4.530998e+01 -1.803270e+01
         vertex 6.625603e+01 1.108432e+02 -2.497759e+01
         vertex 6.847309e+01 1.108432e+02 -1.803270e+01
      endloop
   endfacet
   facet normal 9.163170e-01 0.000000e+00 -4.004536e-01
      outer loop
         vertex 6.625603e+01 -4.530998e+01 -2.497759e+01
         vertex 6.333665e+01 -4.530998e+01 -3.165772e+01
         vertex 6.333665e+01 1.108432e+02 -3.165772e+01
      endloop
   endfacet
   facet normal 9.163170e-01 0.000000e+00 -4.004536e-01
      outer loop
         vertex 6.625603e+01 -4.530998e+01 -2.497759e+01
         vertex 6.333665e+01 1.108432e+02 -3.165772e+01
         vertex 6.625603e+01 1.108432e+02 -2.497759e+01
      endloop
   endfacet
   facet normal 8.702852e-01 0.000000e+00 -4.925481e-01
      outer loop
         vertex 6.333665e+01 -4.530998e+01 -3.165772e+01
         vertex 5.974588e+01 -4.530998e+01 -3.800227e+01
         vertex 5.974588e+01 1.108432e+02 -3.800227e+01
      endloop
   endfacet
   facet normal 8.702852e-01 0.000000e+00 -4.925481e-01
      outer loop
         vertex 6.333665e+01 -4.530998e+01 -3.165772e+01
         vertex 5.974588e+01 1.108432e+02 -3.800227e+01
         vertex 6.333665e+01 1.108432e+02 -3.165772e+01
      endloop
   endfacet
   facet normal 8.150285e-01 0.000000e+00 -5.794209e-01
      outer loop
         vertex 5.974588e+01 -4.530998e+01 -3.800227e+01
         vertex 5.552179e+01 -4.530998e+01 -4.394398e+01
         vertex 5.552179e+01 1.108432e+02 -4.394398e+01
      endloop
   endfacet
   facet normal 8.150285e-01 0.000000e+00 -5.794209e-01
      outer loop
         vertex 5.974588e+01 -4.530998e+01 -3.800227e+01
         vertex 5.552179e+01 1.108432e+02 -4.394398e+01
         vertex 5.974588e+01 1.108432e+02 -3.800227e+01
      endloop
   endfacet
   facet normal 7.511318e-01 0.000000e+00 -6.601523e-01
      outer loop
         vertex 5.552179e+01 -4.530998e+01 -4.394398e+01
         vertex 5.070915e+01 -4.530998e+01 -4.941988e+01
         vertex 5.070915e+01 1.108432e+02 -4.941988e+01
      endloop
   endfacet
   facet normal 7.511318e-01 0.000000e+00 -6.601523e-01
      outer loop
         vertex 5.552179e+01 -4.530998e+01 -4.394398e+01
         vertex 5.070915e+01 1.108432e+02 -4.941988e+01
         vertex 5.552179e+01 1.108432e+02 -4.394398e+01
      endloop
   endfacet
   facet normal 6.792733e-01 0.000000e+00 -7.338854e-01
      outer loop
         vertex 5.070915e+01 -4.530998e+01 -4.941988e+01
         vertex 4.535899e+01 -4.530998e+01 -5.437191e+01
         vertex 4.535899e+01 1.108432e+02 -5.437191e+01
      endloop
   endfacet
   facet normal 6.792733e-01 0.000000e+00 -7.338854e-01
      outer loop
         vertex 5.070915e+01 -4.530998e+01 -4.941988e+01
         vertex 4.535899e+01 1.108432e+02 -5.437191e+01
         vertex 5.070915e+01 1.108432e+02 -4.941988e+01
      endloop
   endfacet
   facet normal 6.002144e-01 0.000000e+00 -7.998392e-01
      outer loop
         vertex 4.535899e+01 -4.530998e+01 -5.437191e+01
         vertex 3.952800e+01 -4.530998e+01 -5.874759e+01
         vertex 3.952800e+01 1.108432e+02 -5.874759e+01
      endloop
   endfacet
   facet normal 6.002144e-01 0.000000e+00 -7.998392e-01
      outer loop
         vertex 4.535899e+01 -4.530998e+01 -5.437191e+01
         vertex 3.952800e+01 1.108432e+02 -5.874759e+01
         vertex 4.535899e+01 1.108432e+02 -5.437191e+01
      endloop
   endfacet
   facet normal 5.147928e-01 0.000000e+00 -8.573146e-01
      outer loop
         vertex 3.952800e+01 -4.530998e+01 -5.874759e+01
         vertex 3.327801e+01 -4.530998e+01 -6.250053e+01
         vertex 3.327801e+01 1.108432e+02 -6.250053e+01
      endloop
   endfacet
   facet normal 5.147928e-01 0.000000e+00 -8.573146e-01
      outer loop
         vertex 3.952800e+01 -4.530998e+01 -5.874759e+01
         vertex 3.327801e+01 1.108432e+02 -6.250053e+01
         vertex 3.952800e+01 1.108432e+02 -5.874759e+01
      endloop
   endfacet
   facet normal 4.239143e-01 0.000000e+00 -9.057023e-01
      outer loop
         vertex 3.327801e+01 -4.530998e+01 -6.250053e+01
         vertex 2.667527e+01 -4.530998e+01 -6.559095e+01
         vertex 2.667527e+01 1.108432e+02 -6.559095e+01
      endloop
   endfacet
   facet normal 4.239143e-01 0.000000e+00 -9.057023e-01
      outer loop
         vertex 3.327801e+01 -4.530998e+01 -6.250053e+01
         vertex 2.667527e+01 1.108432e+02 -6.559095e+01
         vertex 3.327801e+01 1.108432e+02 -6.250053e+01
      endloop
   endfacet
   facet normal 3.285419e-01 0.000000e+00 -9.444894e-01
      outer loop
         vertex 2.667527e+01 -4.530998e+01 -6.559095e+01
         vertex 1.978976e+01 -4.530998e+01 -6.798608e+01
         vertex 1.978976e+01 1.108432e+02 -6.798608e+01
      endloop
   endfacet
   facet normal 3.285419e-01 0.000000e+00 -9.444894e-01
      outer loop
         vertex 2.667527e+01 -4.530998e+01 -6.559095e+01
         vertex 1.978976e+01 1.108432e+02 -6.798608e+01
         vertex 2.667527e+01 1.108432e+02 -6.559095e+01
      endloop
   endfacet
   facet normal 2.296879e-01 0.000000e+00 -9.732643e-01
      outer loop
         vertex 1.978976e+01 -4.530998e+01 -6.798608e+01
         vertex 1.269447e+01 -4.530998e+01 -6.966055e+01
         vertex 1.269447e+01 1.108432e+02 -6.966055e+01
      endloop
   endfacet
   facet normal 2.296879e-01 0.000000e+00 -9.732643e-01
      outer loop
         vertex 1.978976e+01 -4.530998e+01 -6.798608e+01
         vertex 1.269447e+01 1.108432e+02 -6.966055e+01
         vertex 1.978976e+01 1.108432e+02 -6.798608e+01
      endloop
   endfacet
   facet normal 1.283986e-01 0.000000e+00 -9.917226e-01
      outer loop
         vertex 1.269447e+01 -4.530998e+01 -6.966055e+01
         vertex 5.464623e+00 -4.530998e+01 -7.059660e+01
         vertex 5.464623e+00 1.108432e+02 -7.059660e+01
      endloop
   endfacet
   facet normal 1.283986e-01 0.000000e+00 -9.917226e-01
      outer loop
         vertex 1.269447e+01 -4.530998e+01 -6.966055e+01
         vertex 5.464623e+00 1.108432e+02 -7.059660e+01
         vertex 1.269447e+01 1.108432e+02 -6.966055e+01
      endloop
   endfacet
   facet normal 2.574774e-02 0.000000e+00 -9.996685e-01
      outer loop
         vertex 5.464623e+00 -4.530998e+01 -7.059660e+01
         vertex -1.823153e+00 -4.530998e+01 -7.078431e+01
         vertex -1.823153e+00 1.108432e+02 -7.078431e+01
      endloop
   endfacet
   facet normal 2.574774e-02 0.000000e+00 -9.996685e-01
      outer loop
         vertex 5.464623e+00 -4.530998e+01 -7.059660e+01
         vertex -1.823153e+00 1.108432e+02 -7.078431e+01
         vertex 5.464623e+00 1.108432e+02 -7.059660e+01
      endloop
   endfacet
   facet normal -7.717519e-02 0.000000e+00 -9.970175e-01
      outer loop
         vertex -1.823153e+00 -4.530998e+01 -7.078431e+01
         vertex -9.091603e+00 -4.530998e+01 -7.022169e+01
         vertex -9.091603e+00 1.108432e+02 -7.022169e+01
      endloop
   endfacet
   facet normal -7.717519e-02 0.000000e+00 -9.970175e-01
      outer loop
         vertex -1.823153e+00 -4.530998e+01 -7.078431e+01
         vertex -9.091603e+00 1.108432e+02 -7.022169e+01
         vertex -1.823153e+00 1.108432e+02 -7.078431e+01
      endloop
   endfacet
   facet normal -1.792808e-01 0.000000e+00 -9.837980e-01
      outer loop
         vertex -9.091603e+00 -4.530998e+01 -7.022169e+01
         vertex -1.626368e+01 -4.530998e+01 -6.891470e+01
         vertex -1.626368e+01 1.108432e+02 -6.891470e+01
      endloop
   endfacet
   facet normal -1.792808e-01 0.000000e+00 -9.837980e-01
      outer loop
         vertex -9.091603e+00 -4.530998e+01 -7.022169e+01
         vertex -1.626368e+01 1.108432e+02 -6.891470e+01
         vertex -9.091603e+00 1.108432e+02 -7.022169e+01
      endloop
   endfacet
   facet normal -2.794859e-01 0.000000e+00 -9.601498e-01
      outer loop
         vertex -1.626368e+01 -4.530998e+01 -6.891470e+01
         vertex -2.326336e+01 -4.530998e+01 -6.687719e+01
         vertex -2.326336e+01 1.108432e+02 -6.687719e+01
      endloop
   endfacet
   facet normal -2.794859e-01 0.000000e+00 -9.601498e-01
      outer loop
         vertex -1.626368e+01 -4.530998e+01 -6.891470e+01
         vertex -2.326336e+01 1.108432e+02 -6.687719e+01
         vertex -1.626368e+01 1.108432e+02 -6.891470e+01
      endloop
   endfacet
   facet normal -3.767273e-01 0.000000e+00 -9.263242e-01
      outer loop
         vertex -2.326336e+01 -4.530998e+01 -6.687719e+01
         vertex -3.001644e+01 -4.530998e+01 -6.413078e+01
         vertex -3.001644e+01 1.108432e+02 -6.413078e+01
      endloop
   endfacet
   facet normal -3.767273e-01 0.000000e+00 -9.263242e-01
      outer loop
         vertex -2.326336e+01 -4.530998e+01 -6.687719e+01
         vertex -3.001644e+01 1.108432e+02 -6.413078e+01
         vertex -2.326336e+01 1.108432e+02 -6.687719e+01
      endloop
   endfacet
   facet normal -4.699769e-01 0.000000e+00 -8.826787e-01
      outer loop
         vertex -3.001644e+01 -4.530998e+01 -6.413078e+01
         vertex -3.645134e+01 -4.530998e+01 -6.070455e+01
         vertex -3.645134e+01 1.108432e+02 -6.070455e+01
      endloop
   endfacet
   facet normal -4.699769e-01 0.000000e+00 -8.826787e-01
      outer loop
         vertex -3.001644e+01 -4.530998e+01 -6.413078e+01
         vertex -3.645134e+01 1.108432e+02 -6.070455e+01
         vertex -3.001644e+01 1.108432e+02 -6.413078e+01
      endloop
   endfacet
   facet normal -5.582440e-01 0.000000e+00 -8.296768e-01
      outer loop
         vertex -3.645134e+01 -4.530998e+01 -6.070455e+01
         vertex -4.249984e+01 -4.530998e+01 -5.663485e+01
         vertex -4.249984e+01 1.108432e+02 -5.663485e+01
      endloop
   endfacet
   facet normal -5.582440e-01 0.000000e+00 -8.296768e-01
      outer loop
         vertex -3.645134e+01 -4.530998e+01 -6.070455e+01
         vertex -4.249984e+01 1.108432e+02 -5.663485e+01
         vertex -3.645134e+01 1.108432e+02 -6.070455e+01
      endloop
   endfacet
   facet normal -6.405930e-01 0.000000e+00 -7.678806e-01
      outer loop
         vertex -4.249984e+01 -4.530998e+01 -5.663485e+01
         vertex -4.809784e+01 -4.530998e+01 -5.196480e+01
         vertex -4.809784e+01 1.108432e+02 -5.196480e+01
      endloop
   endfacet
   facet normal -6.405930e-01 0.000000e+00 -7.678806e-01
      outer loop
         vertex -4.249984e+01 -4.530998e+01 -5.663485e+01
         vertex -4.809784e+01 1.108432e+02 -5.196480e+01
         vertex -4.249984e+01 1.108432e+02 -5.663485e+01
      endloop
   endfacet
   facet normal -7.161522e-01 0.000000e+00 -6.979442e-01
      outer loop
         vertex -4.809784e+01 -4.530998e+01 -5.196480e+01
         vertex -5.318599e+01 -4.530998e+01 -4.674391e+01
         vertex -5.318599e+01 1.108432e+02 -4.674391e+01
      endloop
   endfacet
   facet normal -7.161522e-01 0.000000e+00 -6.979442e-01
      outer loop
         vertex -4.809784e+01 -4.530998e+01 -5.196480e+01
         vertex -5.318599e+01 1.108432e+02 -4.674391e+01
         vertex -4.809784e+01 1.108432e+02 -5.196480e+01
      endloop
   endfacet
   facet normal -7.841197e-01 0.000000e+00 -6.206096e-01
      outer loop
         vertex -5.318599e+01 -4.530998e+01 -4.674391e+01
         vertex -5.771035e+01 -4.530998e+01 -4.102753e+01
         vertex -5.771035e+01 1.108432e+02 -4.102753e+01
      endloop
   endfacet
   facet normal -7.841197e-01 0.000000e+00 -6.206096e-01
      outer loop
         vertex -5.318599e+01 -4.530998e+01 -4.674391e+01
         vertex -5.771035e+01 1.108432e+02 -4.102753e+01
         vertex -5.318599e+01 1.108432e+02 -4.674391e+01
      endloop
   endfacet
   facet normal -8.437757e-01 0.000000e+00 -5.366960e-01
      outer loop
         vertex -5.771035e+01 -4.530998e+01 -4.102753e+01
         vertex -6.162297e+01 -4.530998e+01 -3.487624e+01
         vertex -6.162297e+01 1.108432e+02 -3.487624e+01
      endloop
   endfacet
   facet normal -8.437757e-01 0.000000e+00 -5.366960e-01
      outer loop
         vertex -5.771035e+01 -4.530998e+01 -4.102753e+01
         vertex -6.162297e+01 1.108432e+02 -3.487624e+01
         vertex -5.771035e+01 1.108432e+02 -4.102753e+01
      endloop
   endfacet
   facet normal -8.944871e-01 0.000000e+00 -4.470937e-01
      outer loop
         vertex -6.162297e+01 -4.530998e+01 -3.487624e+01
         vertex -6.488237e+01 -4.530998e+01 -2.835526e+01
         vertex -6.488237e+01 1.108432e+02 -2.835526e+01
      endloop
   endfacet
   facet normal -8.944871e-01 0.000000e+00 -4.470937e-01
      outer loop
         vertex -6.162297e+01 -4.530998e+01 -3.487624e+01
         vertex -6.488237e+01 1.108432e+02 -2.835526e+01
         vertex -6.162297e+01 1.108432e+02 -3.487624e+01
      endloop
   endfacet
   facet normal -9.357167e-01 0.000000e+00 -3.527523e-01
      outer loop
         vertex -6.488237e+01 -4.530998e+01 -2.835526e+01
         vertex -6.745400e+01 -4.530998e+01 -2.153370e+01
         vertex -6.745400e+01 1.108432e+02 -2.153370e+01
      endloop
   endfacet
   facet normal -9.357167e-01 0.000000e+00 -3.527523e-01
      outer loop
         vertex -6.488237e+01 -4.530998e+01 -2.835526e+01
         vertex -6.745400e+01 1.108432e+02 -2.153370e+01
         vertex -6.488237e+01 1.108432e+02 -2.835526e+01
      endloop
   endfacet
   facet normal -9.670276e-01 0.000000e+00 -2.546716e-01
      outer loop
         vertex -6.745400e+01 -4.530998e+01 -2.153370e+01
         vertex -6.931061e+01 -4.530998e+01 -1.448388e+01
         vertex -6.931061e+01 1.108432e+02 -1.448388e+01
      endloop
   endfacet
   facet normal -9.670276e-01 0.000000e+00 -2.546716e-01
      outer loop
         vertex -6.745400e+01 -4.530998e+01 -2.153370e+01
         vertex -6.931061e+01 1.108432e+02 -1.448388e+01
         vertex -6.745400e+01 1.108432e+02 -2.153370e+01
      endloop
   endfacet
   facet normal -9.880880e-01 0.000000e+00 -1.538899e-01
      outer loop
         vertex -6.931061e+01 -4.530998e+01 -1.448388e+01
         vertex -7.043250e+01 -4.530998e+01 -7.280527e+00
         vertex -7.043250e+01 1.108432e+02 -7.280527e+00
      endloop
   endfacet
   facet normal -9.880880e-01 0.000000e+00 -1.538899e-01
      outer loop
         vertex -6.931061e+01 -4.530998e+01 -1.448388e+01
         vertex -7.043250e+01 1.108432e+02 -7.280527e+00
         vertex -6.931061e+01 1.108432e+02 -1.448388e+01
      endloop
   endfacet
   facet normal -9.986741e-01 0.000000e+00 -5.147873e-02
      outer loop
         vertex -7.043250e+01 -4.530998e+01 -7.280527e+00
         vertex -7.080779e+01 -4.530998e+01 -1.734291e-14
         vertex -7.080779e+01 1.108432e+02 -1.734291e-14
      endloop
   endfacet
   facet normal -9.986741e-01 0.000000e+00 -5.147873e-02
      outer loop
         vertex -7.043250e+01 -4.530998e+01 -7.280527e+00
         vertex -7.080779e+01 1.108432e+02 -1.734291e-14
         vertex -7.043250e+01 1.108432e+02 -7.280527e+00
      endloop
   endfacet
   facet normal -8.509641e-01 5.233890e-01 4.386468e-02
      outer loop
         vertex -7.594964e+01 -5.366998e+01 0.000000e+00
         vertex -7.554710e+01 -5.366998e+01 7.809218e+00
         vertex -7.043250e+01 -4.530998e+01 7.280527e+00
      endloop
   endfacet
   facet normal -8.509641e-01 5.233890e-01 4.386471e-02
      outer loop
         vertex -7.594964e+01 -5.366998e+01 0.000000e+00
         vertex -7.043250e+01 -4.530998e+01 7.280527e+00
         vertex -7.080779e+01 -4.530998e+01 0.000000e+00
      endloop
   endfacet
   facet normal -8.419439e-01 5.233886e-01 1.311294e-01
      outer loop
         vertex -7.554710e+01 -5.366998e+01 7.809218e+00
         vertex -7.434373e+01 -5.366998e+01 1.553566e+01
         vertex -6.931061e+01 -4.530998e+01 1.448388e+01
      endloop
   endfacet
   facet normal -8.419437e-01 5.233890e-01 1.311287e-01
      outer loop
         vertex -7.554710e+01 -5.366998e+01 7.809218e+00
         vertex -6.931061e+01 -4.530998e+01 1.448388e+01
         vertex -7.043250e+01 -4.530998e+01 7.280527e+00
      endloop
   endfacet
   facet normal -8.239984e-01 5.233893e-01 2.170031e-01
      outer loop
         vertex -7.434373e+01 -5.366998e+01 1.553566e+01
         vertex -7.235232e+01 -5.366998e+01 2.309741e+01
         vertex -6.745400e+01 -4.530998e+01 2.153370e+01
      endloop
   endfacet
   facet normal -8.239985e-01 5.233886e-01 2.170042e-01
      outer loop
         vertex -7.434373e+01 -5.366998e+01 1.553566e+01
         vertex -6.745400e+01 -4.530998e+01 2.153370e+01
         vertex -6.931061e+01 -4.530998e+01 1.448388e+01
      endloop
   endfacet
   facet normal -7.973183e-01 5.233892e-01 3.005780e-01
      outer loop
         vertex -7.235232e+01 -5.366998e+01 2.309741e+01
         vertex -6.959394e+01 -5.366998e+01 3.041433e+01
         vertex -6.488237e+01 -4.530998e+01 2.835526e+01
      endloop
   endfacet
   facet normal -7.973183e-01 5.233893e-01 3.005780e-01
      outer loop
         vertex -7.235232e+01 -5.366998e+01 2.309741e+01
         vertex -6.488237e+01 -4.530998e+01 2.835526e+01
         vertex -6.745400e+01 -4.530998e+01 2.153370e+01
      endloop
   endfacet
   facet normal -7.621869e-01 5.233893e-01 3.809656e-01
      outer loop
         vertex -6.959394e+01 -5.366998e+01 3.041433e+01
         vertex -6.609785e+01 -5.366998e+01 3.740885e+01
         vertex -6.162297e+01 -4.530998e+01 3.487624e+01
      endloop
   endfacet
   facet normal -7.621869e-01 5.233892e-01 3.809657e-01
      outer loop
         vertex -6.959394e+01 -5.366998e+01 3.041433e+01
         vertex -6.162297e+01 -4.530998e+01 3.487624e+01
         vertex -6.488237e+01 -4.530998e+01 2.835526e+01
      endloop
   endfacet
   facet normal -7.189759e-01 5.233888e-01 4.573159e-01
      outer loop
         vertex -6.609785e+01 -5.366998e+01 3.740885e+01
         vertex -6.190111e+01 -5.366998e+01 4.400682e+01
         vertex -5.771035e+01 -4.530998e+01 4.102753e+01
      endloop
   endfacet
   facet normal -7.189760e-01 5.233892e-01 4.573153e-01
      outer loop
         vertex -6.609785e+01 -5.366998e+01 3.740885e+01
         vertex -5.771035e+01 -4.530998e+01 4.102753e+01
         vertex -6.162297e+01 -4.530998e+01 3.487624e+01
      endloop
   endfacet
   facet normal -6.681437e-01 5.233890e-01 5.288175e-01
      outer loop
         vertex -6.190111e+01 -5.366998e+01 4.400682e+01
         vertex -5.704820e+01 -5.366998e+01 5.013832e+01
         vertex -5.318599e+01 -4.530998e+01 4.674391e+01
      endloop
   endfacet
   facet normal -6.681437e-01 5.233888e-01 5.288177e-01
      outer loop
         vertex -6.190111e+01 -5.366998e+01 4.400682e+01
         vertex -5.318599e+01 -4.530998e+01 4.674391e+01
         vertex -5.771035e+01 -4.530998e+01 4.102753e+01
      endloop
   endfacet
   facet normal -6.102289e-01 5.233890e-01 5.947139e-01
      outer loop
         vertex -5.704820e+01 -5.366998e+01 5.013832e+01
         vertex -5.159056e+01 -5.366998e+01 5.573833e+01
         vertex -4.809784e+01 -4.530998e+01 5.196480e+01
      endloop
   endfacet
   facet normal -6.102289e-01 5.233890e-01 5.947140e-01
      outer loop
         vertex -5.704820e+01 -5.366998e+01 5.013832e+01
         vertex -4.809784e+01 -4.530998e+01 5.196480e+01
         vertex -5.318599e+01 -4.530998e+01 4.674391e+01
      endloop
   endfacet
   facet normal -5.458454e-01 5.233891e-01 6.543062e-01
      outer loop
         vertex -5.159056e+01 -5.366998e+01 5.573833e+01
         vertex -4.558606e+01 -5.366998e+01 6.074750e+01
         vertex -4.249984e+01 -4.530998e+01 5.663485e+01
      endloop
   endfacet
   facet normal -5.458453e-01 5.233890e-01 6.543064e-01
      outer loop
         vertex -5.159056e+01 -5.366998e+01 5.573833e+01
         vertex -4.249984e+01 -4.530998e+01 5.663485e+01
         vertex -4.809784e+01 -4.530998e+01 5.196480e+01
      endloop
   endfacet
   facet normal -4.756762e-01 5.233891e-01 7.069625e-01
      outer loop
         vertex -4.558606e+01 -5.366998e+01 6.074750e+01
         vertex -3.909833e+01 -5.366998e+01 6.511274e+01
         vertex -3.645134e+01 -4.530998e+01 6.070455e+01
      endloop
   endfacet
   facet normal -4.756762e-01 5.233891e-01 7.069625e-01
      outer loop
         vertex -4.558606e+01 -5.366998e+01 6.074750e+01
         vertex -3.645134e+01 -4.530998e+01 6.070455e+01
         vertex -4.249984e+01 -4.530998e+01 5.663485e+01
      endloop
   endfacet
   facet normal -4.004639e-01 5.233886e-01 7.521257e-01
      outer loop
         vertex -3.909833e+01 -5.366998e+01 6.511274e+01
         vertex -3.219614e+01 -5.366998e+01 6.878776e+01
         vertex -3.001644e+01 -4.530998e+01 6.413078e+01
      endloop
   endfacet
   facet normal -4.004644e-01 5.233891e-01 7.521251e-01
      outer loop
         vertex -3.909833e+01 -5.366998e+01 6.511274e+01
         vertex -3.001644e+01 -4.530998e+01 6.413078e+01
         vertex -3.645134e+01 -4.530998e+01 6.070455e+01
      endloop
   endfacet
   facet normal -3.210080e-01 5.233893e-01 7.893146e-01
      outer loop
         vertex -3.219614e+01 -5.366998e+01 6.878776e+01
         vertex -2.495267e+01 -5.366998e+01 7.173362e+01
         vertex -2.326336e+01 -4.530998e+01 6.687719e+01
      endloop
   endfacet
   facet normal -3.210071e-01 5.233886e-01 7.893154e-01
      outer loop
         vertex -3.219614e+01 -5.366998e+01 6.878776e+01
         vertex -2.326336e+01 -4.530998e+01 6.687719e+01
         vertex -3.001644e+01 -4.530998e+01 6.413078e+01
      endloop
   endfacet
   facet normal -2.381481e-01 5.233893e-01 8.181376e-01
      outer loop
         vertex -2.495267e+01 -5.366998e+01 7.173362e+01
         vertex -1.744470e+01 -5.366998e+01 7.391908e+01
         vertex -1.626368e+01 -4.530998e+01 6.891470e+01
      endloop
   endfacet
   facet normal -2.381481e-01 5.233893e-01 8.181376e-01
      outer loop
         vertex -2.495267e+01 -5.366998e+01 7.173362e+01
         vertex -1.626368e+01 -4.530998e+01 6.891470e+01
         vertex -2.326336e+01 -4.530998e+01 6.687719e+01
      endloop
   endfacet
   facet normal -1.527640e-01 5.233893e-01 8.382880e-01
      outer loop
         vertex -1.744470e+01 -5.366998e+01 7.391908e+01
         vertex -9.751809e+00 -5.366998e+01 7.532098e+01
         vertex -9.091603e+00 -4.530998e+01 7.022169e+01
      endloop
   endfacet
   facet normal -1.527640e-01 5.233893e-01 8.382880e-01
      outer loop
         vertex -1.744470e+01 -5.366998e+01 7.391908e+01
         vertex -9.091603e+00 -4.530998e+01 7.022169e+01
         vertex -1.626368e+01 -4.530998e+01 6.891470e+01
      endloop
   endfacet
   facet normal -6.576043e-02 5.233893e-01 8.495524e-01
      outer loop
         vertex -9.751809e+00 -5.366998e+01 7.532098e+01
         vertex -1.955545e+00 -5.366998e+01 7.592446e+01
         vertex -1.823153e+00 -4.530998e+01 7.078431e+01
      endloop
   endfacet
   facet normal -6.576050e-02 5.233893e-01 8.495524e-01
      outer loop
         vertex -9.751809e+00 -5.366998e+01 7.532098e+01
         vertex -1.823153e+00 -4.530998e+01 7.078431e+01
         vertex -9.091603e+00 -4.530998e+01 7.022169e+01
      endloop
   endfacet
   facet normal 2.193982e-02 5.233890e-01 8.518113e-01
      outer loop
         vertex -1.955545e+00 -5.366998e+01 7.592446e+01
         vertex 5.861449e+00 -5.366998e+01 7.572312e+01
         vertex 5.464623e+00 -4.530998e+01 7.059660e+01
      endloop
   endfacet
   facet normal 2.193949e-02 5.233893e-01 8.518112e-01
      outer loop
         vertex -1.955545e+00 -5.366998e+01 7.592446e+01
         vertex 5.464623e+00 -4.530998e+01 7.059660e+01
         vertex -1.823153e+00 -4.530998e+01 7.078431e+01
      endloop
   endfacet
   facet normal 1.094073e-01 5.233892e-01 8.450407e-01
      outer loop
         vertex 5.861449e+00 -5.366998e+01 7.572312e+01
         vertex 1.361631e+01 -5.366998e+01 7.471910e+01
         vertex 1.269447e+01 -4.530998e+01 6.966055e+01
      endloop
   endfacet
   facet normal 1.094076e-01 5.233890e-01 8.450408e-01
      outer loop
         vertex 5.861449e+00 -5.366998e+01 7.572312e+01
         vertex 1.269447e+01 -4.530998e+01 6.966055e+01
         vertex 5.464623e+00 -4.530998e+01 7.059660e+01
      endloop
   endfacet
   facet normal 1.957158e-01 5.233891e-01 8.293125e-01
      outer loop
         vertex 1.361631e+01 -5.366998e+01 7.471910e+01
         vertex 2.122683e+01 -5.366998e+01 7.292303e+01
         vertex 1.978976e+01 -4.530998e+01 6.798608e+01
      endloop
   endfacet
   facet normal 1.957156e-01 5.233892e-01 8.293124e-01
      outer loop
         vertex 1.361631e+01 -5.366998e+01 7.471910e+01
         vertex 1.978976e+01 -4.530998e+01 6.798608e+01
         vertex 1.269447e+01 -4.530998e+01 6.966055e+01
      endloop
   endfacet
   facet normal 2.799485e-01 5.233891e-01 8.047936e-01
      outer loop
         vertex 2.122683e+01 -5.366998e+01 7.292303e+01
         vertex 2.861235e+01 -5.366998e+01 7.035397e+01
         vertex 2.667527e+01 -4.530998e+01 6.559095e+01
      endloop
   endfacet
   facet normal 2.799485e-01 5.233891e-01 8.047936e-01
      outer loop
         vertex 2.122683e+01 -5.366998e+01 7.292303e+01
         vertex 2.667527e+01 -4.530998e+01 6.559095e+01
         vertex 1.978976e+01 -4.530998e+01 6.798608e+01
      endloop
   endfacet
   facet normal 3.612148e-01 5.233891e-01 7.717433e-01
      outer loop
         vertex 2.861235e+01 -5.366998e+01 7.035397e+01
         vertex 3.569456e+01 -5.366998e+01 6.703914e+01
         vertex 3.327801e+01 -4.530998e+01 6.250053e+01
      endloop
   endfacet
   facet normal 3.612147e-01 5.233891e-01 7.717433e-01
      outer loop
         vertex 2.861235e+01 -5.366998e+01 7.035397e+01
         vertex 3.327801e+01 -4.530998e+01 6.250053e+01
         vertex 2.667527e+01 -4.530998e+01 6.559095e+01
      endloop
   endfacet
   facet normal 4.386518e-01 5.233891e-01 7.305125e-01
      outer loop
         vertex 3.569456e+01 -5.366998e+01 6.703914e+01
         vertex 4.239841e+01 -5.366998e+01 6.301367e+01
         vertex 3.952800e+01 -4.530998e+01 5.874759e+01
      endloop
   endfacet
   facet normal 4.386518e-01 5.233891e-01 7.305125e-01
      outer loop
         vertex 3.569456e+01 -5.366998e+01 6.703914e+01
         vertex 3.952800e+01 -4.530998e+01 5.874759e+01
         vertex 3.327801e+01 -4.530998e+01 6.250053e+01
      endloop
   endfacet
   facet normal 5.114391e-01 5.233890e-01 6.815380e-01
      outer loop
         vertex 4.239841e+01 -5.366998e+01 6.301367e+01
         vertex 4.865282e+01 -5.366998e+01 5.832024e+01
         vertex 4.535899e+01 -4.530998e+01 5.437191e+01
      endloop
   endfacet
   facet normal 5.114390e-01 5.233891e-01 6.815380e-01
      outer loop
         vertex 4.239841e+01 -5.366998e+01 6.301367e+01
         vertex 4.535899e+01 -4.530998e+01 5.437191e+01
         vertex 3.952800e+01 -4.530998e+01 5.874759e+01
      endloop
   endfacet
   facet normal 5.788046e-01 5.233890e-01 6.253392e-01
      outer loop
         vertex 4.865282e+01 -5.366998e+01 5.832024e+01
         vertex 5.439150e+01 -5.366998e+01 5.300861e+01
         vertex 5.070915e+01 -4.530998e+01 4.941988e+01
      endloop
   endfacet
   facet normal 5.788046e-01 5.233890e-01 6.253392e-01
      outer loop
         vertex 4.865282e+01 -5.366998e+01 5.832024e+01
         vertex 5.070915e+01 -4.530998e+01 4.941988e+01
         vertex 4.535899e+01 -4.530998e+01 5.437191e+01
      endloop
   endfacet
   facet normal 6.400351e-01 5.233888e-01 5.625116e-01
      outer loop
         vertex 5.439150e+01 -5.366998e+01 5.300861e+01
         vertex 5.955362e+01 -5.366998e+01 4.713507e+01
         vertex 5.552179e+01 -4.530998e+01 4.394398e+01
      endloop
   endfacet
   facet normal 6.400348e-01 5.233890e-01 5.625117e-01
      outer loop
         vertex 5.439150e+01 -5.366998e+01 5.300861e+01
         vertex 5.552179e+01 -4.530998e+01 4.394398e+01
         vertex 5.070915e+01 -4.530998e+01 4.941988e+01
      endloop
   endfacet
   facet normal 6.944806e-01 5.233890e-01 4.937213e-01
      outer loop
         vertex 5.955362e+01 -5.366998e+01 4.713507e+01
         vertex 6.408445e+01 -5.366998e+01 4.076188e+01
         vertex 5.974588e+01 -4.530998e+01 3.800227e+01
      endloop
   endfacet
   facet normal 6.944809e-01 5.233888e-01 4.937211e-01
      outer loop
         vertex 5.955362e+01 -5.366998e+01 4.713507e+01
         vertex 5.974588e+01 -4.530998e+01 3.800227e+01
         vertex 5.552179e+01 -4.530998e+01 4.394398e+01
      endloop
   endfacet
   facet normal 7.415646e-01 5.233891e-01 4.196973e-01
      outer loop
         vertex 6.408445e+01 -5.366998e+01 4.076188e+01
         vertex 6.793597e+01 -5.366998e+01 3.395661e+01
         vertex 6.333665e+01 -4.530998e+01 3.165772e+01
      endloop
   endfacet
   facet normal 7.415647e-01 5.233890e-01 4.196972e-01
      outer loop
         vertex 6.408445e+01 -5.366998e+01 4.076188e+01
         vertex 6.333665e+01 -4.530998e+01 3.165772e+01
         vertex 5.974588e+01 -4.530998e+01 3.800227e+01
      endloop
   endfacet
   facet normal 7.807883e-01 5.233889e-01 3.412238e-01
      outer loop
         vertex 6.793597e+01 -5.366998e+01 3.395661e+01
         vertex 7.106735e+01 -5.366998e+01 2.679139e+01
         vertex 6.625603e+01 -4.530998e+01 2.497759e+01
      endloop
   endfacet
   facet normal 7.807881e-01 5.233891e-01 3.412240e-01
      outer loop
         vertex 6.793597e+01 -5.366998e+01 3.395661e+01
         vertex 6.625603e+01 -4.530998e+01 2.497759e+01
         vertex 6.333665e+01 -4.530998e+01 3.165772e+01
      endloop
   endfacet
   facet normal 8.117348e-01 5.233889e-01 2.591344e-01
      outer loop
         vertex 7.106735e+01 -5.366998e+01 2.679139e+01
         vertex 7.344540e+01 -5.366998e+01 1.934218e+01
         vertex 6.847309e+01 -4.530998e+01 1.803270e+01
      endloop
   endfacet
   facet normal 8.117348e-01 5.233889e-01 2.591344e-01
      outer loop
         vertex 7.106735e+01 -5.366998e+01 2.679139e+01
         vertex 6.847309e+01 -4.530998e+01 1.803270e+01
         vertex 6.625603e+01 -4.530998e+01 2.497759e+01
      endloop
   endfacet
   facet normal 8.340767e-01 5.233891e-01 1.742981e-01
      outer loop
         vertex 7.344540e+01 -5.366998e+01 1.934218e+01
         vertex 7.504492e+01 -5.366998e+01 1.168793e+01
         vertex 6.996432e+01 -4.530998e+01 1.089665e+01
      endloop
   endfacet
   facet normal 8.340769e-01 5.233889e-01 1.742978e-01
      outer loop
         vertex 7.344540e+01 -5.366998e+01 1.934218e+01
         vertex 6.996432e+01 -4.530998e+01 1.089665e+01
         vertex 6.847309e+01 -4.530998e+01 1.803270e+01
      endloop
   endfacet
   facet normal 8.475778e-01 5.233888e-01 8.761299e-02
      outer loop
         vertex 7.504492e+01 -5.366998e+01 1.168793e+01
         vertex 7.584894e+01 -5.366998e+01 3.909793e+00
         vertex 7.071391e+01 -4.530998e+01 3.645097e+00
      endloop
   endfacet
   facet normal 8.475775e-01 5.233891e-01 8.761349e-02
      outer loop
         vertex 7.504492e+01 -5.366998e+01 1.168793e+01
         vertex 7.071391e+01 -4.530998e+01 3.645097e+00
         vertex 6.996432e+01 -4.530998e+01 1.089665e+01
      endloop
   endfacet
   facet normal 8.520940e-01 5.233888e-01 -0.000000e+00
      outer loop
         vertex 7.584894e+01 -5.366998e+01 3.909793e+00
         vertex 7.584894e+01 -5.366998e+01 -3.909793e+00
         vertex 7.071391e+01 -4.530998e+01 -3.645097e+00
      endloop
   endfacet
   facet normal 8.520940e-01 5.233888e-01 -0.000000e+00
      outer loop
         vertex 7.584894e+01 -5.366998e+01 3.909793e+00
         vertex 7.071391e+01 -4.530998e+01 -3.645097e+00
         vertex 7.071391e+01 -4.530998e+01 3.645097e+00
      endloop
   endfacet
   facet normal 8.475776e-01 5.233891e-01 -8.761297e-02
      outer loop
         vertex 7.584894e+01 -5.366998e+01 -3.909793e+00
         vertex 7.504492e+01 -5.366998e+01 -1.168793e+01
         vertex 6.996432e+01 -4.530998e+01 -1.089665e+01
      endloop
   endfacet
   facet normal 8.475778e-01 5.233888e-01 -8.761351e-02
      outer loop
         vertex 7.584894e+01 -5.366998e+01 -3.909793e+00
         vertex 6.996432e+01 -4.530998e+01 -1.089665e+01
         vertex 7.071391e+01 -4.530998e+01 -3.645097e+00
      endloop
   endfacet
   facet normal 8.340769e-01 5.233889e-01 -1.742981e-01
      outer loop
         vertex 7.504492e+01 -5.366998e+01 -1.168793e+01
         vertex 7.344540e+01 -5.366998e+01 -1.934218e+01
         vertex 6.847309e+01 -4.530998e+01 -1.803270e+01
      endloop
   endfacet
   facet normal 8.340768e-01 5.233891e-01 -1.742978e-01
      outer loop
         vertex 7.504492e+01 -5.366998e+01 -1.168793e+01
         vertex 6.847309e+01 -4.530998e+01 -1.803270e+01
         vertex 6.996432e+01 -4.530998e+01 -1.089665e+01
      endloop
   endfacet
   facet normal 8.117348e-01 5.233889e-01 -2.591344e-01
      outer loop
         vertex 7.344540e+01 -5.366998e+01 -1.934218e+01
         vertex 7.106735e+01 -5.366998e+01 -2.679139e+01
         vertex 6.625603e+01 -4.530998e+01 -2.497759e+01
      endloop
   endfacet
   facet normal 8.117348e-01 5.233889e-01 -2.591344e-01
      outer loop
         vertex 7.344540e+01 -5.366998e+01 -1.934218e+01
         vertex 6.625603e+01 -4.530998e+01 -2.497759e+01
         vertex 6.847309e+01 -4.530998e+01 -1.803270e+01
      endloop
   endfacet
   facet normal 7.807882e-01 5.233891e-01 -3.412238e-01
      outer loop
         vertex 7.106735e+01 -5.366998e+01 -2.679139e+01
         vertex 6.793597e+01 -5.366998e+01 -3.395661e+01
         vertex 6.333665e+01 -4.530998e+01 -3.165772e+01
      endloop
   endfacet
   facet normal 7.807882e-01 5.233889e-01 -3.412241e-01
      outer loop
         vertex 7.106735e+01 -5.366998e+01 -2.679139e+01
         vertex 6.333665e+01 -4.530998e+01 -3.165772e+01
         vertex 6.625603e+01 -4.530998e+01 -2.497759e+01
      endloop
   endfacet
   facet normal 7.415646e-01 5.233890e-01 -4.196974e-01
      outer loop
         vertex 6.793597e+01 -5.366998e+01 -3.395661e+01
         vertex 6.408445e+01 -5.366998e+01 -4.076188e+01
         vertex 5.974588e+01 -4.530998e+01 -3.800227e+01
      endloop
   endfacet
   facet normal 7.415647e-01 5.233891e-01 -4.196972e-01
      outer loop
         vertex 6.793597e+01 -5.366998e+01 -3.395661e+01
         vertex 5.974588e+01 -4.530998e+01 -3.800227e+01
         vertex 6.333665e+01 -4.530998e+01 -3.165772e+01
      endloop
   endfacet
   facet normal 6.944807e-01 5.233888e-01 -4.937213e-01
      outer loop
         vertex 6.408445e+01 -5.366998e+01 -4.076188e+01
         vertex 5.955362e+01 -5.366998e+01 -4.713507e+01
         vertex 5.552179e+01 -4.530998e+01 -4.394398e+01
      endloop
   endfacet
   facet normal 6.944808e-01 5.233890e-01 -4.937210e-01
      outer loop
         vertex 6.408445e+01 -5.366998e+01 -4.076188e+01
         vertex 5.552179e+01 -4.530998e+01 -4.394398e+01
         vertex 5.974588e+01 -4.530998e+01 -3.800227e+01
      endloop
   endfacet
   facet normal 6.400350e-01 5.233890e-01 -5.625115e-01
      outer loop
         vertex 5.955362e+01 -5.366998e+01 -4.713507e+01
         vertex 5.439150e+01 -5.366998e+01 -5.300861e+01
         vertex 5.070915e+01 -4.530998e+01 -4.941988e+01
      endloop
   endfacet
   facet normal 6.400349e-01 5.233888e-01 -5.625118e-01
      outer loop
         vertex 5.955362e+01 -5.366998e+01 -4.713507e+01
         vertex 5.070915e+01 -4.530998e+01 -4.941988e+01
         vertex 5.552179e+01 -4.530998e+01 -4.394398e+01
      endloop
   endfacet
   facet normal 5.788046e-01 5.233890e-01 -6.253392e-01
      outer loop
         vertex 5.439150e+01 -5.366998e+01 -5.300861e+01
         vertex 4.865282e+01 -5.366998e+01 -5.832024e+01
         vertex 4.535899e+01 -4.530998e+01 -5.437191e+01
      endloop
   endfacet
   facet normal 5.788046e-01 5.233890e-01 -6.253392e-01
      outer loop
         vertex 5.439150e+01 -5.366998e+01 -5.300861e+01
         vertex 4.535899e+01 -4.530998e+01 -5.437191e+01
         vertex 5.070915e+01 -4.530998e+01 -4.941988e+01
      endloop
   endfacet
   facet normal 5.114390e-01 5.233891e-01 -6.815380e-01
      outer loop
         vertex 4.865282e+01 -5.366998e+01 -5.832024e+01
         vertex 4.239841e+01 -5.366998e+01 -6.301367e+01
         vertex 3.952800e+01 -4.530998e+01 -5.874759e+01
      endloop
   endfacet
   facet normal 5.114390e-01 5.233890e-01 -6.815380e-01
      outer loop
         vertex 4.865282e+01 -5.366998e+01 -5.832024e+01
         vertex 3.952800e+01 -4.530998e+01 -5.874759e+01
         vertex 4.535899e+01 -4.530998e+01 -5.437191e+01
      endloop
   endfacet
   facet normal 4.386518e-01 5.233891e-01 -7.305125e-01
      outer loop
         vertex 4.239841e+01 -5.366998e+01 -6.301367e+01
         vertex 3.569456e+01 -5.366998e+01 -6.703914e+01
         vertex 3.327801e+01 -4.530998e+01 -6.250053e+01
      endloop
   endfacet
   facet normal 4.386518e-01 5.233891e-01 -7.305125e-01
      outer loop
         vertex 4.239841e+01 -5.366998e+01 -6.301367e+01
         vertex 3.327801e+01 -4.530998e+01 -6.250053e+01
         vertex 3.952800e+01 -4.530998e+01 -5.874759e+01
      endloop
   endfacet
   facet normal 3.612148e-01 5.233891e-01 -7.717433e-01
      outer loop
         vertex 3.569456e+01 -5.366998e+01 -6.703914e+01
         vertex 2.861235e+01 -5.366998e+01 -7.035397e+01
         vertex 2.667527e+01 -4.530998e+01 -6.559095e+01
      endloop
   endfacet
   facet normal 3.612147e-01 5.233891e-01 -7.717434e-01
      outer loop
         vertex 3.569456e+01 -5.366998e+01 -6.703914e+01
         vertex 2.667527e+01 -4.530998e+01 -6.559095e+01
         vertex 3.327801e+01 -4.530998e+01 -6.250053e+01
      endloop
   endfacet
   facet normal 2.799485e-01 5.233891e-01 -8.047936e-01
      outer loop
         vertex 2.861235e+01 -5.366998e+01 -7.035397e+01
         vertex 2.122683e+01 -5.366998e+01 -7.292303e+01
         vertex 1.978976e+01 -4.530998e+01 -6.798608e+01
      endloop
   endfacet
   facet normal 2.799485e-01 5.233891e-01 -8.047935e-01
      outer loop
         vertex 2.861235e+01 -5.366998e+01 -7.035397e+01
         vertex 1.978976e+01 -4.530998e+01 -6.798608e+01
         vertex 2.667527e+01 -4.530998e+01 -6.559095e+01
      endloop
   endfacet
   facet normal 1.957158e-01 5.233892e-01 -8.293124e-01
      outer loop
         vertex 2.122683e+01 -5.366998e+01 -7.292303e+01
         vertex 1.361631e+01 -5.366998e+01 -7.471910e+01
         vertex 1.269447e+01 -4.530998e+01 -6.966055e+01
      endloop
   endfacet
   facet normal 1.957156e-01 5.233891e-01 -8.293125e-01
      outer loop
         vertex 2.122683e+01 -5.366998e+01 -7.292303e+01
         vertex 1.269447e+01 -4.530998e+01 -6.966055e+01
         vertex 1.978976e+01 -4.530998e+01 -6.798608e+01
      endloop
   endfacet
   facet normal 1.094073e-01 5.233890e-01 -8.450408e-01
      outer loop
         vertex 1.361631e+01 -5.366998e+01 -7.471910e+01
         vertex 5.861449e+00 -5.366998e+01 -7.572312e+01
         vertex 5.464623e+00 -4.530998e+01 -7.059660e+01
      endloop
   endfacet
   facet normal 1.094076e-01 5.233892e-01 -8.450406e-01
      outer loop
         vertex 1.361631e+01 -5.366998e+01 -7.471910e+01
         vertex 5.464623e+00 -4.530998e+01 -7.059660e+01
         vertex 1.269447e+01 -4.530998e+01 -6.966055e+01
      endloop
   endfacet
   facet normal 2.193982e-02 5.233892e-01 -8.518112e-01
      outer loop
         vertex 5.861449e+00 -5.366998e+01 -7.572312e+01
         vertex -1.955545e+00 -5.366998e+01 -7.592446e+01
         vertex -1.823153e+00 -4.530998e+01 -7.078431e+01
      endloop
   endfacet
   facet normal 2.193949e-02 5.233890e-01 -8.518114e-01
      outer loop
         vertex 5.861449e+00 -5.366998e+01 -7.572312e+01
         vertex -1.823153e+00 -4.530998e+01 -7.078431e+01
         vertex 5.464623e+00 -4.530998e+01 -7.059660e+01
      endloop
   endfacet
   facet normal -6.576043e-02 5.233893e-01 -8.495524e-01
      outer loop
         vertex -1.955545e+00 -5.366998e+01 -7.592446e+01
         vertex -9.751809e+00 -5.366998e+01 -7.532098e+01
         vertex -9.091603e+00 -4.530998e+01 -7.022169e+01
      endloop
   endfacet
   facet normal -6.576050e-02 5.233893e-01 -8.495524e-01
      outer loop
         vertex -1.955545e+00 -5.366998e+01 -7.592446e+01
         vertex -9.091603e+00 -4.530998e+01 -7.022169e+01
         vertex -1.823153e+00 -4.530998e+01 -7.078431e+01
      endloop
   endfacet
   facet normal -1.527640e-01 5.233893e-01 -8.382880e-01
      outer loop
         vertex -9.751809e+00 -5.366998e+01 -7.532098e+01
         vertex -1.744470e+01 -5.366998e+01 -7.391908e+01
         vertex -1.626368e+01 -4.530998e+01 -6.891470e+01
      endloop
   endfacet
   facet normal -1.527640e-01 5.233893e-01 -8.382880e-01
      outer loop
         vertex -9.751809e+00 -5.366998e+01 -7.532098e+01
         vertex -1.626368e+01 -4.530998e+01 -6.891470e+01
         vertex -9.091603e+00 -4.530998e+01 -7.022169e+01
      endloop
   endfacet
   facet normal -2.381481e-01 5.233893e-01 -8.181376e-01
      outer loop
         vertex -1.744470e+01 -5.366998e+01 -7.391908e+01
         vertex -2.495267e+01 -5.366998e+01 -7.173362e+01
         vertex -2.326336e+01 -4.530998e+01 -6.687719e+01
      endloop
   endfacet
   facet normal -2.381482e-01 5.233893e-01 -8.181376e-01
      outer loop
         vertex -1.744470e+01 -5.366998e+01 -7.391908e+01
         vertex -2.326336e+01 -4.530998e+01 -6.687719e+01
         vertex -1.626368e+01 -4.530998e+01 -6.891470e+01
      endloop
   endfacet
   facet normal -3.210082e-01 5.233886e-01 -7.893150e-01
      outer loop
         vertex -2.495267e+01 -5.366998e+01 -7.173362e+01
         vertex -3.219614e+01 -5.366998e+01 -6.878776e+01
         vertex -3.001644e+01 -4.530998e+01 -6.413078e+01
      endloop
   endfacet
   facet normal -3.210070e-01 5.233893e-01 -7.893150e-01
      outer loop
         vertex -2.495267e+01 -5.366998e+01 -7.173362e+01
         vertex -3.001644e+01 -4.530998e+01 -6.413078e+01
         vertex -2.326336e+01 -4.530998e+01 -6.687719e+01
      endloop
   endfacet
   facet normal -4.004638e-01 5.233891e-01 -7.521254e-01
      outer loop
         vertex -3.219614e+01 -5.366998e+01 -6.878776e+01
         vertex -3.909833e+01 -5.366998e+01 -6.511274e+01
         vertex -3.645134e+01 -4.530998e+01 -6.070455e+01
      endloop
   endfacet
   facet normal -4.004646e-01 5.233886e-01 -7.521253e-01
      outer loop
         vertex -3.219614e+01 -5.366998e+01 -6.878776e+01
         vertex -3.645134e+01 -4.530998e+01 -6.070455e+01
         vertex -3.001644e+01 -4.530998e+01 -6.413078e+01
      endloop
   endfacet
   facet normal -4.756762e-01 5.233891e-01 -7.069625e-01
      outer loop
         vertex -3.909833e+01 -5.366998e+01 -6.511274e+01
         vertex -4.558606e+01 -5.366998e+01 -6.074750e+01
         vertex -4.249984e+01 -4.530998e+01 -5.663485e+01
      endloop
   endfacet
   facet normal -4.756762e-01 5.233891e-01 -7.069625e-01
      outer loop
         vertex -3.909833e+01 -5.366998e+01 -6.511274e+01
         vertex -4.249984e+01 -4.530998e+01 -5.663485e+01
         vertex -3.645134e+01 -4.530998e+01 -6.070455e+01
      endloop
   endfacet
   facet normal -5.458454e-01 5.233890e-01 -6.543063e-01
      outer loop
         vertex -4.558606e+01 -5.366998e+01 -6.074750e+01
         vertex -5.159056e+01 -5.366998e+01 -5.573833e+01
         vertex -4.809784e+01 -4.530998e+01 -5.196480e+01
      endloop
   endfacet
   facet normal -5.458453e-01 5.233891e-01 -6.543063e-01
      outer loop
         vertex -4.558606e+01 -5.366998e+01 -6.074750e+01
         vertex -4.809784e+01 -4.530998e+01 -5.196480e+01
         vertex -4.249984e+01 -4.530998e+01 -5.663485e+01
      endloop
   endfacet
   facet normal -6.102289e-01 5.233890e-01 -5.947139e-01
      outer loop
         vertex -5.159056e+01 -5.366998e+01 -5.573833e+01
         vertex -5.704820e+01 -5.366998e+01 -5.013832e+01
         vertex -5.318599e+01 -4.530998e+01 -4.674391e+01
      endloop
   endfacet
   facet normal -6.102289e-01 5.233890e-01 -5.947139e-01
      outer loop
         vertex -5.159056e+01 -5.366998e+01 -5.573833e+01
         vertex -5.318599e+01 -4.530998e+01 -4.674391e+01
         vertex -4.809784e+01 -4.530998e+01 -5.196480e+01
      endloop
   endfacet
   facet normal -6.681438e-01 5.233888e-01 -5.288176e-01
      outer loop
         vertex -5.704820e+01 -5.366998e+01 -5.013832e+01
         vertex -6.190111e+01 -5.366998e+01 -4.400682e+01
         vertex -5.771035e+01 -4.530998e+01 -4.102753e+01
      endloop
   endfacet
   facet normal -6.681436e-01 5.233890e-01 -5.288177e-01
      outer loop
         vertex -5.704820e+01 -5.366998e+01 -5.013832e+01
         vertex -5.771035e+01 -4.530998e+01 -4.102753e+01
         vertex -5.318599e+01 -4.530998e+01 -4.674391e+01
      endloop
   endfacet
   facet normal -7.189757e-01 5.233892e-01 -4.573158e-01
      outer loop
         vertex -6.190111e+01 -5.366998e+01 -4.400682e+01
         vertex -6.609785e+01 -5.366998e+01 -3.740885e+01
         vertex -6.162297e+01 -4.530998e+01 -3.487624e+01
      endloop
   endfacet
   facet normal -7.189762e-01 5.233888e-01 -4.573154e-01
      outer loop
         vertex -6.190111e+01 -5.366998e+01 -4.400682e+01
         vertex -6.162297e+01 -4.530998e+01 -3.487624e+01
         vertex -5.771035e+01 -4.530998e+01 -4.102753e+01
      endloop
   endfacet
   facet normal -7.621869e-01 5.233892e-01 -3.809656e-01
      outer loop
         vertex -6.609785e+01 -5.366998e+01 -3.740885e+01
         vertex -6.959394e+01 -5.366998e+01 -3.041433e+01
         vertex -6.488237e+01 -4.530998e+01 -2.835526e+01
      endloop
   endfacet
   facet normal -7.621869e-01 5.233893e-01 -3.809657e-01
      outer loop
         vertex -6.609785e+01 -5.366998e+01 -3.740885e+01
         vertex -6.488237e+01 -4.530998e+01 -2.835526e+01
         vertex -6.162297e+01 -4.530998e+01 -3.487624e+01
      endloop
   endfacet
   facet normal -7.973183e-01 5.233893e-01 -3.005780e-01
      outer loop
         vertex -6.959394e+01 -5.366998e+01 -3.041433e+01
         vertex -7.235232e+01 -5.366998e+01 -2.309741e+01
         vertex -6.745400e+01 -4.530998e+01 -2.153370e+01
      endloop
   endfacet
   facet normal -7.973184e-01 5.233892e-01 -3.005780e-01
      outer loop
         vertex -6.959394e+01 -5.366998e+01 -3.041433e+01
         vertex -6.745400e+01 -4.530998e+01 -2.153370e+01
         vertex -6.488237e+01 -4.530998e+01 -2.835526e+01
      endloop
   endfacet
   facet normal -8.239988e-01 5.233886e-01 -2.170032e-01
      outer loop
         vertex -7.235232e+01 -5.366998e+01 -2.309741e+01
         vertex -7.434373e+01 -5.366998e+01 -1.553566e+01
         vertex -6.931061e+01 -4.530998e+01 -1.448388e+01
      endloop
   endfacet
   facet normal -8.239981e-01 5.233893e-01 -2.170040e-01
      outer loop
         vertex -7.235232e+01 -5.366998e+01 -2.309741e+01
         vertex -6.931061e+01 -4.530998e+01 -1.448388e+01
         vertex -6.745400e+01 -4.530998e+01 -2.153370e+01
      endloop
   endfacet
   facet normal -8.419436e-01 5.233890e-01 -1.311293e-01
      outer loop
         vertex -7.434373e+01 -5.366998e+01 -1.553566e+01
         vertex -7.554710e+01 -5.366998e+01 -7.809218e+00
         vertex -7.043250e+01 -4.530998e+01 -7.280527e+00
      endloop
   endfacet
   facet normal -8.419440e-01 5.233886e-01 -1.311287e-01
      outer loop
         vertex -7.434373e+01 -5.366998e+01 -1.553566e+01
         vertex -7.043250e+01 -4.530998e+01 -7.280527e+00
         vertex -6.931061e+01 -4.530998e+01 -1.448388e+01
      endloop
   endfacet
   facet normal -8.509641e-01 5.233890e-01 -4.386468e-02
      outer loop
         vertex -7.554710e+01 -5.366998e+01 -7.809218e+00
         vertex -7.594964e+01 -5.366998e+01 -1.860230e-14
         vertex -7.080779e+01 -4.530998e+01 -1.734291e-14
      endloop
   endfacet
   facet normal -8.509641e-01 5.233890e-01 -4.386471e-02
      outer loop
         vertex -7.554710e+01 -5.366998e+01 -7.809218e+00
         vertex -7.080779e+01 -4.530998e+01 -1.734291e-14
         vertex -7.043250e+01 -4.530998e+01 -7.280527e+00
      endloop
   endfacet
   facet normal -9.986741e-01 0.000000e+00 5.147870e-02
      outer loop
         vertex -7.594964e+01 -1.079250e+02 0.000000e+00
         vertex -7.554710e+01 -1.079250e+02 7.809218e+00
         vertex -7.554710e+01 -5.366998e+01 7.809218e+00
      endloop
   endfacet
   facet normal -9.986741e-01 0.000000e+00 5.147870e-02
      outer loop
         vertex -7.594964e+01 -1.079250e+02 0.000000e+00
         vertex -7.554710e+01 -5.366998e+01 7.809218e+00
         vertex -7.594964e+01 -5.366998e+01 0.000000e+00
      endloop
   endfacet
   facet normal -9.880879e-01 0.000000e+00 1.538907e-01
      outer loop
         vertex -7.554710e+01 -1.079250e+02 7.809218e+00
         vertex -7.434373e+01 -1.079250e+02 1.553566e+01
         vertex -7.434373e+01 -5.366998e+01 1.553566e+01
      endloop
   endfacet
   facet normal -9.880879e-01 0.000000e+00 1.538907e-01
      outer loop
         vertex -7.554710e+01 -1.079250e+02 7.809218e+00
         vertex -7.434373e+01 -5.366998e+01 1.553566e+01
         vertex -7.554710e+01 -5.366998e+01 7.809218e+00
      endloop
   endfacet
   facet normal -9.670279e-01 0.000000e+00 2.546704e-01
      outer loop
         vertex -7.434373e+01 -1.079250e+02 1.553566e+01
         vertex -7.235232e+01 -1.079250e+02 2.309741e+01
         vertex -7.235232e+01 -5.366998e+01 2.309741e+01
      endloop
   endfacet
   facet normal -9.670279e-01 0.000000e+00 2.546704e-01
      outer loop
         vertex -7.434373e+01 -1.079250e+02 1.553566e+01
         vertex -7.235232e+01 -5.366998e+01 2.309741e+01
         vertex -7.434373e+01 -5.366998e+01 1.553566e+01
      endloop
   endfacet
   facet normal -9.357167e-01 0.000000e+00 3.527523e-01
      outer loop
         vertex -7.235232e+01 -1.079250e+02 2.309741e+01
         vertex -6.959394e+01 -1.079250e+02 3.041433e+01
         vertex -6.959394e+01 -5.366998e+01 3.041433e+01
      endloop
   endfacet
   facet normal -9.357167e-01 0.000000e+00 3.527523e-01
      outer loop
         vertex -7.235232e+01 -1.079250e+02 2.309741e+01
         vertex -6.959394e+01 -5.366998e+01 3.041433e+01
         vertex -7.235232e+01 -5.366998e+01 2.309741e+01
      endloop
   endfacet
   facet normal -8.944872e-01 0.000000e+00 4.470936e-01
      outer loop
         vertex -6.959394e+01 -1.079250e+02 3.041433e+01
         vertex -6.609785e+01 -1.079250e+02 3.740885e+01
         vertex -6.609785e+01 -5.366998e+01 3.740885e+01
      endloop
   endfacet
   facet normal -8.944872e-01 0.000000e+00 4.470936e-01
      outer loop
         vertex -6.959394e+01 -1.079250e+02 3.041433e+01
         vertex -6.609785e+01 -5.366998e+01 3.740885e+01
         vertex -6.959394e+01 -5.366998e+01 3.041433e+01
      endloop
   endfacet
   facet normal -8.437753e-01 0.000000e+00 5.366966e-01
      outer loop
         vertex -6.609785e+01 -1.079250e+02 3.740885e+01
         vertex -6.190111e+01 -1.079250e+02 4.400682e+01
         vertex -6.190111e+01 -5.366998e+01 4.400682e+01
      endloop
   endfacet
   facet normal -8.437753e-01 0.000000e+00 5.366966e-01
      outer loop
         vertex -6.609785e+01 -1.079250e+02 3.740885e+01
         vertex -6.190111e+01 -5.366998e+01 4.400682e+01
         vertex -6.609785e+01 -5.366998e+01 3.740885e+01
      endloop
   endfacet
   facet normal -7.841198e-01 0.000000e+00 6.206094e-01
      outer loop
         vertex -6.190111e+01 -1.079250e+02 4.400682e+01
         vertex -5.704820e+01 -1.079250e+02 5.013832e+01
         vertex -5.704820e+01 -5.366998e+01 5.013832e+01
      endloop
   endfacet
   facet normal -7.841198e-01 0.000000e+00 6.206094e-01
      outer loop
         vertex -6.190111e+01 -1.079250e+02 4.400682e+01
         vertex -5.704820e+01 -5.366998e+01 5.013832e+01
         vertex -6.190111e+01 -5.366998e+01 4.400682e+01
      endloop
   endfacet
   facet normal -7.161522e-01 0.000000e+00 6.979441e-01
      outer loop
         vertex -5.704820e+01 -1.079250e+02 5.013832e+01
         vertex -5.159056e+01 -1.079250e+02 5.573833e+01
         vertex -5.159056e+01 -5.366998e+01 5.573833e+01
      endloop
   endfacet
   facet normal -7.161522e-01 0.000000e+00 6.979441e-01
      outer loop
         vertex -5.704820e+01 -1.079250e+02 5.013832e+01
         vertex -5.159056e+01 -5.366998e+01 5.573833e+01
         vertex -5.704820e+01 -5.366998e+01 5.013832e+01
      endloop
   endfacet
   facet normal -6.405931e-01 0.000000e+00 7.678805e-01
      outer loop
         vertex -5.159056e+01 -1.079250e+02 5.573833e+01
         vertex -4.558606e+01 -1.079250e+02 6.074750e+01
         vertex -4.558606e+01 -5.366998e+01 6.074750e+01
      endloop
   endfacet
   facet normal -6.405931e-01 0.000000e+00 7.678805e-01
      outer loop
         vertex -5.159056e+01 -1.079250e+02 5.573833e+01
         vertex -4.558606e+01 -5.366998e+01 6.074750e+01
         vertex -5.159056e+01 -5.366998e+01 5.573833e+01
      endloop
   endfacet
   facet normal -5.582440e-01 0.000000e+00 8.296769e-01
      outer loop
         vertex -4.558606e+01 -1.079250e+02 6.074750e+01
         vertex -3.909833e+01 -1.079250e+02 6.511274e+01
         vertex -3.909833e+01 -5.366998e+01 6.511274e+01
      endloop
   endfacet
   facet normal -5.582440e-01 0.000000e+00 8.296769e-01
      outer loop
         vertex -4.558606e+01 -1.079250e+02 6.074750e+01
         vertex -3.909833e+01 -5.366998e+01 6.511274e+01
         vertex -4.558606e+01 -5.366998e+01 6.074750e+01
      endloop
   endfacet
   facet normal -4.699762e-01 0.000000e+00 8.826791e-01
      outer loop
         vertex -3.909833e+01 -1.079250e+02 6.511274e+01
         vertex -3.219614e+01 -1.079250e+02 6.878776e+01
         vertex -3.219614e+01 -5.366998e+01 6.878776e+01
      endloop
   endfacet
   facet normal -4.699762e-01 0.000000e+00 8.826791e-01
      outer loop
         vertex -3.909833e+01 -1.079250e+02 6.511274e+01
         vertex -3.219614e+01 -5.366998e+01 6.878776e+01
         vertex -3.909833e+01 -5.366998e+01 6.511274e+01
      endloop
   endfacet
   facet normal -3.767285e-01 0.000000e+00 9.263237e-01
      outer loop
         vertex -3.219614e+01 -1.079250e+02 6.878776e+01
         vertex -2.495267e+01 -1.079250e+02 7.173362e+01
         vertex -2.495267e+01 -5.366998e+01 7.173362e+01
      endloop
   endfacet
   facet normal -3.767285e-01 0.000000e+00 9.263237e-01
      outer loop
         vertex -3.219614e+01 -1.079250e+02 6.878776e+01
         vertex -2.495267e+01 -5.366998e+01 7.173362e+01
         vertex -3.219614e+01 -5.366998e+01 6.878776e+01
      endloop
   endfacet
   facet normal -2.794858e-01 0.000000e+00 9.601498e-01
      outer loop
         vertex -2.495267e+01 -1.079250e+02 7.173362e+01
         vertex -1.744470e+01 -1.079250e+02 7.391908e+01
         vertex -1.744470e+01 -5.366998e+01 7.391908e+01
      endloop
   endfacet
   facet normal -2.794858e-01 0.000000e+00 9.601498e-01
      outer loop
         vertex -2.495267e+01 -1.079250e+02 7.173362e+01
         vertex -1.744470e+01 -5.366998e+01 7.391908e+01
         vertex -2.495267e+01 -5.366998e+01 7.173362e+01
      endloop
   endfacet
   facet normal -1.792807e-01 0.000000e+00 9.837980e-01
      outer loop
         vertex -1.744470e+01 -1.079250e+02 7.391908e+01
         vertex -9.751809e+00 -1.079250e+02 7.532098e+01
         vertex -9.751809e+00 -5.366998e+01 7.532098e+01
      endloop
   endfacet
   facet normal -1.792807e-01 0.000000e+00 9.837980e-01
      outer loop
         vertex -1.744470e+01 -1.079250e+02 7.391908e+01
         vertex -9.751809e+00 -5.366998e+01 7.532098e+01
         vertex -1.744470e+01 -5.366998e+01 7.391908e+01
      endloop
   endfacet
   facet normal -7.717512e-02 0.000000e+00 9.970176e-01
      outer loop
         vertex -9.751809e+00 -1.079250e+02 7.532098e+01
         vertex -1.955545e+00 -1.079250e+02 7.592446e+01
         vertex -1.955545e+00 -5.366998e+01 7.592446e+01
      endloop
   endfacet
   facet normal -7.717512e-02 0.000000e+00 9.970176e-01
      outer loop
         vertex -9.751809e+00 -1.079250e+02 7.532098e+01
         vertex -1.955545e+00 -5.366998e+01 7.592446e+01
         vertex -9.751809e+00 -5.366998e+01 7.532098e+01
      endloop
   endfacet
   facet normal 2.574813e-02 -0.000000e+00 9.996685e-01
      outer loop
         vertex -1.955545e+00 -1.079250e+02 7.592446e+01
         vertex 5.861449e+00 -1.079250e+02 7.572312e+01
         vertex 5.861449e+00 -5.366998e+01 7.572312e+01
      endloop
   endfacet
   facet normal 2.574813e-02 0.000000e+00 9.996685e-01
      outer loop
         vertex -1.955545e+00 -1.079250e+02 7.592446e+01
         vertex 5.861449e+00 -5.366998e+01 7.572312e+01
         vertex -1.955545e+00 -5.366998e+01 7.592446e+01
      endloop
   endfacet
   facet normal 1.283982e-01 -0.000000e+00 9.917227e-01
      outer loop
         vertex 5.861449e+00 -1.079250e+02 7.572312e+01
         vertex 1.361631e+01 -1.079250e+02 7.471910e+01
         vertex 1.361631e+01 -5.366998e+01 7.471910e+01
      endloop
   endfacet
   facet normal 1.283982e-01 0.000000e+00 9.917227e-01
      outer loop
         vertex 5.861449e+00 -1.079250e+02 7.572312e+01
         vertex 1.361631e+01 -5.366998e+01 7.471910e+01
         vertex 5.861449e+00 -5.366998e+01 7.572312e+01
      endloop
   endfacet
   facet normal 2.296881e-01 -0.000000e+00 9.732643e-01
      outer loop
         vertex 1.361631e+01 -1.079250e+02 7.471910e+01
         vertex 2.122683e+01 -1.079250e+02 7.292303e+01
         vertex 2.122683e+01 -5.366998e+01 7.292303e+01
      endloop
   endfacet
   facet normal 2.296881e-01 0.000000e+00 9.732643e-01
      outer loop
         vertex 1.361631e+01 -1.079250e+02 7.471910e+01
         vertex 2.122683e+01 -5.366998e+01 7.292303e+01
         vertex 1.361631e+01 -5.366998e+01 7.471910e+01
      endloop
   endfacet
   facet normal 3.285419e-01 -0.000000e+00 9.444894e-01
      outer loop
         vertex 2.122683e+01 -1.079250e+02 7.292303e+01
         vertex 2.861235e+01 -1.079250e+02 7.035397e+01
         vertex 2.861235e+01 -5.366998e+01 7.035397e+01
      endloop
   endfacet
   facet normal 3.285419e-01 0.000000e+00 9.444894e-01
      outer loop
         vertex 2.122683e+01 -1.079250e+02 7.292303e+01
         vertex 2.861235e+01 -5.366998e+01 7.035397e+01
         vertex 2.122683e+01 -5.366998e+01 7.292303e+01
      endloop
   endfacet
   facet normal 4.239144e-01 -0.000000e+00 9.057023e-01
      outer loop
         vertex 2.861235e+01 -1.079250e+02 7.035397e+01
         vertex 3.569456e+01 -1.079250e+02 6.703914e+01
         vertex 3.569456e+01 -5.366998e+01 6.703914e+01
      endloop
   endfacet
   facet normal 4.239144e-01 0.000000e+00 9.057023e-01
      outer loop
         vertex 2.861235e+01 -1.079250e+02 7.035397e+01
         vertex 3.569456e+01 -5.366998e+01 6.703914e+01
         vertex 2.861235e+01 -5.366998e+01 7.035397e+01
      endloop
   endfacet
   facet normal 5.147928e-01 -0.000000e+00 8.573146e-01
      outer loop
         vertex 3.569456e+01 -1.079250e+02 6.703914e+01
         vertex 4.239841e+01 -1.079250e+02 6.301367e+01
         vertex 4.239841e+01 -5.366998e+01 6.301367e+01
      endloop
   endfacet
   facet normal 5.147928e-01 0.000000e+00 8.573146e-01
      outer loop
         vertex 3.569456e+01 -1.079250e+02 6.703914e+01
         vertex 4.239841e+01 -5.366998e+01 6.301367e+01
         vertex 3.569456e+01 -5.366998e+01 6.703914e+01
      endloop
   endfacet
   facet normal 6.002145e-01 -0.000000e+00 7.998391e-01
      outer loop
         vertex 4.239841e+01 -1.079250e+02 6.301367e+01
         vertex 4.865282e+01 -1.079250e+02 5.832024e+01
         vertex 4.865282e+01 -5.366998e+01 5.832024e+01
      endloop
   endfacet
   facet normal 6.002145e-01 0.000000e+00 7.998391e-01
      outer loop
         vertex 4.239841e+01 -1.079250e+02 6.301367e+01
         vertex 4.865282e+01 -5.366998e+01 5.832024e+01
         vertex 4.239841e+01 -5.366998e+01 6.301367e+01
      endloop
   endfacet
   facet normal 6.792733e-01 -0.000000e+00 7.338854e-01
      outer loop
         vertex 4.865282e+01 -1.079250e+02 5.832024e+01
         vertex 5.439150e+01 -1.079250e+02 5.300861e+01
         vertex 5.439150e+01 -5.366998e+01 5.300861e+01
      endloop
   endfacet
   facet normal 6.792733e-01 0.000000e+00 7.338854e-01
      outer loop
         vertex 4.865282e+01 -1.079250e+02 5.832024e+01
         vertex 5.439150e+01 -5.366998e+01 5.300861e+01
         vertex 4.865282e+01 -5.366998e+01 5.832024e+01
      endloop
   endfacet
   facet normal 7.511320e-01 -0.000000e+00 6.601520e-01
      outer loop
         vertex 5.439150e+01 -1.079250e+02 5.300861e+01
         vertex 5.955362e+01 -1.079250e+02 4.713507e+01
         vertex 5.955362e+01 -5.366998e+01 4.713507e+01
      endloop
   endfacet
   facet normal 7.511320e-01 0.000000e+00 6.601520e-01
      outer loop
         vertex 5.439150e+01 -1.079250e+02 5.300861e+01
         vertex 5.955362e+01 -5.366998e+01 4.713507e+01
         vertex 5.439150e+01 -5.366998e+01 5.300861e+01
      endloop
   endfacet
   facet normal 8.150283e-01 -0.000000e+00 5.794212e-01
      outer loop
         vertex 5.955362e+01 -1.079250e+02 4.713507e+01
         vertex 6.408445e+01 -1.079250e+02 4.076188e+01
         vertex 6.408445e+01 -5.366998e+01 4.076188e+01
      endloop
   endfacet
   facet normal 8.150283e-01 0.000000e+00 5.794212e-01
      outer loop
         vertex 5.955362e+01 -1.079250e+02 4.713507e+01
         vertex 6.408445e+01 -5.366998e+01 4.076188e+01
         vertex 5.955362e+01 -5.366998e+01 4.713507e+01
      endloop
   endfacet
   facet normal 8.702851e-01 -0.000000e+00 4.925483e-01
      outer loop
         vertex 6.408445e+01 -1.079250e+02 4.076188e+01
         vertex 6.793597e+01 -1.079250e+02 3.395661e+01
         vertex 6.793597e+01 -5.366998e+01 3.395661e+01
      endloop
   endfacet
   facet normal 8.702851e-01 0.000000e+00 4.925483e-01
      outer loop
         vertex 6.408445e+01 -1.079250e+02 4.076188e+01
         vertex 6.793597e+01 -5.366998e+01 3.395661e+01
         vertex 6.408445e+01 -5.366998e+01 4.076188e+01
      endloop
   endfacet
   facet normal 9.163172e-01 -0.000000e+00 4.004533e-01
      outer loop
         vertex 6.793597e+01 -1.079250e+02 3.395661e+01
         vertex 7.106735e+01 -1.079250e+02 2.679139e+01
         vertex 7.106735e+01 -5.366998e+01 2.679139e+01
      endloop
   endfacet
   facet normal 9.163172e-01 0.000000e+00 4.004533e-01
      outer loop
         vertex 6.793597e+01 -1.079250e+02 3.395661e+01
         vertex 7.106735e+01 -5.366998e+01 2.679139e+01
         vertex 6.793597e+01 -5.366998e+01 3.395661e+01
      endloop
   endfacet
   facet normal 9.526354e-01 -0.000000e+00 3.041148e-01
      outer loop
         vertex 7.106735e+01 -1.079250e+02 2.679139e+01
         vertex 7.344540e+01 -1.079250e+02 1.934218e+01
         vertex 7.344540e+01 -5.366998e+01 1.934218e+01
      endloop
   endfacet
   facet normal 9.526354e-01 0.000000e+00 3.041148e-01
      outer loop
         vertex 7.106735e+01 -1.079250e+02 2.679139e+01
         vertex 7.344540e+01 -5.366998e+01 1.934218e+01
         vertex 7.106735e+01 -5.366998e+01 2.679139e+01
      endloop
   endfacet
   facet normal 9.788555e-01 -0.000000e+00 2.045527e-01
      outer loop
         vertex 7.344540e+01 -1.079250e+02 1.934218e+01
         vertex 7.504492e+01 -1.079250e+02 1.168793e+01
         vertex 7.504492e+01 -5.366998e+01 1.168793e+01
      endloop
   endfacet
   facet normal 9.788555e-01 0.000000e+00 2.045527e-01
      outer loop
         vertex 7.344540e+01 -1.079250e+02 1.934218e+01
         vertex 7.504492e+01 -5.366998e+01 1.168793e+01
         vertex 7.344540e+01 -5.366998e+01 1.934218e+01
      endloop
   endfacet
   facet normal 9.946999e-01 -0.000000e+00 1.028208e-01
      outer loop
         vertex 7.504492e+01 -1.079250e+02 1.168793e+01
         vertex 7.584894e+01 -1.079250e+02 3.909793e+00
         vertex 7.584894e+01 -5.366998e+01 3.909793e+00
      endloop
   endfacet
   facet normal 9.946999e-01 0.000000e+00 1.028208e-01
      outer loop
         vertex 7.504492e+01 -1.079250e+02 1.168793e+01
         vertex 7.584894e+01 -5.366998e+01 3.909793e+00
         vertex 7.504492e+01 -5.366998e+01 1.168793e+01
      endloop
   endfacet
   facet normal 1.000000e+00 0.000000e+00 0.000000e+00
      outer loop
         vertex 7.584894e+01 -1.079250e+02 3.909793e+00
         vertex 7.584894e+01 -1.079250e+02 -3.909793e+00
         vertex 7.584894e+01 -5.366998e+01 -3.909793e+00
      endloop
   endfacet
   facet normal 1.000000e+00 0.000000e+00 -0.000000e+00
      outer loop
         vertex 7.584894e+01 -1.079250e+02 3.909793e+00
         vertex 7.584894e+01 -5.366998e+01 -3.909793e+00
         vertex 7.584894e+01 -5.366998e+01 3.909793e+00
      endloop
   endfacet
   facet normal 9.946999e-01 0.000000e+00 -1.028208e-01
      outer loop
         vertex 7.584894e+01 -1.079250e+02 -3.909793e+00
         vertex 7.504492e+01 -1.079250e+02 -1.168793e+01
         vertex 7.504492e+01 -5.366998e+01 -1.168793e+01
      endloop
   endfacet
   facet normal 9.946999e-01 0.000000e+00 -1.028208e-01
      outer loop
         vertex 7.584894e+01 -1.079250e+02 -3.909793e+00
         vertex 7.504492e+01 -5.366998e+01 -1.168793e+01
         vertex 7.584894e+01 -5.366998e+01 -3.909793e+00
      endloop
   endfacet
   facet normal 9.788555e-01 0.000000e+00 -2.045527e-01
      outer loop
         vertex 7.504492e+01 -1.079250e+02 -1.168793e+01
         vertex 7.344540e+01 -1.079250e+02 -1.934218e+01
         vertex 7.344540e+01 -5.366998e+01 -1.934218e+01
      endloop
   endfacet
   facet normal 9.788555e-01 0.000000e+00 -2.045527e-01
      outer loop
         vertex 7.504492e+01 -1.079250e+02 -1.168793e+01
         vertex 7.344540e+01 -5.366998e+01 -1.934218e+01
         vertex 7.504492e+01 -5.366998e+01 -1.168793e+01
      endloop
   endfacet
   facet normal 9.526354e-01 0.000000e+00 -3.041148e-01
      outer loop
         vertex 7.344540e+01 -1.079250e+02 -1.934218e+01
         vertex 7.106735e+01 -1.079250e+02 -2.679139e+01
         vertex 7.106735e+01 -5.366998e+01 -2.679139e+01
      endloop
   endfacet
   facet normal 9.526354e-01 0.000000e+00 -3.041148e-01
      outer loop
         vertex 7.344540e+01 -1.079250e+02 -1.934218e+01
         vertex 7.106735e+01 -5.366998e+01 -2.679139e+01
         vertex 7.344540e+01 -5.366998e+01 -1.934218e+01
      endloop
   endfacet
   facet normal 9.163172e-01 0.000000e+00 -4.004533e-01
      outer loop
         vertex 7.106735e+01 -1.079250e+02 -2.679139e+01
         vertex 6.793597e+01 -1.079250e+02 -3.395661e+01
         vertex 6.793597e+01 -5.366998e+01 -3.395661e+01
      endloop
   endfacet
   facet normal 9.163172e-01 0.000000e+00 -4.004533e-01
      outer loop
         vertex 7.106735e+01 -1.079250e+02 -2.679139e+01
         vertex 6.793597e+01 -5.366998e+01 -3.395661e+01
         vertex 7.106735e+01 -5.366998e+01 -2.679139e+01
      endloop
   endfacet
   facet normal 8.702851e-01 0.000000e+00 -4.925483e-01
      outer loop
         vertex 6.793597e+01 -1.079250e+02 -3.395661e+01
         vertex 6.408445e+01 -1.079250e+02 -4.076188e+01
         vertex 6.408445e+01 -5.366998e+01 -4.076188e+01
      endloop
   endfacet
   facet normal 8.702851e-01 0.000000e+00 -4.925483e-01
      outer loop
         vertex 6.793597e+01 -1.079250e+02 -3.395661e+01
         vertex 6.408445e+01 -5.366998e+01 -4.076188e+01
         vertex 6.793597e+01 -5.366998e+01 -3.395661e+01
      endloop
   endfacet
   facet normal 8.150283e-01 0.000000e+00 -5.794212e-01
      outer loop
         vertex 6.408445e+01 -1.079250e+02 -4.076188e+01
         vertex 5.955362e+01 -1.079250e+02 -4.713507e+01
         vertex 5.955362e+01 -5.366998e+01 -4.713507e+01
      endloop
   endfacet
   facet normal 8.150283e-01 0.000000e+00 -5.794212e-01
      outer loop
         vertex 6.408445e+01 -1.079250e+02 -4.076188e+01
         vertex 5.955362e+01 -5.366998e+01 -4.713507e+01
         vertex 6.408445e+01 -5.366998e+01 -4.076188e+01
      endloop
   endfacet
   facet normal 7.511320e-01 0.000000e+00 -6.601520e-01
      outer loop
         vertex 5.955362e+01 -1.079250e+02 -4.713507e+01
         vertex 5.439150e+01 -1.079250e+02 -5.300861e+01
         vertex 5.439150e+01 -5.366998e+01 -5.300861e+01
      endloop
   endfacet
   facet normal 7.511320e-01 0.000000e+00 -6.601520e-01
      outer loop
         vertex 5.955362e+01 -1.079250e+02 -4.713507e+01
         vertex 5.439150e+01 -5.366998e+01 -5.300861e+01
         vertex 5.955362e+01 -5.366998e+01 -4.713507e+01
      endloop
   endfacet
   facet normal 6.792733e-01 0.000000e+00 -7.338854e-01
      outer loop
         vertex 5.439150e+01 -1.079250e+02 -5.300861e+01
         vertex 4.865282e+01 -1.079250e+02 -5.832024e+01
         vertex 4.865282e+01 -5.366998e+01 -5.832024e+01
      endloop
   endfacet
   facet normal 6.792733e-01 0.000000e+00 -7.338854e-01
      outer loop
         vertex 5.439150e+01 -1.079250e+02 -5.300861e+01
         vertex 4.865282e+01 -5.366998e+01 -5.832024e+01
         vertex 5.439150e+01 -5.366998e+01 -5.300861e+01
      endloop
   endfacet
   facet normal 6.002145e-01 0.000000e+00 -7.998391e-01
      outer loop
         vertex 4.865282e+01 -1.079250e+02 -5.832024e+01
         vertex 4.239841e+01 -1.079250e+02 -6.301367e+01
         vertex 4.239841e+01 -5.366998e+01 -6.301367e+01
      endloop
   endfacet
   facet normal 6.002145e-01 0.000000e+00 -7.998391e-01
      outer loop
         vertex 4.865282e+01 -1.079250e+02 -5.832024e+01
         vertex 4.239841e+01 -5.366998e+01 -6.301367e+01
         vertex 4.865282e+01 -5.366998e+01 -5.832024e+01
      endloop
   endfacet
   facet normal 5.147928e-01 0.000000e+00 -8.573146e-01
      outer loop
         vertex 4.239841e+01 -1.079250e+02 -6.301367e+01
         vertex 3.569456e+01 -1.079250e+02 -6.703914e+01
         vertex 3.569456e+01 -5.366998e+01 -6.703914e+01
      endloop
   endfacet
   facet normal 5.147928e-01 0.000000e+00 -8.573146e-01
      outer loop
         vertex 4.239841e+01 -1.079250e+02 -6.301367e+01
         vertex 3.569456e+01 -5.366998e+01 -6.703914e+01
         vertex 4.239841e+01 -5.366998e+01 -6.301367e+01
      endloop
   endfacet
   facet normal 4.239144e-01 0.000000e+00 -9.057023e-01
      outer loop
         vertex 3.569456e+01 -1.079250e+02 -6.703914e+01
         vertex 2.861235e+01 -1.079250e+02 -7.035397e+01
         vertex 2.861235e+01 -5.366998e+01 -7.035397e+01
      endloop
   endfacet
   facet normal 4.239144e-01 0.000000e+00 -9.057023e-01
      outer loop
         vertex 3.569456e+01 -1.079250e+02 -6.703914e+01
         vertex 2.861235e+01 -5.366998e+01 -7.035397e+01
         vertex 3.569456e+01 -5.366998e+01 -6.703914e+01
      endloop
   endfacet
   facet normal 3.285419e-01 0.000000e+00 -9.444894e-01
      outer loop
         vertex 2.861235e+01 -1.079250e+02 -7.035397e+01
         vertex 2.122683e+01 -1.079250e+02 -7.292303e+01
         vertex 2.122683e+01 -5.366998e+01 -7.292303e+01
      endloop
   endfacet
   facet normal 3.285419e-01 0.000000e+00 -9.444894e-01
      outer loop
         vertex 2.861235e+01 -1.079250e+02 -7.035397e+01
         vertex 2.122683e+01 -5.366998e+01 -7.292303e+01
         vertex 2.861235e+01 -5.366998e+01 -7.035397e+01
      endloop
   endfacet
   facet normal 2.296881e-01 0.000000e+00 -9.732643e-01
      outer loop
         vertex 2.122683e+01 -1.079250e+02 -7.292303e+01
         vertex 1.361631e+01 -1.079250e+02 -7.471910e+01
         vertex 1.361631e+01 -5.366998e+01 -7.471910e+01
      endloop
   endfacet
   facet normal 2.296881e-01 0.000000e+00 -9.732643e-01
      outer loop
         vertex 2.122683e+01 -1.079250e+02 -7.292303e+01
         vertex 1.361631e+01 -5.366998e+01 -7.471910e+01
         vertex 2.122683e+01 -5.366998e+01 -7.292303e+01
      endloop
   endfacet
   facet normal 1.283982e-01 0.000000e+00 -9.917227e-01
      outer loop
         vertex 1.361631e+01 -1.079250e+02 -7.471910e+01
         vertex 5.861449e+00 -1.079250e+02 -7.572312e+01
         vertex 5.861449e+00 -5.366998e+01 -7.572312e+01
      endloop
   endfacet
   facet normal 1.283982e-01 0.000000e+00 -9.917227e-01
      outer loop
         vertex 1.361631e+01 -1.079250e+02 -7.471910e+01
         vertex 5.861449e+00 -5.366998e+01 -7.572312e+01
         vertex 1.361631e+01 -5.366998e+01 -7.471910e+01
      endloop
   endfacet
   facet normal 2.574813e-02 0.000000e+00 -9.996685e-01
      outer loop
         vertex 5.861449e+00 -1.079250e+02 -7.572312e+01
         vertex -1.955545e+00 -1.079250e+02 -7.592446e+01
         vertex -1.955545e+00 -5.366998e+01 -7.592446e+01
      endloop
   endfacet
   facet normal 2.574813e-02 0.000000e+00 -9.996685e-01
      outer loop
         vertex 5.861449e+00 -1.079250e+02 -7.572312e+01
         vertex -1.955545e+00 -5.366998e+01 -7.592446e+01
         vertex 5.861449e+00 -5.366998e+01 -7.572312e+01
      endloop
   endfacet
   facet normal -7.717512e-02 0.000000e+00 -9.970176e-01
      outer loop
         vertex -1.955545e+00 -1.079250e+02 -7.592446e+01
         vertex -9.751809e+00 -1.079250e+02 -7.532098e+01
         vertex -9.751809e+00 -5.366998e+01 -7.532098e+01
      endloop
   endfacet
   facet normal -7.717512e-02 0.000000e+00 -9.970176e-01
      outer loop
         vertex -1.955545e+00 -1.079250e+02 -7.592446e+01
         vertex -9.751809e+00 -5.366998e+01 -7.532098e+01
         vertex -1.955545e+00 -5.366998e+01 -7.592446e+01
      endloop
   endfacet
   facet normal -1.792807e-01 0.000000e+00 -9.837980e-01
      outer loop
         vertex -9.751809e+00 -1.079250e+02 -7.532098e+01
         vertex -1.744470e+01 -1.079250e+02 -7.391908e+01
         vertex -1.744470e+01 -5.366998e+01 -7.391908e+01
      endloop
   endfacet
   facet normal -1.792807e-01 0.000000e+00 -9.837980e-01
      outer loop
         vertex -9.751809e+00 -1.079250e+02 -7.532098e+01
         vertex -1.744470e+01 -5.366998e+01 -7.391908e+01
         vertex -9.751809e+00 -5.366998e+01 -7.532098e+01
      endloop
   endfacet
   facet normal -2.794858e-01 0.000000e+00 -9.601498e-01
      outer loop
         vertex -1.744470e+01 -1.079250e+02 -7.391908e+01
         vertex -2.495267e+01 -1.079250e+02 -7.173362e+01
         vertex -2.495267e+01 -5.366998e+01 -7.173362e+01
      endloop
   endfacet
   facet normal -2.794858e-01 0.000000e+00 -9.601498e-01
      outer loop
         vertex -1.744470e+01 -1.079250e+02 -7.391908e+01
         vertex -2.495267e+01 -5.366998e+01 -7.173362e+01
         vertex -1.744470e+01 -5.366998e+01 -7.391908e+01
      endloop
   endfacet
   facet normal -3.767285e-01 0.000000e+00 -9.263237e-01
      outer loop
         vertex -2.495267e+01 -1.079250e+02 -7.173362e+01
         vertex -3.219614e+01 -1.079250e+02 -6.878776e+01
         vertex -3.219614e+01 -5.366998e+01 -6.878776e+01
      endloop
   endfacet
   facet normal -3.767285e-01 0.000000e+00 -9.263237e-01
      outer loop
         vertex -2.495267e+01 -1.079250e+02 -7.173362e+01
         vertex -3.219614e+01 -5.366998e+01 -6.878776e+01
         vertex -2.495267e+01 -5.366998e+01 -7.173362e+01
      endloop
   endfacet
   facet normal -4.699762e-01 0.000000e+00 -8.826791e-01
      outer loop
         vertex -3.219614e+01 -1.079250e+02 -6.878776e+01
         vertex -3.909833e+01 -1.079250e+02 -6.511274e+01
         vertex -3.909833e+01 -5.366998e+01 -6.511274e+01
      endloop
   endfacet
   facet normal -4.699762e-01 0.000000e+00 -8.826791e-01
      outer loop
         vertex -3.219614e+01 -1.079250e+02 -6.878776e+01
         vertex -3.909833e+01 -5.366998e+01 -6.511274e+01
         vertex -3.219614e+01 -5.366998e+01 -6.878776e+01
      endloop
   endfacet
   facet normal -5.582440e-01 0.000000e+00 -8.296769e-01
      outer loop
         vertex -3.909833e+01 -1.079250e+02 -6.511274e+01
         vertex -4.558606e+01 -1.079250e+02 -6.074750e+01
         vertex -4.558606e+01 -5.366998e+01 -6.074750e+01
      endloop
   endfacet
   facet normal -5.582440e-01 0.000000e+00 -8.296769e-01
      outer loop
         vertex -3.909833e+01 -1.079250e+02 -6.511274e+01
         vertex -4.558606e+01 -5.366998e+01 -6.074750e+01
         vertex -3.909833e+01 -5.366998e+01 -6.511274e+01
      endloop
   endfacet
   facet normal -6.405931e-01 0.000000e+00 -7.678805e-01
      outer loop
         vertex -4.558606e+01 -1.079250e+02 -6.074750e+01
         vertex -5.159056e+01 -1.079250e+02 -5.573833e+01
         vertex -5.159056e+01 -5.366998e+01 -5.573833e+01
      endloop
   endfacet
   facet normal -6.405931e-01 0.000000e+00 -7.678805e-01
      outer loop
         vertex -4.558606e+01 -1.079250e+02 -6.074750e+01
         vertex -5.159056e+01 -5.366998e+01 -5.573833e+01
         vertex -4.558606e+01 -5.366998e+01 -6.074750e+01
      endloop
   endfacet
   facet normal -7.161522e-01 0.000000e+00 -6.979441e-01
      outer loop
         vertex -5.159056e+01 -1.079250e+02 -5.573833e+01
         vertex -5.704820e+01 -1.079250e+02 -5.013832e+01
         vertex -5.704820e+01 -5.366998e+01 -5.013832e+01
      endloop
   endfacet
   facet normal -7.161522e-01 0.000000e+00 -6.979441e-01
      outer loop
         vertex -5.159056e+01 -1.079250e+02 -5.573833e+01
         vertex -5.704820e+01 -5.366998e+01 -5.013832e+01
         vertex -5.159056e+01 -5.366998e+01 -5.573833e+01
      endloop
   endfacet
   facet normal -7.841198e-01 0.000000e+00 -6.206094e-01
      outer loop
         vertex -5.704820e+01 -1.079250e+02 -5.013832e+01
         vertex -6.190111e+01 -1.079250e+02 -4.400682e+01
         vertex -6.190111e+01 -5.366998e+01 -4.400682e+01
      endloop
   endfacet
   facet normal -7.841198e-01 0.000000e+00 -6.206094e-01
      outer loop
         vertex -5.704820e+01 -1.079250e+02 -5.013832e+01
         vertex -6.190111e+01 -5.366998e+01 -4.400682e+01
         vertex -5.704820e+01 -5.366998e+01 -5.013832e+01
      endloop
   endfacet
   facet normal -8.437753e-01 0.000000e+00 -5.366966e-01
      outer loop
         vertex -6.190111e+01 -1.079250e+02 -4.400682e+01
         vertex -6.609785e+01 -1.079250e+02 -3.740885e+01
         vertex -6.609785e+01 -5.366998e+01 -3.740885e+01
      endloop
   endfacet
   facet normal -8.437753e-01 0.000000e+00 -5.366966e-01
      outer loop
         vertex -6.190111e+01 -1.079250e+02 -4.400682e+01
         vertex -6.609785e+01 -5.366998e+01 -3.740885e+01
         vertex -6.190111e+01 -5.366998e+01 -4.400682e+01
      endloop
   endfacet
   facet normal -8.944872e-01 0.000000e+00 -4.470936e-01
      outer loop
         vertex -6.609785e+01 -1.079250e+02 -3.740885e+01
         vertex -6.959394e+01 -1.079250e+02 -3.041433e+01
         vertex -6.959394e+01 -5.366998e+01 -3.041433e+01
      endloop
   endfacet
   facet normal -8.944872e-01 0.000000e+00 -4.470936e-01
      outer loop
         vertex -6.609785e+01 -1.079250e+02 -3.740885e+01
         vertex -6.959394e+01 -5.366998e+01 -3.041433e+01
         vertex -6.609785e+01 -5.366998e+01 -3.740885e+01
      endloop
   endfacet
   facet normal -9.357167e-01 0.000000e+00 -3.527523e-01
      outer loop
         vertex -6.959394e+01 -1.079250e+02 -3.041433e+01
         vertex -7.235232e+01 -1.079250e+02 -2.309741e+01
         vertex -7.235232e+01 -5.366998e+01 -2.309741e+01
      endloop
   endfacet
   facet normal -9.357167e-01 0.000000e+00 -3.527523e-01
      outer loop
         vertex -6.959394e+01 -1.079250e+02 -3.041433e+01
         vertex -7.235232e+01 -5.366998e+01 -2.309741e+01
         vertex -6.959394e+01 -5.366998e+01 -3.041433e+01
      endloop
   endfacet
   facet normal -9.670279e-01 0.000000e+00 -2.546704e-01
      outer loop
         vertex -7.235232e+01 -1.079250e+02 -2.309741e+01
         vertex -7.434373e+01 -1.079250e+02 -1.553566e+01
         vertex -7.434373e+01 -5.366998e+01 -1.553566e+01
      endloop
   endfacet
   facet normal -9.670279e-01 0.000000e+00 -2.546704e-01
      outer loop
         vertex -7.235232e+01 -1.079250e+02 -2.309741e+01
         vertex -7.434373e+01 -5.366998e+01 -1.553566e+01
         vertex -7.235232e+01 -5.366998e+01 -2.309741e+01
      endloop
   endfacet
   facet normal -9.880879e-01 0.000000e+00 -1.538907e-01
      outer loop
         vertex -7.434373e+01 -1.079250e+02 -1.553566e+01
         vertex -7.554710e+01 -1.079250e+02 -7.809218e+00
         vertex -7.554710e+01 -5.366998e+01 -7.809218e+00
      endloop
   endfacet
   facet normal -9.880879e-01 0.000000e+00 -1.538907e-01
      outer loop
         vertex -7.434373e+01 -1.079250e+02 -1.553566e+01
         vertex -7.554710e+01 -5.366998e+01 -7.809218e+00
         vertex -7.434373e+01 -5.366998e+01 -1.553566e+01
      endloop
   endfacet
   facet normal -9.986741e-01 0.000000e+00 -5.147870e-02
      outer loop
         vertex -7.554710e+01 -1.079250e+02 -7.809218e+00
         vertex -7.594964e+01 -1.079250e+02 -1.860230e-14
         vertex -7.594964e+01 -5.366998e+01 -1.860230e-14
      endloop
   endfacet
   facet normal -9.986741e-01 0.000000e+00 -5.147870e-02
      outer loop
         vertex -7.554710e+01 -1.079250e+02 -7.809218e+00
         vertex -7.594964e+01 -5.366998e+01 -1.860230e-14
         vertex -7.554710e+01 -5.366998e+01 -7.809218e+00
      endloop
   endfacet
   facet normal -9.943769e-01 -9.266773e-02 5.125771e-02
      outer loop
         vertex -6.866520e+01 -1.860912e+02 0.000000e+00
         vertex -6.830126e+01 -1.860912e+02 7.060224e+00
         vertex -7.554710e+01 -1.079250e+02 7.809218e+00
      endloop
   endfacet
   facet normal -9.943769e-01 -9.266769e-02 5.125719e-02
      outer loop
         vertex -6.866520e+01 -1.860912e+02 0.000000e+00
         vertex -7.554710e+01 -1.079250e+02 7.809218e+00
         vertex -7.594964e+01 -1.079250e+02 0.000000e+00
      endloop
   endfacet
   facet normal -9.838363e-01 -9.266771e-02 1.532283e-01
      outer loop
         vertex -6.830126e+01 -1.860912e+02 7.060224e+00
         vertex -6.721332e+01 -1.860912e+02 1.404561e+01
         vertex -7.434373e+01 -1.079250e+02 1.553566e+01
      endloop
   endfacet
   facet normal -9.838362e-01 -9.266773e-02 1.532285e-01
      outer loop
         vertex -6.830126e+01 -1.860912e+02 7.060224e+00
         vertex -7.434373e+01 -1.079250e+02 1.553566e+01
         vertex -7.554710e+01 -1.079250e+02 7.809218e+00
      endloop
   endfacet
   facet normal -9.628667e-01 -9.266779e-02 2.535754e-01
      outer loop
         vertex -6.721332e+01 -1.860912e+02 1.404561e+01
         vertex -6.541290e+01 -1.860912e+02 2.088210e+01
         vertex -7.235232e+01 -1.079250e+02 2.309741e+01
      endloop
   endfacet
   facet normal -9.628669e-01 -9.266772e-02 2.535746e-01
      outer loop
         vertex -6.721332e+01 -1.860912e+02 1.404561e+01
         vertex -7.235232e+01 -1.079250e+02 2.309741e+01
         vertex -7.434373e+01 -1.079250e+02 1.553566e+01
      endloop
   endfacet
   facet normal -9.316907e-01 -9.266772e-02 3.512338e-01
      outer loop
         vertex -6.541290e+01 -1.860912e+02 2.088210e+01
         vertex -6.291908e+01 -1.860912e+02 2.749725e+01
         vertex -6.959394e+01 -1.079250e+02 3.041433e+01
      endloop
   endfacet
   facet normal -9.316904e-01 -9.266779e-02 3.512345e-01
      outer loop
         vertex -6.541290e+01 -1.860912e+02 2.088210e+01
         vertex -6.959394e+01 -1.079250e+02 3.041433e+01
         vertex -7.235232e+01 -1.079250e+02 2.309741e+01
      endloop
   endfacet
   facet normal -8.906381e-01 -9.266776e-02 4.451701e-01
      outer loop
         vertex -6.291908e+01 -1.860912e+02 2.749725e+01
         vertex -5.975831e+01 -1.860912e+02 3.382091e+01
         vertex -6.609785e+01 -1.079250e+02 3.740885e+01
      endloop
   endfacet
   facet normal -8.906383e-01 -9.266772e-02 4.451698e-01
      outer loop
         vertex -6.291908e+01 -1.860912e+02 2.749725e+01
         vertex -6.609785e+01 -1.079250e+02 3.740885e+01
         vertex -6.959394e+01 -1.079250e+02 3.041433e+01
      endloop
   endfacet
   facet normal -8.401450e-01 -9.266769e-02 5.343867e-01
      outer loop
         vertex -5.975831e+01 -1.860912e+02 3.382091e+01
         vertex -5.596408e+01 -1.860912e+02 3.978606e+01
         vertex -6.190111e+01 -1.079250e+02 4.400682e+01
      endloop
   endfacet
   facet normal -8.401446e-01 -9.266775e-02 5.343872e-01
      outer loop
         vertex -5.975831e+01 -1.860912e+02 3.382091e+01
         vertex -6.190111e+01 -1.079250e+02 4.400682e+01
         vertex -6.609785e+01 -1.079250e+02 3.740885e+01
      endloop
   endfacet
   facet normal -7.807456e-01 -9.266774e-02 6.179394e-01
      outer loop
         vertex -5.596408e+01 -1.860912e+02 3.978606e+01
         vertex -5.157662e+01 -1.860912e+02 4.532948e+01
         vertex -5.704820e+01 -1.079250e+02 5.013832e+01
      endloop
   endfacet
   facet normal -7.807458e-01 -9.266770e-02 6.179390e-01
      outer loop
         vertex -5.596408e+01 -1.860912e+02 3.978606e+01
         vertex -5.704820e+01 -1.079250e+02 5.013832e+01
         vertex -6.190111e+01 -1.079250e+02 4.400682e+01
      endloop
   endfacet
   facet normal -7.130709e-01 -9.266771e-02 6.949407e-01
      outer loop
         vertex -5.157662e+01 -1.860912e+02 4.532948e+01
         vertex -4.664244e+01 -1.860912e+02 5.039238e+01
         vertex -5.159056e+01 -1.079250e+02 5.573833e+01
      endloop
   endfacet
   facet normal -7.130707e-01 -9.266774e-02 6.949409e-01
      outer loop
         vertex -5.157662e+01 -1.860912e+02 4.532948e+01
         vertex -5.159056e+01 -1.079250e+02 5.573833e+01
         vertex -5.704820e+01 -1.079250e+02 5.013832e+01
      endloop
   endfacet
   facet normal -6.378366e-01 -9.266772e-02 7.645764e-01
      outer loop
         vertex -4.664244e+01 -1.860912e+02 5.039238e+01
         vertex -4.121383e+01 -1.860912e+02 5.492112e+01
         vertex -4.558606e+01 -1.079250e+02 6.074750e+01
      endloop
   endfacet
   facet normal -6.378367e-01 -9.266771e-02 7.645764e-01
      outer loop
         vertex -4.664244e+01 -1.860912e+02 5.039238e+01
         vertex -4.558606e+01 -1.079250e+02 6.074750e+01
         vertex -5.159056e+01 -1.079250e+02 5.573833e+01
      endloop
   endfacet
   facet normal -5.558418e-01 -9.266773e-02 8.261069e-01
      outer loop
         vertex -4.121383e+01 -1.860912e+02 5.492112e+01
         vertex -3.534835e+01 -1.860912e+02 5.886768e+01
         vertex -3.909833e+01 -1.079250e+02 6.511274e+01
      endloop
   endfacet
   facet normal -5.558419e-01 -9.266772e-02 8.261068e-01
      outer loop
         vertex -4.121383e+01 -1.860912e+02 5.492112e+01
         vertex -3.909833e+01 -1.079250e+02 6.511274e+01
         vertex -4.558606e+01 -1.079250e+02 6.074750e+01
      endloop
   endfacet
   facet normal -4.679546e-01 -9.266765e-02 8.788807e-01
      outer loop
         vertex -3.534835e+01 -1.860912e+02 5.886768e+01
         vertex -2.910817e+01 -1.860912e+02 6.219023e+01
         vertex -3.219614e+01 -1.079250e+02 6.878776e+01
      endloop
   endfacet
   facet normal -4.679539e-01 -9.266773e-02 8.788810e-01
      outer loop
         vertex -3.534835e+01 -1.860912e+02 5.886768e+01
         vertex -3.219614e+01 -1.079250e+02 6.878776e+01
         vertex -3.909833e+01 -1.079250e+02 6.511274e+01
      endloop
   endfacet
   facet normal -3.751064e-01 -9.266777e-02 9.223383e-01
      outer loop
         vertex -2.910817e+01 -1.860912e+02 6.219023e+01
         vertex -2.255943e+01 -1.860912e+02 6.485354e+01
         vertex -2.495267e+01 -1.079250e+02 7.173362e+01
      endloop
   endfacet
   facet normal -3.751075e-01 -9.266766e-02 9.223378e-01
      outer loop
         vertex -2.910817e+01 -1.860912e+02 6.219023e+01
         vertex -2.495267e+01 -1.079250e+02 7.173362e+01
         vertex -3.219614e+01 -1.079250e+02 6.878776e+01
      endloop
   endfacet
   facet normal -2.782833e-01 -9.266776e-02 9.560183e-01
      outer loop
         vertex -2.255943e+01 -1.860912e+02 6.485354e+01
         vertex -1.577155e+01 -1.860912e+02 6.682939e+01
         vertex -1.744470e+01 -1.079250e+02 7.391908e+01
      endloop
   endfacet
   facet normal -2.782832e-01 -9.266777e-02 9.560184e-01
      outer loop
         vertex -2.255943e+01 -1.860912e+02 6.485354e+01
         vertex -1.744470e+01 -1.079250e+02 7.391908e+01
         vertex -2.495267e+01 -1.079250e+02 7.173362e+01
      endloop
   endfacet
   facet normal -1.785090e-01 -9.266779e-02 9.795648e-01
      outer loop
         vertex -1.577155e+01 -1.860912e+02 6.682939e+01
         vertex -8.816499e+00 -1.860912e+02 6.809683e+01
         vertex -9.751809e+00 -1.079250e+02 7.532098e+01
      endloop
   endfacet
   facet normal -1.785093e-01 -9.266776e-02 9.795648e-01
      outer loop
         vertex -1.577155e+01 -1.860912e+02 6.682939e+01
         vertex -9.751809e+00 -1.079250e+02 7.532098e+01
         vertex -1.744470e+01 -1.079250e+02 7.391908e+01
      endloop
   endfacet
   facet normal -7.684358e-02 -9.266774e-02 9.927274e-01
      outer loop
         vertex -8.816499e+00 -1.860912e+02 6.809683e+01
         vertex -1.767986e+00 -1.860912e+02 6.864243e+01
         vertex -1.955545e+00 -1.079250e+02 7.592446e+01
      endloop
   endfacet
   facet normal -7.684304e-02 -9.266779e-02 9.927275e-01
      outer loop
         vertex -8.816499e+00 -1.860912e+02 6.809683e+01
         vertex -1.955545e+00 -1.079250e+02 7.592446e+01
         vertex -9.751809e+00 -1.079250e+02 7.532098e+01
      endloop
   endfacet
   facet normal 2.563745e-02 -9.266775e-02 9.953670e-01
      outer loop
         vertex -1.767986e+00 -1.860912e+02 6.864243e+01
         vertex 5.299268e+00 -1.860912e+02 6.846040e+01
         vertex 5.861449e+00 -1.079250e+02 7.572312e+01
      endloop
   endfacet
   facet normal 2.563734e-02 -9.266774e-02 9.953670e-01
      outer loop
         vertex -1.767986e+00 -1.860912e+02 6.864243e+01
         vertex 5.861449e+00 -1.079250e+02 7.572312e+01
         vertex -1.955545e+00 -1.079250e+02 7.592446e+01
      endloop
   endfacet
   facet normal 1.278456e-01 -9.266773e-02 9.874554e-01
      outer loop
         vertex 5.299268e+00 -1.860912e+02 6.846040e+01
         vertex 1.231035e+01 -1.860912e+02 6.755268e+01
         vertex 1.361631e+01 -1.079250e+02 7.471910e+01
      endloop
   endfacet
   facet normal 1.278457e-01 -9.266775e-02 9.874554e-01
      outer loop
         vertex 5.299268e+00 -1.860912e+02 6.846040e+01
         vertex 1.361631e+01 -1.079250e+02 7.471910e+01
         vertex 5.861449e+00 -1.079250e+02 7.572312e+01
      endloop
   endfacet
   facet normal 2.286997e-01 -9.266772e-02 9.690764e-01
      outer loop
         vertex 1.231035e+01 -1.860912e+02 6.755268e+01
         vertex 1.919094e+01 -1.860912e+02 6.592888e+01
         vertex 2.122683e+01 -1.079250e+02 7.292303e+01
      endloop
   endfacet
   facet normal 2.286998e-01 -9.266773e-02 9.690764e-01
      outer loop
         vertex 1.231035e+01 -1.860912e+02 6.755268e+01
         vertex 2.122683e+01 -1.079250e+02 7.292303e+01
         vertex 1.361631e+01 -1.079250e+02 7.471910e+01
      endloop
   endfacet
   facet normal 3.271282e-01 -9.266772e-02 9.404253e-01
      outer loop
         vertex 1.919094e+01 -1.860912e+02 6.592888e+01
         vertex 2.586810e+01 -1.860912e+02 6.360622e+01
         vertex 2.861235e+01 -1.079250e+02 7.035397e+01
      endloop
   endfacet
   facet normal 3.271282e-01 -9.266772e-02 9.404253e-01
      outer loop
         vertex 1.919094e+01 -1.860912e+02 6.592888e+01
         vertex 2.861235e+01 -1.079250e+02 7.035397e+01
         vertex 2.122683e+01 -1.079250e+02 7.292303e+01
      endloop
   endfacet
   facet normal 4.220906e-01 -9.266775e-02 9.018050e-01
      outer loop
         vertex 2.586810e+01 -1.860912e+02 6.360622e+01
         vertex 3.227105e+01 -1.860912e+02 6.060931e+01
         vertex 3.569456e+01 -1.079250e+02 6.703914e+01
      endloop
   endfacet
   facet normal 4.220903e-01 -9.266772e-02 9.018051e-01
      outer loop
         vertex 2.586810e+01 -1.860912e+02 6.360622e+01
         vertex 3.569456e+01 -1.079250e+02 6.703914e+01
         vertex 2.861235e+01 -1.079250e+02 7.035397e+01
      endloop
   endfacet
   facet normal 5.125776e-01 -9.266774e-02 8.536258e-01
      outer loop
         vertex 3.227105e+01 -1.860912e+02 6.060931e+01
         vertex 3.833192e+01 -1.860912e+02 5.696994e+01
         vertex 4.239841e+01 -1.079250e+02 6.301367e+01
      endloop
   endfacet
   facet normal 5.125777e-01 -9.266775e-02 8.536257e-01
      outer loop
         vertex 3.227105e+01 -1.860912e+02 6.060931e+01
         vertex 4.239841e+01 -1.079250e+02 6.301367e+01
         vertex 3.569456e+01 -1.079250e+02 6.703914e+01
      endloop
   endfacet
   facet normal 5.976314e-01 -9.266769e-02 7.963978e-01
      outer loop
         vertex 3.833192e+01 -1.860912e+02 5.696994e+01
         vertex 4.398646e+01 -1.860912e+02 5.272667e+01
         vertex 4.865282e+01 -1.079250e+02 5.832024e+01
      endloop
   endfacet
   facet normal 5.976318e-01 -9.266773e-02 7.963975e-01
      outer loop
         vertex 3.833192e+01 -1.860912e+02 5.696994e+01
         vertex 4.865282e+01 -1.079250e+02 5.832024e+01
         vertex 4.239841e+01 -1.079250e+02 6.301367e+01
      endloop
   endfacet
   facet normal 6.763507e-01 -9.266773e-02 7.307273e-01
      outer loop
         vertex 4.398646e+01 -1.860912e+02 5.272667e+01
         vertex 4.917473e+01 -1.860912e+02 4.792447e+01
         vertex 5.439150e+01 -1.079250e+02 5.300861e+01
      endloop
   endfacet
   facet normal 6.763505e-01 -9.266769e-02 7.307275e-01
      outer loop
         vertex 4.398646e+01 -1.860912e+02 5.272667e+01
         vertex 5.439150e+01 -1.079250e+02 5.300861e+01
         vertex 4.865282e+01 -1.079250e+02 5.832024e+01
      endloop
   endfacet
   facet normal 7.478997e-01 -9.266769e-02 6.573117e-01
      outer loop
         vertex 4.917473e+01 -1.860912e+02 4.792447e+01
         vertex 5.384174e+01 -1.860912e+02 4.261427e+01
         vertex 5.955362e+01 -1.079250e+02 4.713507e+01
      endloop
   endfacet
   facet normal 7.479000e-01 -9.266773e-02 6.573114e-01
      outer loop
         vertex 4.917473e+01 -1.860912e+02 4.792447e+01
         vertex 5.955362e+01 -1.079250e+02 4.713507e+01
         vertex 5.439150e+01 -1.079250e+02 5.300861e+01
      endloop
   endfacet
   facet normal 8.115214e-01 -9.266772e-02 5.769278e-01
      outer loop
         vertex 5.384174e+01 -1.860912e+02 4.261427e+01
         vertex 5.793801e+01 -1.860912e+02 3.685235e+01
         vertex 6.408445e+01 -1.079250e+02 4.076188e+01
      endloop
   endfacet
   facet normal 8.115213e-01 -9.266769e-02 5.769280e-01
      outer loop
         vertex 5.384174e+01 -1.860912e+02 4.261427e+01
         vertex 6.408445e+01 -1.079250e+02 4.076188e+01
         vertex 5.955362e+01 -1.079250e+02 4.713507e+01
      endloop
   endfacet
   facet normal 8.665406e-01 -9.266775e-02 4.904285e-01
      outer loop
         vertex 5.793801e+01 -1.860912e+02 3.685235e+01
         vertex 6.142013e+01 -1.860912e+02 3.069978e+01
         vertex 6.793597e+01 -1.079250e+02 3.395661e+01
      endloop
   endfacet
   facet normal 8.665404e-01 -9.266772e-02 4.904289e-01
      outer loop
         vertex 5.793801e+01 -1.860912e+02 3.685235e+01
         vertex 6.793597e+01 -1.079250e+02 3.395661e+01
         vertex 6.408445e+01 -1.079250e+02 4.076188e+01
      endloop
   endfacet
   facet normal 9.123739e-01 -9.266765e-02 3.987312e-01
      outer loop
         vertex 6.142013e+01 -1.860912e+02 3.069978e+01
         vertex 6.425118e+01 -1.860912e+02 2.422179e+01
         vertex 7.106735e+01 -1.079250e+02 2.679139e+01
      endloop
   endfacet
   facet normal 9.123743e-01 -9.266775e-02 3.987302e-01
      outer loop
         vertex 6.142013e+01 -1.860912e+02 3.069978e+01
         vertex 7.106735e+01 -1.079250e+02 2.679139e+01
         vertex 6.793597e+01 -1.079250e+02 3.395661e+01
      endloop
   endfacet
   facet normal 9.485362e-01 -9.266764e-02 3.028064e-01
      outer loop
         vertex 6.425118e+01 -1.860912e+02 2.422179e+01
         vertex 6.640115e+01 -1.860912e+02 1.748704e+01
         vertex 7.344540e+01 -1.079250e+02 1.934218e+01
      endloop
   endfacet
   facet normal 9.485363e-01 -9.266766e-02 3.028063e-01
      outer loop
         vertex 6.425118e+01 -1.860912e+02 2.422179e+01
         vertex 7.344540e+01 -1.079250e+02 1.934218e+01
         vertex 7.106735e+01 -1.079250e+02 2.679139e+01
      endloop
   endfacet
   facet normal 9.746438e-01 -9.266774e-02 2.036715e-01
      outer loop
         vertex 6.640115e+01 -1.860912e+02 1.748704e+01
         vertex 6.784725e+01 -1.860912e+02 1.056693e+01
         vertex 7.504492e+01 -1.079250e+02 1.168793e+01
      endloop
   endfacet
   facet normal 9.746436e-01 -9.266764e-02 2.036725e-01
      outer loop
         vertex 6.640115e+01 -1.860912e+02 1.748704e+01
         vertex 7.504492e+01 -1.079250e+02 1.168793e+01
         vertex 7.344540e+01 -1.079250e+02 1.934218e+01
      endloop
   endfacet
   facet normal 9.904197e-01 -9.266768e-02 1.023789e-01
      outer loop
         vertex 6.784725e+01 -1.860912e+02 1.056693e+01
         vertex 6.857416e+01 -1.860912e+02 3.534799e+00
         vertex 7.584894e+01 -1.079250e+02 3.909793e+00
      endloop
   endfacet
   facet normal 9.904198e-01 -9.266773e-02 1.023784e-01
      outer loop
         vertex 6.784725e+01 -1.860912e+02 1.056693e+01
         vertex 7.584894e+01 -1.079250e+02 3.909793e+00
         vertex 7.504492e+01 -1.079250e+02 1.168793e+01
      endloop
   endfacet
   facet normal 9.956971e-01 -9.266768e-02 0.000000e+00
      outer loop
         vertex 6.857416e+01 -1.860912e+02 3.534799e+00
         vertex 6.857416e+01 -1.860912e+02 -3.534799e+00
         vertex 7.584894e+01 -1.079250e+02 -3.909793e+00
      endloop
   endfacet
   facet normal 9.956971e-01 -9.266768e-02 0.000000e+00
      outer loop
         vertex 6.857416e+01 -1.860912e+02 3.534799e+00
         vertex 7.584894e+01 -1.079250e+02 -3.909793e+00
         vertex 7.584894e+01 -1.079250e+02 3.909793e+00
      endloop
   endfacet
   facet normal 9.904197e-01 -9.266774e-02 -1.023789e-01
      outer loop
         vertex 6.857416e+01 -1.860912e+02 -3.534799e+00
         vertex 6.784725e+01 -1.860912e+02 -1.056693e+01
         vertex 7.504492e+01 -1.079250e+02 -1.168793e+01
      endloop
   endfacet
   facet normal 9.904198e-01 -9.266768e-02 -1.023784e-01
      outer loop
         vertex 6.857416e+01 -1.860912e+02 -3.534799e+00
         vertex 7.504492e+01 -1.079250e+02 -1.168793e+01
         vertex 7.584894e+01 -1.079250e+02 -3.909793e+00
      endloop
   endfacet
   facet normal 9.746438e-01 -9.266763e-02 -2.036715e-01
      outer loop
         vertex 6.784725e+01 -1.860912e+02 -1.056693e+01
         vertex 6.640115e+01 -1.860912e+02 -1.748704e+01
         vertex 7.344540e+01 -1.079250e+02 -1.934218e+01
      endloop
   endfacet
   facet normal 9.746436e-01 -9.266773e-02 -2.036725e-01
      outer loop
         vertex 6.784725e+01 -1.860912e+02 -1.056693e+01
         vertex 7.344540e+01 -1.079250e+02 -1.934218e+01
         vertex 7.504492e+01 -1.079250e+02 -1.168793e+01
      endloop
   endfacet
   facet normal 9.485362e-01 -9.266766e-02 -3.028064e-01
      outer loop
         vertex 6.640115e+01 -1.860912e+02 -1.748704e+01
         vertex 6.425118e+01 -1.860912e+02 -2.422179e+01
         vertex 7.106735e+01 -1.079250e+02 -2.679139e+01
      endloop
   endfacet
   facet normal 9.485363e-01 -9.266764e-02 -3.028063e-01
      outer loop
         vertex 6.640115e+01 -1.860912e+02 -1.748704e+01
         vertex 7.106735e+01 -1.079250e+02 -2.679139e+01
         vertex 7.344540e+01 -1.079250e+02 -1.934218e+01
      endloop
   endfacet
   facet normal 9.123739e-01 -9.266776e-02 -3.987312e-01
      outer loop
         vertex 6.425118e+01 -1.860912e+02 -2.422179e+01
         vertex 6.142013e+01 -1.860912e+02 -3.069978e+01
         vertex 6.793597e+01 -1.079250e+02 -3.395661e+01
      endloop
   endfacet
   facet normal 9.123743e-01 -9.266766e-02 -3.987302e-01
      outer loop
         vertex 6.425118e+01 -1.860912e+02 -2.422179e+01
         vertex 6.793597e+01 -1.079250e+02 -3.395661e+01
         vertex 7.106735e+01 -1.079250e+02 -2.679139e+01
      endloop
   endfacet
   facet normal 8.665406e-01 -9.266772e-02 -4.904285e-01
      outer loop
         vertex 6.142013e+01 -1.860912e+02 -3.069978e+01
         vertex 5.793801e+01 -1.860912e+02 -3.685235e+01
         vertex 6.408445e+01 -1.079250e+02 -4.076188e+01
      endloop
   endfacet
   facet normal 8.665404e-01 -9.266775e-02 -4.904289e-01
      outer loop
         vertex 6.142013e+01 -1.860912e+02 -3.069978e+01
         vertex 6.408445e+01 -1.079250e+02 -4.076188e+01
         vertex 6.793597e+01 -1.079250e+02 -3.395661e+01
      endloop
   endfacet
   facet normal 8.115214e-01 -9.266769e-02 -5.769278e-01
      outer loop
         vertex 5.793801e+01 -1.860912e+02 -3.685235e+01
         vertex 5.384174e+01 -1.860912e+02 -4.261427e+01
         vertex 5.955362e+01 -1.079250e+02 -4.713507e+01
      endloop
   endfacet
   facet normal 8.115213e-01 -9.266772e-02 -5.769280e-01
      outer loop
         vertex 5.793801e+01 -1.860912e+02 -3.685235e+01
         vertex 5.955362e+01 -1.079250e+02 -4.713507e+01
         vertex 6.408445e+01 -1.079250e+02 -4.076188e+01
      endloop
   endfacet
   facet normal 7.478997e-01 -9.266773e-02 -6.573117e-01
      outer loop
         vertex 5.384174e+01 -1.860912e+02 -4.261427e+01
         vertex 4.917473e+01 -1.860912e+02 -4.792447e+01
         vertex 5.439150e+01 -1.079250e+02 -5.300861e+01
      endloop
   endfacet
   facet normal 7.479000e-01 -9.266769e-02 -6.573114e-01
      outer loop
         vertex 5.384174e+01 -1.860912e+02 -4.261427e+01
         vertex 5.439150e+01 -1.079250e+02 -5.300861e+01
         vertex 5.955362e+01 -1.079250e+02 -4.713507e+01
      endloop
   endfacet
   facet normal 6.763507e-01 -9.266769e-02 -7.307273e-01
      outer loop
         vertex 4.917473e+01 -1.860912e+02 -4.792447e+01
         vertex 4.398646e+01 -1.860912e+02 -5.272667e+01
         vertex 4.865282e+01 -1.079250e+02 -5.832024e+01
      endloop
   endfacet
   facet normal 6.763505e-01 -9.266773e-02 -7.307275e-01
      outer loop
         vertex 4.917473e+01 -1.860912e+02 -4.792447e+01
         vertex 4.865282e+01 -1.079250e+02 -5.832024e+01
         vertex 5.439150e+01 -1.079250e+02 -5.300861e+01
      endloop
   endfacet
   facet normal 5.976314e-01 -9.266774e-02 -7.963978e-01
      outer loop
         vertex 4.398646e+01 -1.860912e+02 -5.272667e+01
         vertex 3.833192e+01 -1.860912e+02 -5.696994e+01
         vertex 4.239841e+01 -1.079250e+02 -6.301367e+01
      endloop
   endfacet
   facet normal 5.976318e-01 -9.266769e-02 -7.963975e-01
      outer loop
         vertex 4.398646e+01 -1.860912e+02 -5.272667e+01
         vertex 4.239841e+01 -1.079250e+02 -6.301367e+01
         vertex 4.865282e+01 -1.079250e+02 -5.832024e+01
      endloop
   endfacet
   facet normal 5.125776e-01 -9.266775e-02 -8.536258e-01
      outer loop
         vertex 3.833192e+01 -1.860912e+02 -5.696994e+01
         vertex 3.227105e+01 -1.860912e+02 -6.060931e+01
         vertex 3.569456e+01 -1.079250e+02 -6.703914e+01
      endloop
   endfacet
   facet normal 5.125777e-01 -9.266774e-02 -8.536257e-01
      outer loop
         vertex 3.833192e+01 -1.860912e+02 -5.696994e+01
         vertex 3.569456e+01 -1.079250e+02 -6.703914e+01
         vertex 4.239841e+01 -1.079250e+02 -6.301367e+01
      endloop
   endfacet
   facet normal 4.220906e-01 -9.266772e-02 -9.018050e-01
      outer loop
         vertex 3.227105e+01 -1.860912e+02 -6.060931e+01
         vertex 2.586810e+01 -1.860912e+02 -6.360622e+01
         vertex 2.861235e+01 -1.079250e+02 -7.035397e+01
      endloop
   endfacet
   facet normal 4.220903e-01 -9.266775e-02 -9.018051e-01
      outer loop
         vertex 3.227105e+01 -1.860912e+02 -6.060931e+01
         vertex 2.861235e+01 -1.079250e+02 -7.035397e+01
         vertex 3.569456e+01 -1.079250e+02 -6.703914e+01
      endloop
   endfacet
   facet normal 3.271282e-01 -9.266772e-02 -9.404253e-01
      outer loop
         vertex 2.586810e+01 -1.860912e+02 -6.360622e+01
         vertex 1.919094e+01 -1.860912e+02 -6.592888e+01
         vertex 2.122683e+01 -1.079250e+02 -7.292303e+01
      endloop
   endfacet
   facet normal 3.271282e-01 -9.266772e-02 -9.404253e-01
      outer loop
         vertex 2.586810e+01 -1.860912e+02 -6.360622e+01
         vertex 2.122683e+01 -1.079250e+02 -7.292303e+01
         vertex 2.861235e+01 -1.079250e+02 -7.035397e+01
      endloop
   endfacet
   facet normal 2.286997e-01 -9.266773e-02 -9.690764e-01
      outer loop
         vertex 1.919094e+01 -1.860912e+02 -6.592888e+01
         vertex 1.231035e+01 -1.860912e+02 -6.755268e+01
         vertex 1.361631e+01 -1.079250e+02 -7.471910e+01
      endloop
   endfacet
   facet normal 2.286998e-01 -9.266772e-02 -9.690764e-01
      outer loop
         vertex 1.919094e+01 -1.860912e+02 -6.592888e+01
         vertex 1.361631e+01 -1.079250e+02 -7.471910e+01
         vertex 2.122683e+01 -1.079250e+02 -7.292303e+01
      endloop
   endfacet
   facet normal 1.278456e-01 -9.266775e-02 -9.874554e-01
      outer loop
         vertex 1.231035e+01 -1.860912e+02 -6.755268e+01
         vertex 5.299268e+00 -1.860912e+02 -6.846040e+01
         vertex 5.861449e+00 -1.079250e+02 -7.572312e+01
      endloop
   endfacet
   facet normal 1.278457e-01 -9.266773e-02 -9.874554e-01
      outer loop
         vertex 1.231035e+01 -1.860912e+02 -6.755268e+01
         vertex 5.861449e+00 -1.079250e+02 -7.572312e+01
         vertex 1.361631e+01 -1.079250e+02 -7.471910e+01
      endloop
   endfacet
   facet normal 2.563745e-02 -9.266774e-02 -9.953670e-01
      outer loop
         vertex 5.299268e+00 -1.860912e+02 -6.846040e+01
         vertex -1.767986e+00 -1.860912e+02 -6.864243e+01
         vertex -1.955545e+00 -1.079250e+02 -7.592446e+01
      endloop
   endfacet
   facet normal 2.563734e-02 -9.266775e-02 -9.953670e-01
      outer loop
         vertex 5.299268e+00 -1.860912e+02 -6.846040e+01
         vertex -1.955545e+00 -1.079250e+02 -7.592446e+01
         vertex 5.861449e+00 -1.079250e+02 -7.572312e+01
      endloop
   endfacet
   facet normal -7.684358e-02 -9.266779e-02 -9.927274e-01
      outer loop
         vertex -1.767986e+00 -1.860912e+02 -6.864243e+01
         vertex -8.816499e+00 -1.860912e+02 -6.809683e+01
         vertex -9.751809e+00 -1.079250e+02 -7.532098e+01
      endloop
   endfacet
   facet normal -7.684304e-02 -9.266774e-02 -9.927275e-01
      outer loop
         vertex -1.767986e+00 -1.860912e+02 -6.864243e+01
         vertex -9.751809e+00 -1.079250e+02 -7.532098e+01
         vertex -1.955545e+00 -1.079250e+02 -7.592446e+01
      endloop
   endfacet
   facet normal -1.785090e-01 -9.266776e-02 -9.795648e-01
      outer loop
         vertex -8.816499e+00 -1.860912e+02 -6.809683e+01
         vertex -1.577155e+01 -1.860912e+02 -6.682939e+01
         vertex -1.744470e+01 -1.079250e+02 -7.391908e+01
      endloop
   endfacet
   facet normal -1.785093e-01 -9.266779e-02 -9.795648e-01
      outer loop
         vertex -8.816499e+00 -1.860912e+02 -6.809683e+01
         vertex -1.744470e+01 -1.079250e+02 -7.391908e+01
         vertex -9.751809e+00 -1.079250e+02 -7.532098e+01
      endloop
   endfacet
   facet normal -2.782833e-01 -9.266777e-02 -9.560183e-01
      outer loop
         vertex -1.577155e+01 -1.860912e+02 -6.682939e+01
         vertex -2.255943e+01 -1.860912e+02 -6.485354e+01
         vertex -2.495267e+01 -1.079250e+02 -7.173362e+01
      endloop
   endfacet
   facet normal -2.782832e-01 -9.266776e-02 -9.560184e-01
      outer loop
         vertex -1.577155e+01 -1.860912e+02 -6.682939e+01
         vertex -2.495267e+01 -1.079250e+02 -7.173362e+01
         vertex -1.744470e+01 -1.079250e+02 -7.391908e+01
      endloop
   endfacet
   facet normal -3.751064e-01 -9.266765e-02 -9.223383e-01
      outer loop
         vertex -2.255943e+01 -1.860912e+02 -6.485354e+01
         vertex -2.910817e+01 -1.860912e+02 -6.219023e+01
         vertex -3.219614e+01 -1.079250e+02 -6.878776e+01
      endloop
   endfacet
   facet normal -3.751075e-01 -9.266777e-02 -9.223378e-01
      outer loop
         vertex -2.255943e+01 -1.860912e+02 -6.485354e+01
         vertex -3.219614e+01 -1.079250e+02 -6.878776e+01
         vertex -2.495267e+01 -1.079250e+02 -7.173362e+01
      endloop
   endfacet
   facet normal -4.679546e-01 -9.266773e-02 -8.788807e-01
      outer loop
         vertex -2.910817e+01 -1.860912e+02 -6.219023e+01
         vertex -3.534835e+01 -1.860912e+02 -5.886768e+01
         vertex -3.909833e+01 -1.079250e+02 -6.511274e+01
      endloop
   endfacet
   facet normal -4.679539e-01 -9.266766e-02 -8.788810e-01
      outer loop
         vertex -2.910817e+01 -1.860912e+02 -6.219023e+01
         vertex -3.909833e+01 -1.079250e+02 -6.511274e+01
         vertex -3.219614e+01 -1.079250e+02 -6.878776e+01
      endloop
   endfacet
   facet normal -5.558418e-01 -9.266772e-02 -8.261069e-01
      outer loop
         vertex -3.534835e+01 -1.860912e+02 -5.886768e+01
         vertex -4.121383e+01 -1.860912e+02 -5.492112e+01
         vertex -4.558606e+01 -1.079250e+02 -6.074750e+01
      endloop
   endfacet
   facet normal -5.558419e-01 -9.266773e-02 -8.261068e-01
      outer loop
         vertex -3.534835e+01 -1.860912e+02 -5.886768e+01
         vertex -4.558606e+01 -1.079250e+02 -6.074750e+01
         vertex -3.909833e+01 -1.079250e+02 -6.511274e+01
      endloop
   endfacet
   facet normal -6.378366e-01 -9.266771e-02 -7.645764e-01
      outer loop
         vertex -4.121383e+01 -1.860912e+02 -5.492112e+01
         vertex -4.664244e+01 -1.860912e+02 -5.039238e+01
         vertex -5.159056e+01 -1.079250e+02 -5.573833e+01
      endloop
   endfacet
   facet normal -6.378367e-01 -9.266772e-02 -7.645764e-01
      outer loop
         vertex -4.121383e+01 -1.860912e+02 -5.492112e+01
         vertex -5.159056e+01 -1.079250e+02 -5.573833e+01
         vertex -4.558606e+01 -1.079250e+02 -6.074750e+01
      endloop
   endfacet
   facet normal -7.130709e-01 -9.266774e-02 -6.949407e-01
      outer loop
         vertex -4.664244e+01 -1.860912e+02 -5.039238e+01
         vertex -5.157662e+01 -1.860912e+02 -4.532948e+01
         vertex -5.704820e+01 -1.079250e+02 -5.013832e+01
      endloop
   endfacet
   facet normal -7.130707e-01 -9.266771e-02 -6.949409e-01
      outer loop
         vertex -4.664244e+01 -1.860912e+02 -5.039238e+01
         vertex -5.704820e+01 -1.079250e+02 -5.013832e+01
         vertex -5.159056e+01 -1.079250e+02 -5.573833e+01
      endloop
   endfacet
   facet normal -7.807456e-01 -9.266769e-02 -6.179394e-01
      outer loop
         vertex -5.157662e+01 -1.860912e+02 -4.532948e+01
         vertex -5.596408e+01 -1.860912e+02 -3.978606e+01
         vertex -6.190111e+01 -1.079250e+02 -4.400682e+01
      endloop
   endfacet
   facet normal -7.807458e-01 -9.266773e-02 -6.179390e-01
      outer loop
         vertex -5.157662e+01 -1.860912e+02 -4.532948e+01
         vertex -6.190111e+01 -1.079250e+02 -4.400682e+01
         vertex -5.704820e+01 -1.079250e+02 -5.013832e+01
      endloop
   endfacet
   facet normal -8.401450e-01 -9.266775e-02 -5.343867e-01
      outer loop
         vertex -5.596408e+01 -1.860912e+02 -3.978606e+01
         vertex -5.975831e+01 -1.860912e+02 -3.382091e+01
         vertex -6.609785e+01 -1.079250e+02 -3.740885e+01
      endloop
   endfacet
   facet normal -8.401446e-01 -9.266769e-02 -5.343872e-01
      outer loop
         vertex -5.596408e+01 -1.860912e+02 -3.978606e+01
         vertex -6.609785e+01 -1.079250e+02 -3.740885e+01
         vertex -6.190111e+01 -1.079250e+02 -4.400682e+01
      endloop
   endfacet
   facet normal -8.906381e-01 -9.266772e-02 -4.451701e-01
      outer loop
         vertex -5.975831e+01 -1.860912e+02 -3.382091e+01
         vertex -6.291908e+01 -1.860912e+02 -2.749725e+01
         vertex -6.959394e+01 -1.079250e+02 -3.041433e+01
      endloop
   endfacet
   facet normal -8.906383e-01 -9.266776e-02 -4.451698e-01
      outer loop
         vertex -5.975831e+01 -1.860912e+02 -3.382091e+01
         vertex -6.959394e+01 -1.079250e+02 -3.041433e+01
         vertex -6.609785e+01 -1.079250e+02 -3.740885e+01
      endloop
   endfacet
   facet normal -9.316907e-01 -9.266779e-02 -3.512338e-01
      outer loop
         vertex -6.291908e+01 -1.860912e+02 -2.749725e+01
         vertex -6.541290e+01 -1.860912e+02 -2.088210e+01
         vertex -7.235232e+01 -1.079250e+02 -2.309741e+01
      endloop
   endfacet
   facet normal -9.316904e-01 -9.266773e-02 -3.512345e-01
      outer loop
         vertex -6.291908e+01 -1.860912e+02 -2.749725e+01
         vertex -7.235232e+01 -1.079250e+02 -2.309741e+01
         vertex -6.959394e+01 -1.079250e+02 -3.041433e+01
      endloop
   endfacet
   facet normal -9.628667e-01 -9.266771e-02 -2.535754e-01
      outer loop
         vertex -6.541290e+01 -1.860912e+02 -2.088210e+01
         vertex -6.721332e+01 -1.860912e+02 -1.404561e+01
         vertex -7.434373e+01 -1.079250e+02 -1.553566e+01
      endloop
   endfacet
   facet normal -9.628669e-01 -9.266779e-02 -2.535746e-01
      outer loop
         vertex -6.541290e+01 -1.860912e+02 -2.088210e+01
         vertex -7.434373e+01 -1.079250e+02 -1.553566e+01
         vertex -7.235232e+01 -1.079250e+02 -2.309741e+01
      endloop
   endfacet
   facet normal -9.838363e-01 -9.266773e-02 -1.532283e-01
      outer loop
         vertex -6.721332e+01 -1.860912e+02 -1.404561e+01
         vertex -6.830126e+01 -1.860912e+02 -7.060224e+00
         vertex -7.554710e+01 -1.079250e+02 -7.809218e+00
      endloop
   endfacet
   facet normal -9.838362e-01 -9.266771e-02 -1.532285e-01
      outer loop
         vertex -6.721332e+01 -1.860912e+02 -1.404561e+01
         vertex -7.554710e+01 -1.079250e+02 -7.809218e+00
         vertex -7.434373e+01 -1.079250e+02 -1.553566e+01
      endloop
   endfacet
   facet normal -9.943769e-01 -9.266768e-02 -5.125771e-02
      outer loop
         vertex -6.830126e+01 -1.860912e+02 -7.060224e+00
         vertex -6.866520e+01 -1.860912e+02 -1.681812e-14
         vertex -7.594964e+01 -1.079250e+02 -1.860230e-14
      endloop
   endfacet
   facet normal -9.943769e-01 -9.266773e-02 -5.125719e-02
      outer loop
         vertex -6.830126e+01 -1.860912e+02 -7.060224e+00
         vertex -7.594964e+01 -1.079250e+02 -1.860230e-14
         vertex -7.554710e+01 -1.079250e+02 -7.809218e+00
      endloop
   endfacet
   facet normal 0.000000e+00 -1.000000e+00 0.000000e+00
      outer loop
         vertex -6.830126e+01 -1.860912e+02 7.060224e+00
         vertex -6.866520e+01 -1.860912e+02 0.000000e+00
         vertex -6.721332e+01 -1.860912e+02 1.404561e+01
      endloop
   endfacet
   facet normal 0.000000e+00 -1.000000e+00 0.000000e+00
      outer loop
         vertex -6.866520e+01 -1.860912e+02 0.000000e+00
         vertex -6.830126e+01 -1.860912e+02 -7.060224e+00
         vertex -6.721332e+01 -1.860912e+02 1.404561e+01
      endloop
   endfacet
   facet normal 0.000000e+00 -1.000000e+00 0.000000e+00
      outer loop
         vertex -6.721332e+01 -1.860912e+02 1.404561e+01
         vertex -6.830126e+01 -1.860912e+02 -7.060224e+00
         vertex -6.541290e+01 -1.860912e+02 2.088210e+01
      endloop
   endfacet
   facet normal 0.000000e+00 -1.000000e+00 0.000000e+00
      outer loop
         vertex -6.830126e+01 -1.860912e+02 -7.060224e+00
         vertex -6.721332e+01 -1.860912e+02 -1.404561e+01
         vertex -6.541290e+01 -1.860912e+02 2.088210e+01
      endloop
   endfacet
   facet normal 0.000000e+00 -1.000000e+00 0.000000e+00
      outer loop
         vertex -6.541290e+01 -1.860912e+02 2.088210e+01
         vertex -6.721332e+01 -1.860912e+02 -1.404561e+01
         vertex -6.291908e+01 -1.860912e+02 2.749725e+01
      endloop
   endfacet
   facet normal 0.000000e+00 -1.000000e+00 0.000000e+00
      outer loop
         vertex -6.721332e+01 -1.860912e+02 -1.404561e+01
         vertex -6.541290e+01 -1.860912e+02 -2.088210e+01
         vertex -6.291908e+01 -1.860912e+02 2.749725e+01
      endloop
   endfacet
   facet normal 0.000000e+00 -1.000000e+00 0.000000e+00
      outer loop
         vertex -6.291908e+01 -1.860912e+02 2.749725e+01
         vertex -6.541290e+01 -1.860912e+02 -2.088210e+01
         vertex -5.975831e+01 -1.860912e+02 3.382091e+01
      endloop
   endfacet
   facet normal 0.000000e+00 -1.000000e+00 0.000000e+00
      outer loop
         vertex -6.541290e+01 -1.860912e+02 -2.088210e+01
         vertex -6.291908e+01 -1.860912e+02 -2.749725e+01
         vertex -5.975831e+01 -1.860912e+02 3.382091e+01
      endloop
   endfacet
   facet normal 0.000000e+00 -1.000000e+00 0.000000e+00
      outer loop
         vertex -5.975831e+01 -1.860912e+02 3.382091e+01
         vertex -6.291908e+01 -1.860912e+02 -2.749725e+01
         vertex -5.596408e+01 -1.860912e+02 3.978606e+01
      endloop
   endfacet
   facet normal 0.000000e+00 -1.000000e+00 0.000000e+00
      outer loop
         vertex -6.291908e+01 -1.860912e+02 -2.749725e+01
         vertex -5.975831e+01 -1.860912e+02 -3.382091e+01
         vertex -5.596408e+01 -1.860912e+02 3.978606e+01
      endloop
   endfacet
   facet normal 0.000000e+00 -1.000000e+00 0.000000e+00
      outer loop
         vertex -5.596408e+01 -1.860912e+02 3.978606e+01
         vertex -5.975831e+01 -1.860912e+02 -3.382091e+01
         vertex -5.157662e+01 -1.860912e+02 4.532948e+01
      endloop
   endfacet
   facet normal 0.000000e+00 -1.000000e+00 0.000000e+00
      outer loop
         vertex -5.975831e+01 -1.860912e+02 -3.382091e+01
         vertex -5.596408e+01 -1.860912e+02 -3.978606e+01
         vertex -5.157662e+01 -1.860912e+02 4.532948e+01
      endloop
   endfacet
   facet normal 0.000000e+00 -1.000000e+00 0.000000e+00
      outer loop
         vertex -5.157662e+01 -1.860912e+02 4.532948e+01
         vertex -5.596408e+01 -1.860912e+02 -3.978606e+01
         vertex -4.664244e+01 -1.860912e+02 5.039238e+01
      endloop
   endfacet
   facet normal 0.000000e+00 -1.000000e+00 0.000000e+00
      outer loop
         vertex -5.596408e+01 -1.860912e+02 -3.978606e+01
         vertex -5.157662e+01 -1.860912e+02 -4.532948e+01
         vertex -4.664244e+01 -1.860912e+02 5.039238e+01
      endloop
   endfacet
   facet normal 0.000000e+00 -1.000000e+00 0.000000e+00
      outer loop
         vertex -4.664244e+01 -1.860912e+02 5.039238e+01
         vertex -5.157662e+01 -1.860912e+02 -4.532948e+01
         vertex -4.121383e+01 -1.860912e+02 5.492112e+01
      endloop
   endfacet
   facet normal 0.000000e+00 -1.000000e+00 0.000000e+00
      outer loop
         vertex -5.157662e+01 -1.860912e+02 -4.532948e+01
         vertex -4.664244e+01 -1.860912e+02 -5.039238e+01
         vertex -4.121383e+01 -1.860912e+02 5.492112e+01
      endloop
   endfacet
   facet normal 0.000000e+00 -1.000000e+00 0.000000e+00
      outer loop
         vertex -4.121383e+01 -1.860912e+02 5.492112e+01
         vertex -4.664244e+01 -1.860912e+02 -5.039238e+01
         vertex -3.534835e+01 -1.860912e+02 5.886768e+01
      endloop
   endfacet
   facet normal 0.000000e+00 -1.000000e+00 0.000000e+00
      outer loop
         vertex -4.664244e+01 -1.860912e+02 -5.039238e+01
         vertex -4.121383e+01 -1.860912e+02 -5.492112e+01
         vertex -3.534835e+01 -1.860912e+02 5.886768e+01
      endloop
   endfacet
   facet normal 0.000000e+00 -1.000000e+00 0.000000e+00
      outer loop
         vertex -3.534835e+01 -1.860912e+02 5.886768e+01
         vertex -4.121383e+01 -1.860912e+02 -5.492112e+01
         vertex -2.910817e+01 -1.860912e+02 6.219023e+01
      endloop
   endfacet
   facet normal 0.000000e+00 -1.000000e+00 0.000000e+00
      outer loop
         vertex -4.121383e+01 -1.860912e+02 -5.492112e+01
         vertex -3.534835e+01 -1.860912e+02 -5.886768e+01
         vertex -2.910817e+01 -1.860912e+02 6.219023e+01
      endloop
   endfacet
   facet normal 0.000000e+00 -1.000000e+00 0.000000e+00
      outer loop
         vertex -2.910817e+01 -1.860912e+02 6.219023e+01
         vertex -3.534835e+01 -1.860912e+02 -5.886768e+01
         vertex -2.255943e+01 -1.860912e+02 6.485354e+01
      endloop
   endfacet
   facet normal 0.000000e+00 -1.000000e+00 0.000000e+00
      outer loop
         vertex -3.534835e+01 -1.860912e+02 -5.886768e+01
         vertex -2.910817e+01 -1.860912e+02 -6.219023e+01
         vertex -2.255943e+01 -1.860912e+02 6.485354e+01
      endloop
   endfacet
   facet normal 0.000000e+00 -1.000000e+00 0.000000e+00
      outer loop
         vertex -2.255943e+01 -1.860912e+02 6.485354e+01
         vertex -2.910817e+01 -1.860912e+02 -6.219023e+01
         vertex -1.577155e+01 -1.860912e+02 6.682939e+01
      endloop
   endfacet
   facet normal 0.000000e+00 -1.000000e+00 0.000000e+00
      outer loop
         vertex -2.910817e+01 -1.860912e+02 -6.219023e+01
         vertex -2.255943e+01 -1.860912e+02 -6.485354e+01
         vertex -1.577155e+01 -1.860912e+02 6.682939e+01
      endloop
   endfacet
   facet normal 0.000000e+00 -1.000000e+00 0.000000e+00
      outer loop
         vertex -1.577155e+01 -1.860912e+02 6.682939e+01
         vertex -2.255943e+01 -1.860912e+02 -6.485354e+01
         vertex -8.816499e+00 -1.860912e+02 6.809683e+01
      endloop
   endfacet
   facet normal 0.000000e+00 -1.000000e+00 0.000000e+00
      outer loop
         vertex -2.255943e+01 -1.860912e+02 -6.485354e+01
         vertex -1.577155e+01 -1.860912e+02 -6.682939e+01
         vertex -8.816499e+00 -1.860912e+02 6.809683e+01
      endloop
   endfacet
   facet normal 0.000000e+00 -1.000000e+00 0.000000e+00
      outer loop
         vertex -8.816499e+00 -1.860912e+02 6.809683e+01
         vertex -1.577155e+01 -1.860912e+02 -6.682939e+01
         vertex -1.767986e+00 -1.860912e+02 6.864243e+01
      endloop
   endfacet
   facet normal 0.000000e+00 -1.000000e+00 0.000000e+00
      outer loop
         vertex -1.577155e+01 -1.860912e+02 -6.682939e+01
         vertex -8.816499e+00 -1.860912e+02 -6.809683e+01
         vertex -1.767986e+00 -1.860912e+02 6.864243e+01
      endloop
   endfacet
   facet normal 0.000000e+00 -1.000000e+00 0.000000e+00
      outer loop
         vertex -1.767986e+00 -1.860912e+02 6.864243e+01
         vertex -8.816499e+00 -1.860912e+02 -6.809683e+01
         vertex 5.299268e+00 -1.860912e+02 6.846040e+01
      endloop
   endfacet
   facet normal 0.000000e+00 -1.000000e+00 0.000000e+00
      outer loop
         vertex -8.816499e+00 -1.860912e+02 -6.809683e+01
         vertex -1.767986e+00 -1.860912e+02 -6.864243e+01
         vertex 5.299268e+00 -1.860912e+02 6.846040e+01
      endloop
   endfacet
   facet normal 0.000000e+00 -1.000000e+00 0.000000e+00
      outer loop
         vertex 5.299268e+00 -1.860912e+02 6.846040e+01
         vertex -1.767986e+00 -1.860912e+02 -6.864243e+01
         vertex 1.231035e+01 -1.860912e+02 6.755268e+01
      endloop
   endfacet
   facet normal -0.000000e+00 -1.000000e+00 0.000000e+00
      outer loop
         vertex -1.767986e+00 -1.860912e+02 -6.864243e+01
         vertex 5.299268e+00 -1.860912e+02 -6.846040e+01
         vertex 1.231035e+01 -1.860912e+02 6.755268e+01
      endloop
   endfacet
   facet normal 0.000000e+00 -1.000000e+00 0.000000e+00
      outer loop
         vertex 1.231035e+01 -1.860912e+02 6.755268e+01
         vertex 5.299268e+00 -1.860912e+02 -6.846040e+01
         vertex 1.919094e+01 -1.860912e+02 6.592888e+01
      endloop
   endfacet
   facet normal -0.000000e+00 -1.000000e+00 0.000000e+00
      outer loop
         vertex 5.299268e+00 -1.860912e+02 -6.846040e+01
         vertex 1.231035e+01 -1.860912e+02 -6.755268e+01
         vertex 1.919094e+01 -1.860912e+02 6.592888e+01
      endloop
   endfacet
   facet normal 0.000000e+00 -1.000000e+00 0.000000e+00
      outer loop
         vertex 1.919094e+01 -1.860912e+02 6.592888e+01
         vertex 1.231035e+01 -1.860912e+02 -6.755268e+01
         vertex 2.586810e+01 -1.860912e+02 6.360622e+01
      endloop
   endfacet
   facet normal -0.000000e+00 -1.000000e+00 0.000000e+00
      outer loop
         vertex 1.231035e+01 -1.860912e+02 -6.755268e+01
         vertex 1.919094e+01 -1.860912e+02 -6.592888e+01
         vertex 2.586810e+01 -1.860912e+02 6.360622e+01
      endloop
   endfacet
   facet normal 0.000000e+00 -1.000000e+00 0.000000e+00
      outer loop
         vertex 2.586810e+01 -1.860912e+02 6.360622e+01
         vertex 1.919094e+01 -1.860912e+02 -6.592888e+01
         vertex 3.227105e+01 -1.860912e+02 6.060931e+01
      endloop
   endfacet
   facet normal -0.000000e+00 -1.000000e+00 0.000000e+00
      outer loop
         vertex 1.919094e+01 -1.860912e+02 -6.592888e+01
         vertex 2.586810e+01 -1.860912e+02 -6.360622e+01
         vertex 3.227105e+01 -1.860912e+02 6.060931e+01
      endloop
   endfacet
   facet normal 0.000000e+00 -1.000000e+00 0.000000e+00
      outer loop
         vertex 3.227105e+01 -1.860912e+02 6.060931e+01
         vertex 2.586810e+01 -1.860912e+02 -6.360622e+01
         vertex 3.833192e+01 -1.860912e+02 5.696994e+01
      endloop
   endfacet
   facet normal -0.000000e+00 -1.000000e+00 0.000000e+00
      outer loop
         vertex 2.586810e+01 -1.860912e+02 -6.360622e+01
         vertex 3.227105e+01 -1.860912e+02 -6.060931e+01
         vertex 3.833192e+01 -1.860912e+02 5.696994e+01
      endloop
   endfacet
   facet normal 0.000000e+00 -1.000000e+00 0.000000e+00
      outer loop
         vertex 3.833192e+01 -1.860912e+02 5.696994e+01
         vertex 3.227105e+01 -1.860912e+02 -6.060931e+01
         vertex 4.398646e+01 -1.860912e+02 5.272667e+01
      endloop
   endfacet
   facet normal -0.000000e+00 -1.000000e+00 0.000000e+00
      outer loop
         vertex 3.227105e+01 -1.860912e+02 -6.060931e+01
         vertex 3.833192e+01 -1.860912e+02 -5.696994e+01
         vertex 4.398646e+01 -1.860912e+02 5.272667e+01
      endloop
   endfacet
   facet normal 0.000000e+00 -1.000000e+00 0.000000e+00
      outer loop
         vertex 4.398646e+01 -1.860912e+02 5.272667e+01
         vertex 3.833192e+01 -1.860912e+02 -5.696994e+01
         vertex 4.917473e+01 -1.860912e+02 4.792447e+01
      endloop
   endfacet
   facet normal -0.000000e+00 -1.000000e+00 0.000000e+00
      outer loop
         vertex 3.833192e+01 -1.860912e+02 -5.696994e+01
         vertex 4.398646e+01 -1.860912e+02 -5.272667e+01
         vertex 4.917473e+01 -1.860912e+02 4.792447e+01
      endloop
   endfacet
   facet normal 0.000000e+00 -1.000000e+00 0.000000e+00
      outer loop
         vertex 4.917473e+01 -1.860912e+02 4.792447e+01
         vertex 4.398646e+01 -1.860912e+02 -5.272667e+01
         vertex 5.384174e+01 -1.860912e+02 4.261427e+01
      endloop
   endfacet
   facet normal -0.000000e+00 -1.000000e+00 0.000000e+00
      outer loop
         vertex 4.398646e+01 -1.860912e+02 -5.272667e+01
         vertex 4.917473e+01 -1.860912e+02 -4.792447e+01
         vertex 5.384174e+01 -1.860912e+02 4.261427e+01
      endloop
   endfacet
   facet normal 0.000000e+00 -1.000000e+00 0.000000e+00
      outer loop
         vertex 5.384174e+01 -1.860912e+02 4.261427e+01
         vertex 4.917473e+01 -1.860912e+02 -4.792447e+01
         vertex 5.793801e+01 -1.860912e+02 3.685235e+01
      endloop
   endfacet
   facet normal -0.000000e+00 -1.000000e+00 0.000000e+00
      outer loop
         vertex 4.917473e+01 -1.860912e+02 -4.792447e+01
         vertex 5.384174e+01 -1.860912e+02 -4.261427e+01
         vertex 5.793801e+01 -1.860912e+02 3.685235e+01
      endloop
   endfacet
   facet normal 0.000000e+00 -1.000000e+00 0.000000e+00
      outer loop
         vertex 5.793801e+01 -1.860912e+02 3.685235e+01
         vertex 5.384174e+01 -1.860912e+02 -4.261427e+01
         vertex 6.142013e+01 -1.860912e+02 3.069978e+01
      endloop
   endfacet
   facet normal -0.000000e+00 -1.000000e+00 0.000000e+00
      outer loop
         vertex 5.384174e+01 -1.860912e+02 -4.261427e+01
         vertex 5.793801e+01 -1.860912e+02 -3.685235e+01
         vertex 6.142013e+01 -1.860912e+02 3.069978e+01
      endloop
   endfacet
   facet normal 0.000000e+00 -1.000000e+00 0.000000e+00
      outer loop
         vertex 6.142013e+01 -1.860912e+02 3.069978e+01
         vertex 5.793801e+01 -1.860912e+02 -3.685235e+01
         vertex 6.425118e+01 -1.860912e+02 2.422179e+01
      endloop
   endfacet
   facet normal -0.000000e+00 -1.000000e+00 0.000000e+00
      outer loop
         vertex 5.793801e+01 -1.860912e+02 -3.685235e+01
         vertex 6.142013e+01 -1.860912e+02 -3.069978e+01
         vertex 6.425118e+01 -1.860912e+02 2.422179e+01
      endloop
   endfacet
   facet normal 0.000000e+00 -1.000000e+00 0.000000e+00
      outer loop
         vertex 6.425118e+01 -1.860912e+02 2.422179e+01
         vertex 6.142013e+01 -1.860912e+02 -3.069978e+01
         vertex 6.640115e+01 -1.860912e+02 1.748704e+01
      endloop
   endfacet
   facet normal -0.000000e+00 -1.000000e+00 0.000000e+00
      outer loop
         vertex 6.142013e+01 -1.860912e+02 -3.069978e+01
         vertex 6.425118e+01 -1.860912e+02 -2.422179e+01
         vertex 6.640115e+01 -1.860912e+02 1.748704e+01
      endloop
   endfacet
   facet normal 0.000000e+00 -1.000000e+00 0.000000e+00
      outer loop
         vertex 6.640115e+01 -1.860912e+02 1.748704e+01
         vertex 6.425118e+01 -1.860912e+02 -2.422179e+01
         vertex 6.784725e+01 -1.860912e+02 1.056693e+01
      endloop
   endfacet
   facet normal -0.000000e+00 -1.000000e+00 0.000000e+00
      outer loop
         vertex 6.425118e+01 -1.860912e+02 -2.422179e+01
         vertex 6.640115e+01 -1.860912e+02 -1.748704e+01
         vertex 6.784725e+01 -1.860912e+02 1.056693e+01
      endloop
   endfacet
   facet normal 0.000000e+00 -1.000000e+00 0.000000e+00
      outer loop
         vertex 6.784725e+01 -1.860912e+02 1.056693e+01
         vertex 6.640115e+01 -1.860912e+02 -1.748704e+01
         vertex 6.857416e+01 -1.860912e+02 3.534799e+00
      endloop
   endfacet
   facet normal -0.000000e+00 -1.000000e+00 0.000000e+00
      outer loop
         vertex 6.640115e+01 -1.860912e+02 -1.748704e+01
         vertex 6.784725e+01 -1.860912e+02 -1.056693e+01
         vertex 6.857416e+01 -1.860912e+02 3.534799e+00
      endloop
   endfacet
   facet normal 0.000000e+00 -1.000000e+00 0.000000e+00
      outer loop
         vertex 6.857416e+01 -1.860912e+02 3.534799e+00
         vertex 6.784725e+01 -1.860912e+02 -1.056693e+01
         vertex 6.857416e+01 -1.860912e+02 -3.534799e+00
      endloop
   endfacet
endsolid
